event_definition,coding_system,code,code_name,concept,concept_name,tags,origin,system,event_abbreviation,type
Pregnancy Bleeding,ICD9CMP,641.20,Premature separation of placenta- unspecified as to episode of care or not applicable,C0000000,Unassociated custom codes,narrow,,P,BLEEDING,PrA
Pregnancy Bleeding,ICD9CMP,641.23,Premature separation of placenta- antepartum condition or complication,C0000000,Unassociated custom codes,narrow,,P,BLEEDING,PrA
Pregnancy Bleeding,ICD9CMP,641.80,Other antepartum hemorrhage- unspecified as to episode of care or not applicable,C0000000,Unassociated custom codes,narrow,,P,BLEEDING,PrA
Pregnancy Bleeding,ICD9CMP,640.90,Unspecified hemorrhage in early pregnancy- unspecified as to episode of care or not applicable,C0000000,Unassociated custom codes,narrow,,P,BLEEDING,PrA
Pregnancy Bleeding,ICD9CMP,640.93,Unspecified hemorrhage in early pregnancy- antepartum condition or complication,C0000000,Unassociated custom codes,narrow,,P,BLEEDING,PrA
Pregnancy Bleeding,ICD9CMP,641.83,Other antepartum hemorrhage- antepartum condition or complication,C0000000,Unassociated custom codes,narrow,,P,BLEEDING,PrA
Pregnancy Bleeding,ICD9CMP,656.03,Fetal-maternal hemorrhage- antepartum condition or complication,C0000000,Unassociated custom codes,narrow,,P,BLEEDING,PrA
Pregnancy Bleeding,ICD9CMP,656,Fetal-maternal hemorrhage affecting management of mother,C0000000,Unassociated custom codes,narrow,,P,BLEEDING,PrA
Pregnancy Bleeding,ICD9CMP,656.00,"Fetal-maternal hemorrhage, unspecified as to episode of care or not applicable",C0000000,Unassociated custom codes,narrow,,P,BLEEDING,PrA
Pregnancy Bleeding,ICD9CMP,641.30,Antepartum hemorrhage associated with coagulation defects- unspecified as to episode of care or not applicable,C0000000,Unassociated custom codes,narrow,,P,BLEEDING,PrA
Pregnancy Bleeding,ICD9CMP,641.33,Antepartum hemorrhage associated with coagulation defects- antepartum condition or complication,C0000000,Unassociated custom codes,narrow,,P,BLEEDING,PrA
Pregnancy Bleeding,ICD9CMP,641.10,Hemorrhage from placenta previa- unspecified as to episode of care or not applicable,C0000000,Unassociated custom codes,narrow,,P,BLEEDING,PrA
Pregnancy Bleeding,ICD9CMP,641.13,Hemorrhage from placenta previa- antepartum condition or complication,C0000000,Unassociated custom codes,narrow,,P,BLEEDING,PrA
Pregnancy Bleeding,ICD9CMP,641.2,Premature separation of placenta,C0000000,Unassociated custom codes,narrow,,P,BLEEDING,PrA
Pregnancy Bleeding,ICD9CMP,640.03,Threatened abortion- antepartum condition or complication,C0000000,Unassociated custom codes,narrow,,P,BLEEDING,PrA
Pregnancy Bleeding,ICD9CMP,641.1,Hemorrhage from placenta previa,C0000000,Unassociated custom codes,narrow,,P,BLEEDING,PrA
Pregnancy Bleeding,ICD9CMP,641.3,Antepartum hemorrhage associated with coagulation defects,C0000000,Unassociated custom codes,narrow,,P,BLEEDING,PrA
Pregnancy Bleeding,ICD9CMP,641.90,Unspecified antepartum hemorrhage- unspecified as to episode of care or not applicable,C0000000,Unassociated custom codes,narrow,,P,BLEEDING,PrA
Pregnancy Bleeding,ICD9CMP,641.93,Unspecified antepartum hemorrhage- antepartum condition or complication,C0000000,Unassociated custom codes,narrow,,P,BLEEDING,PrA
Pregnancy Bleeding,ICD9CMP,640.9,Unspecified hemorrhage in early pregnancy,C0000000,Unassociated custom codes,narrow,,P,BLEEDING,PrA
Pregnancy Bleeding,ICD9CMP,641.8,Other antepartum hemorrhage,C0000000,Unassociated custom codes,narrow,,P,BLEEDING,PrA
Pregnancy Bleeding,ICD9CMP,640.8,Other specified hemorrhage in early pregnancy,C0000000,Unassociated custom codes,narrow,,P,BLEEDING,PrA
Pregnancy Bleeding,ICD9CMP,640.83,Other specified hemorrhage in early pregnancy- antepartum condition or complication,C0000000,Unassociated custom codes,narrow,,P,BLEEDING,PrA
Pregnancy Bleeding,ICD9CMP,641.9,Unspecified antepartum hemorrhage,C0000000,Unassociated custom codes,narrow,,P,BLEEDING,PrA
Pregnancy Bleeding,ICD9CMP,640,Hemorrhage in early pregnancy,C0000000,Unassociated custom codes,narrow,,P,BLEEDING,PrA
Pregnancy Bleeding,ICD9CMP,641,Antepartum hemorrhage- abruptio placentae- and placenta previa,C0000000,Unassociated custom codes,narrow,,P,BLEEDING,PrA
Pregnancy Bleeding,ICD9CMP,640.00,Threatened abortion- unspecified as to episode of care or not applicable,C0000821,Threatened abortion,narrow,,P,BLEEDING,PrA
Pregnancy Bleeding,ICD9CMP,640.0,Threatened abortion,C0000821,Threatened abortion,narrow,,P,BLEEDING,PrA
Pregnancy Bleeding,ICD9CMP,640.80,Other specified hemorrhage in early pregnancy- unspecified as to episode of care or not applicable,C0000821,Threatened abortion,narrow,,P,BLEEDING,PrA
Pregnancy Bleeding,ICD10CM,O46.02,Antepartum hemorrhage w disseminated intravasc coagulation,C2909116,Antepartum hemorrhage with disseminated intravascular coagulation,narrow,,P,BLEEDING,PrA
Pregnancy Bleeding,ICD10CM,O46.09,Antepartum hemorrhage with other coagulation defect,C2909121,Antepartum hemorrhage with other coagulation defect,narrow,,P,BLEEDING,PrA
Pregnancy Bleeding,ICD10CM,O45.91,"Premature separation of placenta, unspecified, first trimester",C2909105,"Premature separation of placenta, unspecified, first trimester",narrow,,P,BLEEDING,PrA
Pregnancy Bleeding,ICD10CM,O45.93,"Premature separation of placenta, unspecified, third trimester",C2909107,"Premature separation of placenta, unspecified, third trimester",narrow,,P,BLEEDING,PrA
Pregnancy Bleeding,ICD10CM,O45.92,"Premature separation of placenta, unspecified, second trimester",C2909106,"Premature separation of placenta, unspecified, second trimester",narrow,,P,BLEEDING,PrA
Pregnancy Bleeding,ICD10CM,O46.01,Antepartum hemorrhage with afibrinogenemia,C0473370,Antepartum hemorrhage with hypofibrinogenemia,narrow,,P,BLEEDING,PrA
Pregnancy Bleeding,ICD10CM,O45,Premature separation of placenta [abruptio placentae],C0000832,Abruptio Placentae,narrow,,P,BLEEDING,PrA
Pregnancy Bleeding,ICD10CM,O45.90,"Premature separation of placenta, unspecified, unspecified trimester",C0000832,Abruptio Placentae,narrow,,P,BLEEDING,PrA
Pregnancy Bleeding,ICD10CM,O45.9,Abruptio placentae NOS,C0000832,Abruptio Placentae,narrow,,P,BLEEDING,PrA
Pregnancy Bleeding,ICD10CM,O45.8X,Other premature separation of placenta,C0477836,Other premature separation of placenta,narrow,,P,BLEEDING,PrA
Pregnancy Bleeding,ICD10CM,O45.8,Other premature separation of placenta,C0477836,Other premature separation of placenta,narrow,,P,BLEEDING,PrA
Pregnancy Bleeding,ICD10CM,O46.8X,Other antepartum hemorrhage,C0156635,Other antepartum hemorrhage,narrow,,P,BLEEDING,PrA
Pregnancy Bleeding,ICD10CM,O46.8,Other antepartum hemorrhage,C0156635,Other antepartum hemorrhage,narrow,,P,BLEEDING,PrA
Pregnancy Bleeding,ICD10CM,O46.8X9,"Other antepartum hemorrhage, unspecified trimester",C0156635,Other antepartum hemorrhage,narrow,,P,BLEEDING,PrA
Pregnancy Bleeding,ICD10CM,O44.10,"Complete placenta previa with hemorrhage, unspecified trimester",C4269026,"Complete placenta previa with hemorrhage, unspecified trimester",narrow,,P,BLEEDING,PrA
Pregnancy Bleeding,ICD10CM,O20.0,Threatened abortion,C0000821,Threatened abortion,narrow,,P,BLEEDING,PrA
Pregnancy Bleeding,ICD10CM,O44.11,"Complete placenta previa with hemorrhage, first trimester",C4269027,"Complete placenta previa with hemorrhage, first trimester",narrow,,P,BLEEDING,PrA
Pregnancy Bleeding,ICD10CM,P52.0,"Intraventricular (nontraumatic) hemorrhage, grade 1, of newborn",C0949187,Bleeding into germinal matrix,exclude,,P,BLEEDING,PrA
Pregnancy Bleeding,ICD10CM,O44.12,"Complete placenta previa with hemorrhage, second trimester",C4269028,"Complete placenta previa with hemorrhage, second trimester",narrow,,P,BLEEDING,PrA
Pregnancy Bleeding,ICD10CM,O44.13,"Complete placenta previa with hemorrhage, third trimester",C4269029,"Complete placenta previa with hemorrhage, third trimester",narrow,,P,BLEEDING,PrA
Pregnancy Bleeding,ICD10CM,O44.0,Complete placenta previa NOS or without hemorrhage,C4269020,Complete placenta previa NOS or without hemorrhage,exclude,,P,BLEEDING,PrA
Pregnancy Bleeding,ICD10CM,O44.00,"Complete placenta previa NOS or without hemorrhage, unspecified trimester",C4269021,"Complete placenta previa NOS or without hemorrhage, unspecified trimester",exclude,,P,BLEEDING,PrA
Pregnancy Bleeding,ICD10CM,O46.0,Antepartum hemorrhage with coagulation defect,C0156631,Antepartum hemorrhage associated with coagulation defect,narrow,,P,BLEEDING,PrA
Pregnancy Bleeding,ICD10CM,O46.00,"Antepartum hemorrhage with coagulation defect, unspecified",C0156631,Antepartum hemorrhage associated with coagulation defect,narrow,,P,BLEEDING,PrA
Pregnancy Bleeding,ICD10CM,O44.01,"Complete placenta previa NOS or without hemorrhage, first trimester",C4269022,"Complete placenta previa NOS or without hemorrhage, first trimester",exclude,,P,BLEEDING,PrA
Pregnancy Bleeding,ICD10CM,O44.02,"Complete placenta previa NOS or without hemorrhage, second trimester",C4269023,"Complete placenta previa NOS or without hemorrhage, second trimester",exclude,,P,BLEEDING,PrA
Pregnancy Bleeding,ICD10CM,O44.03,"Complete placenta previa NOS or without hemorrhage, third trimester",C4269024,"Complete placenta previa NOS or without hemorrhage, third trimester",exclude,,P,BLEEDING,PrA
Pregnancy Bleeding,ICD10CM,O44.1,Complete placenta previa with hemorrhage,C4269025,Complete placenta previa with hemorrhage,narrow,,P,BLEEDING,PrA
Pregnancy Bleeding,ICD10CM,O44.30,"Partial placenta previa with hemorrhage, unspecified trimester",C4269038,"Partial placenta previa with hemorrhage, unspecified trimester",narrow,,P,BLEEDING,PrA
Pregnancy Bleeding,ICD10CM,O44.31,"Partial placenta previa with hemorrhage, first trimester",C4269039,"Partial placenta previa with hemorrhage, first trimester",narrow,,P,BLEEDING,PrA
Pregnancy Bleeding,ICD10CM,O44.2,Partial placenta previa without hemorrhage,C4269030,Partial placenta previa without hemorrhage,exclude,,P,BLEEDING,PrA
Pregnancy Bleeding,ICD10CM,O44.21,"Partial placenta previa NOS or without hemorrhage, first trimester",C4269033,"Partial placenta previa NOS or without hemorrhage, first trimester",exclude,,P,BLEEDING,PrA
Pregnancy Bleeding,ICD10CM,O44.22,"Partial placenta previa NOS or without hemorrhage, second trimester",C4269034,"Partial placenta previa NOS or without hemorrhage, second trimester",exclude,,P,BLEEDING,PrA
Pregnancy Bleeding,ICD10CM,O44.23,"Partial placenta previa NOS or without hemorrhage, third trimester",C4269035,"Partial placenta previa NOS or without hemorrhage, third trimester",exclude,,P,BLEEDING,PrA
Pregnancy Bleeding,ICD10CM,O72.1,Other immediate postpartum hemorrhage,C0220887,"Other immediate postpartum hemorrhage, postpartum",narrow,,P,BLEEDING,PrA
Pregnancy Bleeding,ICD10CM,O44.3,Partial placenta previa with hemorrhage,C4269036,Partial placenta previa with hemorrhage,narrow,,P,BLEEDING,PrA
Pregnancy Bleeding,ICD10CM,O45.0,Premature separation of placenta with coagulation defect,C0451794,Premature separation of placenta with coagulation defect,narrow,,P,BLEEDING,PrA
Pregnancy Bleeding,ICD10CM,O45.00,"Premature separation of placenta w coagulation defect, unsp",C0451794,Premature separation of placenta with coagulation defect,narrow,,P,BLEEDING,PrA
Pregnancy Bleeding,ICD10CM,O20.8,Other hemorrhage in early pregnancy,C0477813,Other hemorrhage in early pregnancy,narrow,,P,BLEEDING,PrA
Pregnancy Bleeding,ICD10CM,O44.50,"Low lying placenta with hemorrhage, unspecified trimester",C4269048,"Low lying placenta with hemorrhage, unspecified trimester",narrow,,P,BLEEDING,PrA
Pregnancy Bleeding,ICD10CM,O44.51,"Low lying placenta with hemorrhage, first trimester",C4269049,"Low lying placenta with hemorrhage, first trimester",narrow,,P,BLEEDING,PrA
Pregnancy Bleeding,ICD10CM,O44.32,"Partial placenta previa with hemorrhage, second trimester",C4269040,"Partial placenta previa with hemorrhage, second trimester",narrow,,P,BLEEDING,PrA
Pregnancy Bleeding,ICD10CM,O44.33,"Partial placenta previa with hemorrhage, third trimester",C4269041,"Partial placenta previa with hemorrhage, third trimester",narrow,,P,BLEEDING,PrA
Pregnancy Bleeding,ICD10CM,O44.4,Low implantation of placenta NOS or without hemorrhage,C4269042,Low lying placenta NOS or without hemorrhage,exclude,,P,BLEEDING,PrA
Pregnancy Bleeding,ICD10CM,O44.40,"Low lying placenta NOS or without hemorrhage, unspecified trimester",C4269043,"Low lying placenta NOS or without hemorrhage, unspecified trimester",exclude,,P,BLEEDING,PrA
Pregnancy Bleeding,ICD10CM,O44.41,"Low lying placenta NOS or without hemorrhage, first trimester",C4269044,"Low lying placenta NOS or without hemorrhage, first trimester",exclude,,P,BLEEDING,PrA
Pregnancy Bleeding,ICD10CM,O44.42,"Low lying placenta NOS or without hemorrhage, second trimester",C4269045,"Low lying placenta NOS or without hemorrhage, second trimester",exclude,,P,BLEEDING,PrA
Pregnancy Bleeding,ICD10CM,O44.43,"Low lying placenta NOS or without hemorrhage, third trimester",C4269046,"Low lying placenta NOS or without hemorrhage, third trimester",exclude,,P,BLEEDING,PrA
Pregnancy Bleeding,ICD10CM,O44.5,Low implantation of placenta with hemorrhage,C4269047,Low lying placenta with hemorrhage,narrow,,P,BLEEDING,PrA
Pregnancy Bleeding,ICD10CM,O44,Placenta previa,C0032046,Placenta Previa,possible,,P,BLEEDING,PrA
Pregnancy Bleeding,ICD10CM,O46.9,"Antepartum hemorrhage, unspecified",C0269608,Antepartum hemorrhage,narrow,,P,BLEEDING,PrA
Pregnancy Bleeding,ICD10CM,O20.9,"Hemorrhage in early pregnancy, unspecified",C0156604,Hemorrhage in early pregnancy,narrow,,P,BLEEDING,PrA
Pregnancy Bleeding,ICD10CM,O20,Hemorrhage in early pregnancy,C0156604,Hemorrhage in early pregnancy,narrow,,P,BLEEDING,PrA
Pregnancy Bleeding,ICD10CM,O44.53,"Low lying placenta with hemorrhage, third trimester",C4269051,"Low lying placenta with hemorrhage, third trimester",narrow,,P,BLEEDING,PrA
Pregnancy Bleeding,ICD10CM,O44.52,"Low lying placenta with hemorrhage, second trimester",C4269050,"Low lying placenta with hemorrhage, second trimester",narrow,,P,BLEEDING,PrA
Pregnancy Bleeding,ICD10CM,O46.90,"Antepartum hemorrhage, unspecified, unspecified trimester",C2909129,"Antepartum hemorrhage, unspecified, unspecified trimester",narrow,,P,BLEEDING,PrA
Pregnancy Bleeding,ICD10CM,O45.02,Premature separation of placenta w dissem intravasc coag,C2909094,"Premature separation of placenta with disseminated intravascular coagulation, unspecified trimester",narrow,,P,BLEEDING,PrA
Pregnancy Bleeding,ICD10CM,O46.91,"Antepartum hemorrhage, unspecified, first trimester",C2909130,"Antepartum hemorrhage, unspecified, first trimester",narrow,,P,BLEEDING,PrA
Pregnancy Bleeding,ICD10CM,O46.93,"Antepartum hemorrhage, unspecified, third trimester",C2909132,"Antepartum hemorrhage, unspecified, third trimester",narrow,,P,BLEEDING,PrA
Pregnancy Bleeding,ICD10CM,O45.09,Premature separation of placenta with oth coagulation defect,C2909098,"Premature separation of placenta with other coagulation defect, unspecified trimester",narrow,,P,BLEEDING,PrA
Pregnancy Bleeding,ICD10CM,O46.92,"Antepartum hemorrhage, unspecified, second trimester",C2909131,"Antepartum hemorrhage, unspecified, second trimester",narrow,,P,BLEEDING,PrA
Pregnancy Bleeding,ICD10CM,O45.01,Premature separation of placenta with afibrinogenemia,C2909090,"Premature separation of placenta with afibrinogenemia, unspecified trimester",narrow,,P,BLEEDING,PrA
Pregnancy Bleeding,ICPC2EENG,W03,Antepartum bleeding,C0269608,Antepartum hemorrhage,narrow,,P,BLEEDING,PrA
Pregnancy Bleeding,MEDCODEID,670011000006110,Fetus affected by APH - antepartum haemorrhage,C1531966,Fetal disorder due to maternal antepartum hemorrhage,narrow,,P,BLEEDING,PrA
Pregnancy Bleeding,MEDCODEID,305681019,Placental abruption - not delivered,C0405061,Placental abruption - not delivered,narrow,,P,BLEEDING,PrA
Pregnancy Bleeding,MEDCODEID,671711000006116,Fetus/neonate affected by antepartum haemorrhage unspecified,C0270025,"Fetus or newborn affected by complications of placenta, cord, and membranes",exclude,,P,BLEEDING,PrA
Pregnancy Bleeding,MEDCODEID,386941000006112,Fetal or neonatal effect of placental separation and/or haemorrhage,C0270026,Fetus or newborn affected by placental separation and hemorrhage,exclude,,P,BLEEDING,PrA
Pregnancy Bleeding,MEDCODEID,485971000006118,"Antepartum haemorrhage, abruptio placentae and placenta praevia",C0156616,"Antepartum hemorrhage, abruptio placentae and placenta previa",narrow,,P,BLEEDING,PrA
Pregnancy Bleeding,MEDCODEID,305680018,Placental abruption - delivered,C0405062,Placental abruption - delivered,exclude,,P,BLEEDING,PrA
Pregnancy Bleeding,MEDCODEID,451457015,Haemorrhoids in pregnancy,C0495187,Hemorrhoids in pregnancy,narrow,,P,BLEEDING,PrA
Pregnancy Bleeding,MEDCODEID,355605016,Antepartum haemorrhage with hypofibrinogenaemia,C0473370,Antepartum hemorrhage with hypofibrinogenemia,narrow,,P,BLEEDING,PrA
Pregnancy Bleeding,MEDCODEID,355606015,Antepartum haemorrhage with hyperfibrinolysis,C0473371,Antepartum hemorrhage with hyperfibrinolysis,narrow,,P,BLEEDING,PrA
Pregnancy Bleeding,MEDCODEID,355609010,Antepartum haemorrhage with afibrinogenaemia,C0473372,Antepartum hemorrhage with afibrinogenemia,narrow,,P,BLEEDING,PrA
Pregnancy Bleeding,MEDCODEID,316574019,Fetal or newborn haemorrhage NOS,C0473800,Fetal &/or neonatal hemorrhage,exclude,,P,BLEEDING,PrA
Pregnancy Bleeding,MEDCODEID,316558012,Other fetal and newborn haemorrhage,C0473800,Fetal &/or neonatal hemorrhage,exclude,,P,BLEEDING,PrA
Pregnancy Bleeding,MEDCODEID,316573013,Other specified fetal or newborn haemorrhage,C0473800,Fetal &/or neonatal hemorrhage,exclude,,P,BLEEDING,PrA
Pregnancy Bleeding,MEDCODEID,894321000006112,Fetal/neonatal haemorrhage,C0473800,Fetal &/or neonatal hemorrhage,exclude,,P,BLEEDING,PrA
Pregnancy Bleeding,MEDCODEID,316933011,[X]Other specified fetal and neonatal haemorrhages,C0473800,Fetal &/or neonatal hemorrhage,exclude,,P,BLEEDING,PrA
Pregnancy Bleeding,MEDCODEID,669241000006119,Fetal and neonatal haemorrhage,C0473800,Fetal &/or neonatal hemorrhage,exclude,,P,BLEEDING,PrA
Pregnancy Bleeding,MEDCODEID,305707014,Antepartum haemorrhage with trauma - delivered,C0473366,Antepartum hemorrhage with trauma - delivered,exclude,,P,BLEEDING,PrA
Pregnancy Bleeding,MEDCODEID,485801000006118,Antepartum haemorrhage with coagulation defect - not delivered,C0473367,Antepartum hemorrhage with coagulation defect - not delivered,narrow,,P,BLEEDING,PrA
Pregnancy Bleeding,MEDCODEID,305697012,Antepartum haemorrhage with coagulation defect - delivered,C0473368,Antepartum hemorrhage with coagulation defect - delivered,exclude,,P,BLEEDING,PrA
Pregnancy Bleeding,MEDCODEID,306645010,Fetal-maternal haemorrhage with antenatal problem,C0473401,Fetal-maternal hemorrhage with antenatal problem,narrow,,P,BLEEDING,PrA
Pregnancy Bleeding,MEDCODEID,306644014,Fetal-maternal haemorrhage - delivered,C0473402,Fetal-maternal hemorrhage - delivered,exclude,,P,BLEEDING,PrA
Pregnancy Bleeding,MEDCODEID,670801000006119,Fetal or neonatal effect of abruptio placentae,C1305360,Fetus or neonate affected by abruptio placentae,exclude,,P,BLEEDING,PrA
Pregnancy Bleeding,MEDCODEID,402183013,Fetus or neonate affected by abruptio placentae,C1305360,Fetus or neonate affected by abruptio placentae,exclude,,P,BLEEDING,PrA
Pregnancy Bleeding,MEDCODEID,402182015,Fetus affected by placental abruption,C1305360,Fetus or neonate affected by abruptio placentae,narrow,,P,BLEEDING,PrA
Pregnancy Bleeding,MEDCODEID,2533807017,Placental abruption,C0000832,Abruptio Placentae,narrow,,P,BLEEDING,PrA
Pregnancy Bleeding,MEDCODEID,308127017,[X]Other premature separation of placenta,C0000832,Abruptio Placentae,narrow,,P,BLEEDING,PrA
Pregnancy Bleeding,MEDCODEID,305679016,Placental abruption unspecified,C0000832,Abruptio Placentae,narrow,,P,BLEEDING,PrA
Pregnancy Bleeding,MEDCODEID,6870201000006114,Abruptio placentae,C0000832,Abruptio Placentae,narrow,,P,BLEEDING,PrA
Pregnancy Bleeding,MEDCODEID,305683016,Placental abruption NOS,C0000832,Abruptio Placentae,narrow,,P,BLEEDING,PrA
Pregnancy Bleeding,MEDCODEID,2537192015,Ablatio placentae,C0000832,Abruptio Placentae,narrow,,P,BLEEDING,PrA
Pregnancy Bleeding,MEDCODEID,669491000006110,Fetal haemorrhage into co-twin,C2939190,Fetal hemorrhage into co-twin,exclude,,P,BLEEDING,PrA
Pregnancy Bleeding,MEDCODEID,13698821000006111,First trimester bleeding,C1880779,First trimester bleeding,narrow,,P,BLEEDING,PrA
Pregnancy Bleeding,MEDCODEID,14218771000006119,First trimester bleeding,C1880779,First trimester bleeding,narrow,,P,BLEEDING,PrA
Pregnancy Bleeding,MEDCODEID,612321000006113,Delayed/excessive haemorrhage following abortive pregnancy,C3662163,Induced termination of pregnancy complicated by delayed and/or excessive hemorrhage,narrow,,P,BLEEDING,PrA
Pregnancy Bleeding,MEDCODEID,305722016,Antepartum haemorrhage with uterine leiomyoma - delivered,C0473362,Antepartum hemorrhage with uterine leiomyoma - delivered,narrow,,P,BLEEDING,PrA
Pregnancy Bleeding,MEDCODEID,305703013,Antepartum haemorrhage with trauma,C0473364,Antepartum hemorrhage with trauma,narrow,,P,BLEEDING,PrA
Pregnancy Bleeding,MEDCODEID,305706017,Antepartum haemorrhage with trauma unspecified,C0473364,Antepartum hemorrhage with trauma,narrow,,P,BLEEDING,PrA
Pregnancy Bleeding,MEDCODEID,305711015,Antepartum haemorrhage with trauma NOS,C0473364,Antepartum hemorrhage with trauma,narrow,,P,BLEEDING,PrA
Pregnancy Bleeding,MEDCODEID,305710019,Antepartum haemorrhage with trauma - not delivered,C0473365,Antepartum hemorrhage with trauma - not delivered,narrow,,P,BLEEDING,PrA
Pregnancy Bleeding,MEDCODEID,305718014,Antepartum haemorrhage with uterine fibroid,C0473360,Antepartum hemorrhage with uterine leiomyoma,narrow,,P,BLEEDING,PrA
Pregnancy Bleeding,MEDCODEID,305716013,Antepartum haemorrhage with uterine leiomyoma,C0473360,Antepartum hemorrhage with uterine leiomyoma,narrow,,P,BLEEDING,PrA
Pregnancy Bleeding,MEDCODEID,305717016,Antepartum haemorrhage with fibroid,C0473360,Antepartum hemorrhage with uterine leiomyoma,narrow,,P,BLEEDING,PrA
Pregnancy Bleeding,MEDCODEID,305719018,Antepartum haemorrhage with uterine leiomyoma unspecified,C0473360,Antepartum hemorrhage with uterine leiomyoma,narrow,,P,BLEEDING,PrA
Pregnancy Bleeding,MEDCODEID,305726018,Antepartum haemorrhage with uterine leiomyoma NOS,C0473360,Antepartum hemorrhage with uterine leiomyoma,narrow,,P,BLEEDING,PrA
Pregnancy Bleeding,MEDCODEID,485941000006114,Antepartum haemorrhage with uterine leiomyoma - not delivered,C0473361,Antepartum hemorrhage with uterine leiomyoma - not delivered,narrow,,P,BLEEDING,PrA
Pregnancy Bleeding,MEDCODEID,814521000006118,Haemorrhoids in pregnancy and the puerperium with postnatal complication,C0342029,Hemorrhoids in pregnancy and the puerperium with postnatal complication,exclude,,P,BLEEDING,PrA
Pregnancy Bleeding,MEDCODEID,305618018,Threatened abortion - not delivered,C0000821,Threatened abortion,narrow,,P,BLEEDING,PrA
Pregnancy Bleeding,MEDCODEID,305617011,Threatened abortion - delivered,C0000821,Threatened abortion,exclude,,P,BLEEDING,PrA
Pregnancy Bleeding,MEDCODEID,305619014,Threatened abortion NOS,C0000821,Threatened abortion,narrow,,P,BLEEDING,PrA
Pregnancy Bleeding,MEDCODEID,89833018,Threatened abortion,C0000821,Threatened abortion,narrow,,P,BLEEDING,PrA
Pregnancy Bleeding,MEDCODEID,305630012,"Haemorrhage in early pregnancy, antepartum",C0269599,"Hemorrhage in early pregnancy, antepartum",narrow,,P,BLEEDING,PrA
Pregnancy Bleeding,MEDCODEID,5498961000006118,Antepartum haemorrhage associated with coagulation defect,C0156631,Antepartum hemorrhage associated with coagulation defect,narrow,,P,BLEEDING,PrA
Pregnancy Bleeding,MEDCODEID,398341018,Antepartum haemorrhage with coagulation defect,C0156631,Antepartum hemorrhage associated with coagulation defect,narrow,,P,BLEEDING,PrA
Pregnancy Bleeding,MEDCODEID,305702015,Antepartum haemorrhage with coagulation defect NOS,C0156631,Antepartum hemorrhage associated with coagulation defect,narrow,,P,BLEEDING,PrA
Pregnancy Bleeding,MEDCODEID,305696015,Antepartum haemorrhage with coagulation defect unspecified,C0156631,Antepartum hemorrhage associated with coagulation defect,narrow,,P,BLEEDING,PrA
Pregnancy Bleeding,MEDCODEID,4126001000006118,Haemorrhagic complication of pregnancy,C0269596,Hemorrhagic complication of pregnancy,narrow,,P,BLEEDING,PrA
Pregnancy Bleeding,MEDCODEID,1233354016,Fetal blood loss from cut co-twin's cord,C0270184,Fetal blood loss from cut end of co-twin's cord,exclude,,P,BLEEDING,PrA
Pregnancy Bleeding,MEDCODEID,495700011,Fetal blood loss from vasa praevia,C0270186,Fetal blood loss from vasa previa,exclude,,P,BLEEDING,PrA
Pregnancy Bleeding,MEDCODEID,305682014,Premature separation of placenta with coagulation defect,C0451794,Premature separation of placenta with coagulation defect,narrow,,P,BLEEDING,PrA
Pregnancy Bleeding,MEDCODEID,85768019,Fetal blood loss from ruptured cord,C0270185,Fetal blood loss from ruptured cord,exclude,,P,BLEEDING,PrA
Pregnancy Bleeding,MEDCODEID,307760012,Haemorrhoids in pregnancy and the puerperium,C0342033,Hemorrhoids in pregnancy and/or puerperium,exclude,,P,BLEEDING,PrA
Pregnancy Bleeding,MEDCODEID,307764015,Haemorrhoids in pregnancy and the puerperium unspecified,C0342033,Hemorrhoids in pregnancy and/or puerperium,exclude,,P,BLEEDING,PrA
Pregnancy Bleeding,MEDCODEID,307779010,Haemorrhoids in pregnancy and the puerperium NOS,C0342033,Hemorrhoids in pregnancy and/or puerperium,exclude,,P,BLEEDING,PrA
Pregnancy Bleeding,MEDCODEID,3655311000006110,Fetal maternal haemorrhage,C0015959,Fetomaternal Transfusion,narrow,,P,BLEEDING,PrA
Pregnancy Bleeding,MEDCODEID,501763011,Fetal-maternal haemorrhage,C0015959,Fetomaternal Transfusion,narrow,,P,BLEEDING,PrA
Pregnancy Bleeding,MEDCODEID,306648012,Fetal-maternal haemorrhage NOS,C0015959,Fetomaternal Transfusion,narrow,,P,BLEEDING,PrA
Pregnancy Bleeding,MEDCODEID,306641018,Fetal-maternal haemorrhage unspecified,C0015959,Fetomaternal Transfusion,narrow,,P,BLEEDING,PrA
Pregnancy Bleeding,MEDCODEID,501758012,Fetal haemorrhage into mother's circulation,C0015959,Fetomaternal Transfusion,exclude,,P,BLEEDING,PrA
Pregnancy Bleeding,MEDCODEID,505912012,Fetal placental blood loss,C0270187,Fetal blood loss from placenta,narrow,,P,BLEEDING,PrA
Pregnancy Bleeding,MEDCODEID,814511000006114,Haemorrhoids in pregnancy and the puerperium with antenatal complication,C0342030,Hemorrhoids in pregnancy and the puerperium with antenatal complication,exclude,,P,BLEEDING,PrA
Pregnancy Bleeding,MEDCODEID,7846531000006115,Vaginal bleeding complicating early pregnancy,C4518426,Vaginal bleeding complicating early pregnancy,narrow,,P,BLEEDING,PrA
Pregnancy Bleeding,MEDCODEID,307765019,Haemorrhoids in pregnancy and the puerperium - delivered,C0342032,Hemorrhoids in pregnancy and the puerperium - delivered,exclude,,P,BLEEDING,PrA
Pregnancy Bleeding,MEDCODEID,814501000006111,Haemorrhoids in pregnancy and the puerperium - delivered with postnatal complication,C0342031,Hemorrhoids in pregnancy and the puerperium - delivered with postnatal complication,exclude,,P,BLEEDING,PrA
Pregnancy Bleeding,MEDCODEID,305627017,"Haemorrhage in early pregnancy, delivered",C0473337,"Unspecified hemorrhage in early pregnancy, delivered, with or without antepartum condition",exclude,,P,BLEEDING,PrA
Pregnancy Bleeding,MEDCODEID,9906671000006113,Bleeding from female genital tract during pregnancy,C3163625,vaginal bleeding during pregnancy,narrow,,P,BLEEDING,PrA
Pregnancy Bleeding,MEDCODEID,9906691000006114,Vaginal bleeding during pregnancy,C3163625,vaginal bleeding during pregnancy,narrow,,P,BLEEDING,PrA
Pregnancy Bleeding,MEDCODEID,894331000006110,Fetal cerebral haemorrhage,C0270191,Perinatal intraventricular hemorrhage,exclude,,P,BLEEDING,PrA
Pregnancy Bleeding,MEDCODEID,315911016,Fetus or neonate affected by placenta previa,C3662231,Placenta previa affecting fetus or newborn,exclude,,P,BLEEDING,PrA
Pregnancy Bleeding,MEDCODEID,316509013,Fetal blood loss NOS,C0158951,Fetal blood loss,exclude,,P,BLEEDING,PrA
Pregnancy Bleeding,MEDCODEID,316924014,[X]Other fetal blood loss,C0158951,Fetal blood loss,exclude,,P,BLEEDING,PrA
Pregnancy Bleeding,MEDCODEID,316508017,Other specified fetal blood loss,C0158951,Fetal blood loss,exclude,,P,BLEEDING,PrA
Pregnancy Bleeding,MEDCODEID,316505019,"Fetal blood loss, unspecified",C0158951,Fetal blood loss,exclude,,P,BLEEDING,PrA
Pregnancy Bleeding,MEDCODEID,316502016,Fetal blood loss,C0158951,Fetal blood loss,exclude,,P,BLEEDING,PrA
Pregnancy Bleeding,MEDCODEID,3093331000006119,Placenta previa,C0032046,Placenta Previa,possible,,P,BLEEDING,PrA
Pregnancy Bleeding,MEDCODEID,485971018,Antepartum haemorrhage,C0269608,Antepartum hemorrhage,narrow,,P,BLEEDING,PrA
Pregnancy Bleeding,MEDCODEID,305743015,Antepartum haemorrhage NOS - delivered,C0269608,Antepartum hemorrhage,exclude,,P,BLEEDING,PrA
Pregnancy Bleeding,MEDCODEID,305738010,Other antepartum haemorrhage NOS,C0269608,Antepartum hemorrhage,narrow,,P,BLEEDING,PrA
Pregnancy Bleeding,MEDCODEID,305747019,Antepartum haemorrhage NOS,C0269608,Antepartum hemorrhage,narrow,,P,BLEEDING,PrA
Pregnancy Bleeding,MEDCODEID,305742013,"Antepartum haemorrhage NOS, unspecified",C0269608,Antepartum hemorrhage,narrow,,P,BLEEDING,PrA
Pregnancy Bleeding,MEDCODEID,220801000000113,Antepartum bleeding,C0269608,Antepartum hemorrhage,narrow,,P,BLEEDING,PrA
Pregnancy Bleeding,MEDCODEID,3061151000006114,APH - Antepartum haemorrhage,C0269608,Antepartum hemorrhage,narrow,,P,BLEEDING,PrA
Pregnancy Bleeding,MEDCODEID,485721000006116,Antepartum haemorrhage NOS,C0269608,Antepartum hemorrhage,narrow,,P,BLEEDING,PrA
Pregnancy Bleeding,MEDCODEID,305734012,Other antepartum haemorrhage - delivered,C0269608,Antepartum hemorrhage,exclude,,P,BLEEDING,PrA
Pregnancy Bleeding,MEDCODEID,305735013,Other antepartum haemorrhage - not delivered,C0269608,Antepartum hemorrhage,narrow,,P,BLEEDING,PrA
Pregnancy Bleeding,MEDCODEID,305746011,Antepartum haemorrhage NOS - not deliv,C0269608,Antepartum hemorrhage,narrow,,P,BLEEDING,PrA
Pregnancy Bleeding,MEDCODEID,305730015,Other antepartum haemorrhage,C0269608,Antepartum hemorrhage,narrow,,P,BLEEDING,PrA
Pregnancy Bleeding,MEDCODEID,308128010,[X]Other antepartum haemorrhage,C0269608,Antepartum hemorrhage,narrow,,P,BLEEDING,PrA
Pregnancy Bleeding,MEDCODEID,305731016,Other antepartum haemorrhage unspecified,C0269608,Antepartum hemorrhage,narrow,,P,BLEEDING,PrA
Pregnancy Bleeding,MEDCODEID,305638017,Early pregnancy haemorrhage NOS - delivered,C0156604,Hemorrhage in early pregnancy,exclude,,P,BLEEDING,PrA
Pregnancy Bleeding,MEDCODEID,305631011,Other haemorrhage in early pregnancy NOS,C0156604,Hemorrhage in early pregnancy,narrow,,P,BLEEDING,PrA
Pregnancy Bleeding,MEDCODEID,305634015,Early pregnancy haemorrhage NOS,C0156604,Hemorrhage in early pregnancy,narrow,,P,BLEEDING,PrA
Pregnancy Bleeding,MEDCODEID,305626014,Other haemorrhage in early pregnancy unspecified,C0156604,Hemorrhage in early pregnancy,narrow,,P,BLEEDING,PrA
Pregnancy Bleeding,MEDCODEID,483053014,Bleeding in early pregnancy,C0156604,Hemorrhage in early pregnancy,narrow,,P,BLEEDING,PrA
Pregnancy Bleeding,MEDCODEID,483054015,Haemorrhage in early pregnancy,C0156604,Hemorrhage in early pregnancy,narrow,,P,BLEEDING,PrA
Pregnancy Bleeding,MEDCODEID,305635019,Early pregnancy haemorrhage NOS unspecified,C0156604,Hemorrhage in early pregnancy,narrow,,P,BLEEDING,PrA
Pregnancy Bleeding,MEDCODEID,308098016,[X]Other haemorrhage in early pregnancy,C0156604,Hemorrhage in early pregnancy,narrow,,P,BLEEDING,PrA
Pregnancy Bleeding,MEDCODEID,305639013,Early pregnancy haemorrhage NOS - not delivered,C0156604,Hemorrhage in early pregnancy,narrow,,P,BLEEDING,PrA
Pregnancy Bleeding,MEDCODEID,398335013,Other haemorrhage in early pregnancy,C0156604,Hemorrhage in early pregnancy,narrow,,P,BLEEDING,PrA
Pregnancy Bleeding,MEDCODEID,3699841000006113,Threatened abortion in first trimester,C0269600,Threatened miscarriage in first trimester,narrow,,P,BLEEDING,PrA
Pregnancy Bleeding,MEDCODEID,316730019,Congenital anaemia from fetal blood loss,C0270241,Anemia following fetal blood loss,exclude,,P,BLEEDING,PrA
Pregnancy Bleeding,MEDCODEID,14068131000006112,History of antepartum haemorrhage,C0475171,Past pregnancy history of antepartum hemorrhage,exclude,,P,BLEEDING,PrA
Pregnancy Bleeding,MEDCODEID,15485771000006118,Past pregnancy history of antepartum haemorrhage,C0475171,Past pregnancy history of antepartum hemorrhage,exclude,,P,BLEEDING,PrA
Pregnancy Bleeding,MEDCODEID,808601000006116,H/O: antepartum haemorrhage,C0475171,Past pregnancy history of antepartum hemorrhage,exclude,,P,BLEEDING,PrA
Pregnancy Bleeding,ICD10_2019,O44.1,Placenta praevia with haemorrhage,C0156621,Placenta previa with hemorrhage,narrow,,P,BLEEDING,PrA
Pregnancy Bleeding,ICD10_2019,O44.0,Placenta praevia specified as without haemorrhage,C0156617,Placenta previa without hemorrhage,exclude,,P,BLEEDING,PrA
Pregnancy Bleeding,ICD10_2019,O44.03,"Complete placenta previa NOS or without hemorrhage, third trimester",C0000000,Unassociated custom codes,exclude,,P,BLEEDING,PrA
Pregnancy Bleeding,ICD10_2019,O44.02,"Complete placenta previa NOS or without hemorrhage, second trimester",C0000000,Unassociated custom codes,exclude,,P,BLEEDING,PrA
Pregnancy Bleeding,ICD10_2019,O46.09,Antepartum hemorrhage with other coagulation defect,C0000000,Unassociated custom codes,narrow,,P,BLEEDING,PrA
Pregnancy Bleeding,ICD10_2019,O44.01,"Complete placenta previa NOS or without hemorrhage, first trimester",C0000000,Unassociated custom codes,exclude,,P,BLEEDING,PrA
Pregnancy Bleeding,ICD10_2019,O44.23,"Partial placenta previa NOS or without hemorrhage, third trimester",C0000000,Unassociated custom codes,exclude,,P,BLEEDING,PrA
Pregnancy Bleeding,ICD10_2019,O46.90,"Antepartum hemorrhage, unspecified, unspecified trimester",C0000000,Unassociated custom codes,narrow,,P,BLEEDING,PrA
Pregnancy Bleeding,ICD10_2019,O46.91,"Antepartum hemorrhage, unspecified, first trimester",C0000000,Unassociated custom codes,narrow,,P,BLEEDING,PrA
Pregnancy Bleeding,ICD10_2019,O46.92,"Antepartum hemorrhage, unspecified, second trimester",C0000000,Unassociated custom codes,narrow,,P,BLEEDING,PrA
Pregnancy Bleeding,ICD10_2019,O46.93,"Antepartum hemorrhage, unspecified, third trimester",C0000000,Unassociated custom codes,narrow,,P,BLEEDING,PrA
Pregnancy Bleeding,ICD10_2019,O44.51,"Low lying placenta with hemorrhage, first trimester",C0000000,Unassociated custom codes,narrow,,P,BLEEDING,PrA
Pregnancy Bleeding,ICD10_2019,O44.50,"Low lying placenta with hemorrhage, unspecified trimester",C0000000,Unassociated custom codes,narrow,,P,BLEEDING,PrA
Pregnancy Bleeding,ICD10_2019,O46.8X,Other antepartum hemorrhage,C0000000,Unassociated custom codes,narrow,,P,BLEEDING,PrA
Pregnancy Bleeding,ICD10_2019,O45.00,"Premature separation of placenta with coagulation defect, unspecified",C0000000,Unassociated custom codes,narrow,,P,BLEEDING,PrA
Pregnancy Bleeding,ICD10_2019,O45.01,Premature separation of placenta with afibrinogenemia,C0000000,Unassociated custom codes,narrow,,P,BLEEDING,PrA
Pregnancy Bleeding,ICD10_2019,O44.11,"Complete placenta previa with hemorrhage, first trimester",C0000000,Unassociated custom codes,narrow,,P,BLEEDING,PrA
Pregnancy Bleeding,ICD10_2019,O44.33,"Partial placenta previa with hemorrhage, third trimester",C0000000,Unassociated custom codes,narrow,,P,BLEEDING,PrA
Pregnancy Bleeding,ICD10_2019,O44.10,"Complete placenta previa with hemorrhage, unspecified trimester",C0000000,Unassociated custom codes,narrow,,P,BLEEDING,PrA
Pregnancy Bleeding,ICD10_2019,O44.32,"Partial placenta previa with hemorrhage, second trimester",C0000000,Unassociated custom codes,narrow,,P,BLEEDING,PrA
Pregnancy Bleeding,ICD10_2019,O44.53,"Low lying placenta with hemorrhage, third trimester",C0000000,Unassociated custom codes,narrow,,P,BLEEDING,PrA
Pregnancy Bleeding,ICD10_2019,O44.31,"Partial placenta previa with hemorrhage, first trimester",C0000000,Unassociated custom codes,narrow,,P,BLEEDING,PrA
Pregnancy Bleeding,ICD10_2019,O44.52,"Low lying placenta with hemorrhage, second trimester",C0000000,Unassociated custom codes,narrow,,P,BLEEDING,PrA
Pregnancy Bleeding,ICD10_2019,O44.30,"Partial placenta previa with hemorrhage, unspecified trimester",C0000000,Unassociated custom codes,narrow,,P,BLEEDING,PrA
Pregnancy Bleeding,ICD10_2019,O44.13,"Complete placenta previa with hemorrhage, third trimester",C0000000,Unassociated custom codes,narrow,,P,BLEEDING,PrA
Pregnancy Bleeding,ICD10_2019,O44.2,Partial placenta previa without hemorrhage,C0000000,Unassociated custom codes,exclude,,P,BLEEDING,PrA
Pregnancy Bleeding,ICD10_2019,O44.12,"Complete placenta previa with hemorrhage, second trimester",C0000000,Unassociated custom codes,narrow,,P,BLEEDING,PrA
Pregnancy Bleeding,ICD10_2019,O45.09,Premature separation of placenta with other coagulation defect,C0000000,Unassociated custom codes,narrow,,P,BLEEDING,PrA
Pregnancy Bleeding,ICD10_2019,O44.4,Low lying placenta NOS or without hemorrhage,C0000000,Unassociated custom codes,exclude,,P,BLEEDING,PrA
Pregnancy Bleeding,ICD10_2019,O45.02,Premature separation of placenta with disseminated intravascular coagulation,C0000000,Unassociated custom codes,narrow,,P,BLEEDING,PrA
Pregnancy Bleeding,ICD10_2019,O44.3,Partial placenta previa with hemorrhage,C0000000,Unassociated custom codes,narrow,,P,BLEEDING,PrA
Pregnancy Bleeding,ICD10_2019,O44.5,Low lying placenta with hemorrhage,C0000000,Unassociated custom codes,narrow,,P,BLEEDING,PrA
Pregnancy Bleeding,ICD10_2019,O45.90,"Premature separation of placenta, unspecified, unspecified trimester",C0000000,Unassociated custom codes,narrow,,P,BLEEDING,PrA
Pregnancy Bleeding,ICD10_2019,O45.91,"Premature separation of placenta, unspecified, first trimester",C0000000,Unassociated custom codes,narrow,,P,BLEEDING,PrA
Pregnancy Bleeding,ICD10_2019,O45.92,"Premature separation of placenta, unspecified, second trimester",C0000000,Unassociated custom codes,narrow,,P,BLEEDING,PrA
Pregnancy Bleeding,ICD10_2019,O44.40,"Low lying placenta NOS or without hemorrhage, unspecified trimester",C0000000,Unassociated custom codes,exclude,,P,BLEEDING,PrA
Pregnancy Bleeding,ICD10_2019,O46.00,"Antepartum hemorrhage with coagulation defect, unspecified",C0000000,Unassociated custom codes,narrow,,P,BLEEDING,PrA
Pregnancy Bleeding,ICD10_2019,O46.01,Antepartum hemorrhage with afibrinogenemia,C0000000,Unassociated custom codes,narrow,,P,BLEEDING,PrA
Pregnancy Bleeding,ICD10_2019,O45.8X,Other premature separation of placenta,C0000000,Unassociated custom codes,narrow,,P,BLEEDING,PrA
Pregnancy Bleeding,ICD10_2019,O46.02,Antepartum hemorrhage with disseminated intravascular coagulation,C0000000,Unassociated custom codes,narrow,,P,BLEEDING,PrA
Pregnancy Bleeding,ICD10_2019,O44.22,"Partial placenta previa NOS or without hemorrhage, second trimester",C0000000,Unassociated custom codes,exclude,,P,BLEEDING,PrA
Pregnancy Bleeding,ICD10_2019,O44.00,"Complete placenta previa NOS or without hemorrhage, unspecified trimester",C0000000,Unassociated custom codes,exclude,,P,BLEEDING,PrA
Pregnancy Bleeding,ICD10_2019,O45.93,"Premature separation of placenta, unspecified, third trimester",C0000000,Unassociated custom codes,narrow,,P,BLEEDING,PrA
Pregnancy Bleeding,ICD10_2019,O44.21,"Partial placenta previa NOS or without hemorrhage, first trimester",C0000000,Unassociated custom codes,exclude,,P,BLEEDING,PrA
Pregnancy Bleeding,ICD10_2019,O44.43,"Low lying placenta NOS or without hemorrhage, third trimester",C0000000,Unassociated custom codes,exclude,,P,BLEEDING,PrA
Pregnancy Bleeding,ICD10_2019,O44.42,"Low lying placenta NOS or without hemorrhage, second trimester",C0000000,Unassociated custom codes,exclude,,P,BLEEDING,PrA
Pregnancy Bleeding,ICD10_2019,O44.41,"Low lying placenta NOS or without hemorrhage, first trimester",C0000000,Unassociated custom codes,exclude,,P,BLEEDING,PrA
Pregnancy Bleeding,ICD10_2019,O45,Premature separation of placenta [abruptio placentae],C0000832,Abruptio Placentae,narrow,,P,BLEEDING,PrA
Pregnancy Bleeding,ICD10_2019,O45.0,Premature separation of placenta with coagulation defect,C0000832,Abruptio Placentae,narrow,,P,BLEEDING,PrA
Pregnancy Bleeding,ICD10_2019,O45.9,"Premature separation of placenta, unspecified",C0000832,Abruptio Placentae,narrow,,P,BLEEDING,PrA
Pregnancy Bleeding,ICD10_2019,O45.8,Other premature separation of placenta,C0000832,Abruptio Placentae,narrow,,P,BLEEDING,PrA
Pregnancy Bleeding,ICD10_2019,O20.0,Threatened abortion,C0000821,Threatened abortion,narrow,,P,BLEEDING,PrA
Pregnancy Bleeding,ICD10_2019,P50.4,Haemorrhage into maternal circulation,C0015959,Fetomaternal Transfusion,narrow,,P,BLEEDING,PrA
Pregnancy Bleeding,ICD10_2019,P50.9,"Fetal blood loss, unspecified",C0158951,Fetal blood loss,exclude,,P,BLEEDING,PrA
Pregnancy Bleeding,ICD10_2019,P50,Fetal blood loss,C0158951,Fetal blood loss,exclude,,P,BLEEDING,PrA
Pregnancy Bleeding,ICD10_2019,O44,Placenta praevia,C0032046,Placenta Previa,possible,,P,BLEEDING,PrA
Pregnancy Bleeding,ICD10_2019,O46,"Antepartum haemorrhage, not elsewhere classified",C0269608,Antepartum hemorrhage,narrow,,P,BLEEDING,PrA
Pregnancy Bleeding,ICD10_2019,O46.0,Antepartum haemorrhage with coagulation defect,C0269608,Antepartum hemorrhage,narrow,,P,BLEEDING,PrA
Pregnancy Bleeding,ICD10_2019,O46.8,Other antepartum haemorrhage,C0269608,Antepartum hemorrhage,narrow,,P,BLEEDING,PrA
Pregnancy Bleeding,ICD10_2019,O46.9,"Antepartum haemorrhage, unspecified",C0269608,Antepartum hemorrhage,narrow,,P,BLEEDING,PrA
Pregnancy Bleeding,ICD10_2019,O20.8,Other haemorrhage in early pregnancy,C0156604,Hemorrhage in early pregnancy,narrow,,P,BLEEDING,PrA
Pregnancy Bleeding,ICD10_2019,O20.9,"Haemorrhage in early pregnancy, unspecified",C0156604,Hemorrhage in early pregnancy,narrow,,P,BLEEDING,PrA
Pregnancy Bleeding,ICD10_2019,O20,Haemorrhage in early pregnancy,C0156604,Hemorrhage in early pregnancy,narrow,,P,BLEEDING,PrA
Pregnancy Bleeding,ICPC2P,W99,Placenta praevia,C0000000,Unassociated custom codes,possible,,P,BLEEDING,PrA
Pregnancy Bleeding,ICPC2P,W03,Haemorrhage-antepartum,C0000000,Unassociated custom codes,narrow,,P,BLEEDING,PrA
Pregnancy Bleeding,ICPC2P,W82003,Abortion;threatened,C0000821,Threatened abortion,exclude,,P,BLEEDING,PrA
Pregnancy Bleeding,ICPC2P,W82006,Miscarriage;threatened,C0000821,Threatened abortion,exclude,,P,BLEEDING,PrA
Pregnancy Bleeding,ICPC2P,W03002,Bleeding (in);pregnancy,C0269596,Hemorrhagic complication of pregnancy,narrow,,P,BLEEDING,PrA
Pregnancy Bleeding,ICPC2P,W99005,Placenta praevia,C0032046,Placenta Previa,possible,,P,BLEEDING,PrA
Pregnancy Bleeding,ICPC2P,W03001,Bleeding;antepartum,C0269608,Antepartum hemorrhage,narrow,,P,BLEEDING,PrA
Pregnancy Bleeding,ICPC2P,W03004,Haemorrhage;antepartum,C0269608,Antepartum hemorrhage,narrow,,P,BLEEDING,PrA
Pregnancy Bleeding,ICD10,O44.1,Placenta praevia with haemorrhage,C0156621,Placenta previa with hemorrhage,narrow,,P,BLEEDING,PrA
Pregnancy Bleeding,ICD10,O46.09,Antepartum hemorrhage with other coagulation defect,C0000000,Unassociated custom codes,narrow,,P,BLEEDING,PrA
Pregnancy Bleeding,ICD10,O46.90,Antepartum hemorrhage- unspecified- unspecified trimester,C0000000,Unassociated custom codes,narrow,,P,BLEEDING,PrA
Pregnancy Bleeding,ICD10,O46.91,Antepartum hemorrhage- unspecified- first trimester,C0000000,Unassociated custom codes,narrow,,P,BLEEDING,PrA
Pregnancy Bleeding,ICD10,O46.92,Antepartum hemorrhage- unspecified- second trimester,C0000000,Unassociated custom codes,narrow,,P,BLEEDING,PrA
Pregnancy Bleeding,ICD10,O46.93,Antepartum hemorrhage- unspecified- third trimester,C0000000,Unassociated custom codes,narrow,,P,BLEEDING,PrA
Pregnancy Bleeding,ICD10,O44.51,Low lying placenta with hemorrhage- first trimester,C0000000,Unassociated custom codes,narrow,,P,BLEEDING,PrA
Pregnancy Bleeding,ICD10,O44.50,Low lying placenta with hemorrhage- unspecified trimester,C0000000,Unassociated custom codes,narrow,,P,BLEEDING,PrA
Pregnancy Bleeding,ICD10,O46.8X,Other antepartum hemorrhage,C0000000,Unassociated custom codes,narrow,,P,BLEEDING,PrA
Pregnancy Bleeding,ICD10,O45.00,Premature separation of placenta with coagulation defect- unspecified,C0000000,Unassociated custom codes,narrow,,P,BLEEDING,PrA
Pregnancy Bleeding,ICD10,O45.01,Premature separation of placenta with afibrinogenemia,C0000000,Unassociated custom codes,narrow,,P,BLEEDING,PrA
Pregnancy Bleeding,ICD10,O44.11,Complete placenta previa with hemorrhage- first trimester,C0000000,Unassociated custom codes,narrow,,P,BLEEDING,PrA
Pregnancy Bleeding,ICD10,O44.33,Partial placenta previa with hemorrhage- third trimester,C0000000,Unassociated custom codes,narrow,,P,BLEEDING,PrA
Pregnancy Bleeding,ICD10,O44.10,Complete placenta previa with hemorrhage- unspecified trimester,C0000000,Unassociated custom codes,narrow,,P,BLEEDING,PrA
Pregnancy Bleeding,ICD10,O44.32,Partial placenta previa with hemorrhage- second trimester,C0000000,Unassociated custom codes,narrow,,P,BLEEDING,PrA
Pregnancy Bleeding,ICD10,O44.31,Partial placenta previa with hemorrhage- first trimester,C0000000,Unassociated custom codes,narrow,,P,BLEEDING,PrA
Pregnancy Bleeding,ICD10,O44.53,Low lying placenta with hemorrhage- third trimester,C0000000,Unassociated custom codes,narrow,,P,BLEEDING,PrA
Pregnancy Bleeding,ICD10,O44.30,Partial placenta previa with hemorrhage- unspecified trimester,C0000000,Unassociated custom codes,narrow,,P,BLEEDING,PrA
Pregnancy Bleeding,ICD10,O44.52,Low lying placenta with hemorrhage- second trimester,C0000000,Unassociated custom codes,narrow,,P,BLEEDING,PrA
Pregnancy Bleeding,ICD10,O44.13,Complete placenta previa with hemorrhage- third trimester,C0000000,Unassociated custom codes,narrow,,P,BLEEDING,PrA
Pregnancy Bleeding,ICD10,O44.12,Complete placenta previa with hemorrhage- second trimester,C0000000,Unassociated custom codes,narrow,,P,BLEEDING,PrA
Pregnancy Bleeding,ICD10,O45.09,Premature separation of placenta with other coagulation defect,C0000000,Unassociated custom codes,narrow,,P,BLEEDING,PrA
Pregnancy Bleeding,ICD10,O45.02,Premature separation of placenta with disseminated intravascular coagulation,C0000000,Unassociated custom codes,narrow,,P,BLEEDING,PrA
Pregnancy Bleeding,ICD10,O44.3,Partial placenta previa with hemorrhage,C0000000,Unassociated custom codes,narrow,,P,BLEEDING,PrA
Pregnancy Bleeding,ICD10,O44.5,Low lying placenta with hemorrhage,C0000000,Unassociated custom codes,narrow,,P,BLEEDING,PrA
Pregnancy Bleeding,ICD10,O45.90,Premature separation of placenta- unspecified- unspecified trimester,C0000000,Unassociated custom codes,narrow,,P,BLEEDING,PrA
Pregnancy Bleeding,ICD10,O45.91,Premature separation of placenta- unspecified- first trimester,C0000000,Unassociated custom codes,narrow,,P,BLEEDING,PrA
Pregnancy Bleeding,ICD10,O45.92,Premature separation of placenta- unspecified- second trimester,C0000000,Unassociated custom codes,narrow,,P,BLEEDING,PrA
Pregnancy Bleeding,ICD10,O46.00,Antepartum hemorrhage with coagulation defect- unspecified,C0000000,Unassociated custom codes,narrow,,P,BLEEDING,PrA
Pregnancy Bleeding,ICD10,O45.8X,Other premature separation of placenta,C0000000,Unassociated custom codes,narrow,,P,BLEEDING,PrA
Pregnancy Bleeding,ICD10,O46.01,Antepartum hemorrhage with afibrinogenemia,C0000000,Unassociated custom codes,narrow,,P,BLEEDING,PrA
Pregnancy Bleeding,ICD10,O46.02,Antepartum hemorrhage with disseminated intravascular coagulation,C0000000,Unassociated custom codes,narrow,,P,BLEEDING,PrA
Pregnancy Bleeding,ICD10,O45.93,Premature separation of placenta- unspecified- third trimester,C0000000,Unassociated custom codes,narrow,,P,BLEEDING,PrA
Pregnancy Bleeding,ICD10,O45,Premature separation of placenta [abruptio placentae],C0000832,Abruptio Placentae,narrow,,P,BLEEDING,PrA
Pregnancy Bleeding,ICD10,O45.9,"Premature separation of placenta, unspecified",C0000832,Abruptio Placentae,narrow,,P,BLEEDING,PrA
Pregnancy Bleeding,ICD10,O45.8,Other premature separation of placenta,C0477836,Other premature separation of placenta,narrow,,P,BLEEDING,PrA
Pregnancy Bleeding,ICD10,O46.8,Other antepartum haemorrhage,C0156635,Other antepartum hemorrhage,narrow,,P,BLEEDING,PrA
Pregnancy Bleeding,ICD10,O20.0,Threatened abortion,C0000821,Threatened abortion,narrow,,P,BLEEDING,PrA
Pregnancy Bleeding,ICD10,O46.0,Antepartum haemorrhage with coagulation defect,C0156631,Antepartum hemorrhage associated with coagulation defect,narrow,,P,BLEEDING,PrA
Pregnancy Bleeding,ICD10,P50.4,Haemorrhage into maternal circulation,C0495414,Hemorrhage into maternal circulation,narrow,,P,BLEEDING,PrA
Pregnancy Bleeding,ICD10,O45.0,Premature separation of placenta with coagulation defect,C0451794,Premature separation of placenta with coagulation defect,narrow,,P,BLEEDING,PrA
Pregnancy Bleeding,ICD10,O46,"Antepartum haemorrhage, not elsewhere classified",C0495251,"Antepartum hemorrhage, not elsewhere classified in ICD10CM",narrow,,P,BLEEDING,PrA
Pregnancy Bleeding,ICD10,O20.8,Other haemorrhage in early pregnancy,C0477813,Other hemorrhage in early pregnancy,narrow,,P,BLEEDING,PrA
Pregnancy Bleeding,ICD10,O44,Placenta praevia,C0032046,Placenta Previa,possible,,P,BLEEDING,PrA
Pregnancy Bleeding,ICD10,O46.9,"Antepartum haemorrhage, unspecified",C0269608,Antepartum hemorrhage,narrow,,P,BLEEDING,PrA
Pregnancy Bleeding,ICD10,O20.9,"Haemorrhage in early pregnancy, unspecified",C0156604,Hemorrhage in early pregnancy,narrow,,P,BLEEDING,PrA
Pregnancy Bleeding,ICD10,O20,Haemorrhage in early pregnancy,C0156604,Hemorrhage in early pregnancy,narrow,,P,BLEEDING,PrA
Pregnancy Bleeding,SNM,F32350,Placental separation,C0000000,Unassociated custom codes,narrow,,P,BLEEDING,PrA
Pregnancy Bleeding,SNM,D2511,Abruptio placentae syndrome,C0000000,Unassociated custom codes,narrow,,P,BLEEDING,PrA
Pregnancy Bleeding,SNM,M29170,Placenta previa,C0000000,Unassociated custom codes,possible,,P,BLEEDING,PrA
Pregnancy Bleeding,SNM,M29360,Abruptio placentae,C0000000,Unassociated custom codes,narrow,,P,BLEEDING,PrA
Pregnancy Bleeding,SNM,M-29360,Abruptio placentae,C0000832,Abruptio Placentae,narrow,,P,BLEEDING,PrA
Pregnancy Bleeding,SNM,D-2511,Abruptio placentae syndrome,C0000832,Abruptio Placentae,narrow,,P,BLEEDING,PrA
Pregnancy Bleeding,SNM,F-32350,Placental separation,C0000832,Abruptio Placentae,narrow,,P,BLEEDING,PrA
Pregnancy Bleeding,SNM,F-31700,"Abortion, threatened",C0000821,Threatened abortion,exclude,,P,BLEEDING,PrA
Pregnancy Bleeding,SNM,M-29170,Placenta previa,C0032046,Placenta Previa,possible,,P,BLEEDING,PrA
Pregnancy Bleeding,ICD10DA,O441B,Partielt forliggende moderkage med blødning,C0156621,Placenta previa with hemorrhage,narrow,,P,BLEEDING,PrA
Pregnancy Bleeding,ICD10DA,O441,Forliggende moderkage med blødning,C0156621,Placenta previa with hemorrhage,narrow,,P,BLEEDING,PrA
Pregnancy Bleeding,ICD10DA,O441A,Totalt forliggende moderkage med blødning,C0156621,Placenta previa with hemorrhage,narrow,,P,BLEEDING,PrA
Pregnancy Bleeding,ICD10DA,O45,For tidlig løsning af moderkagen,C0000832,Abruptio Placentae,narrow,,P,BLEEDING,PrA
Pregnancy Bleeding,ICD10DA,O459,For tidlig løsning af moderkagen UNS,C0000832,Abruptio Placentae,narrow,,P,BLEEDING,PrA
Pregnancy Bleeding,ICD10DA,O458,Anden form for for tidlig løsning af moderkagen,C0477836,Other premature separation of placenta,narrow,,P,BLEEDING,PrA
Pregnancy Bleeding,ICD10DA,O468,Anden form for blødning før fødsel,C0156635,Other antepartum hemorrhage,narrow,,P,BLEEDING,PrA
Pregnancy Bleeding,ICD10DA,O468A,Blødning i graviditet efter 22 graviditetsuger,C0156635,Other antepartum hemorrhage,narrow,,P,BLEEDING,PrA
Pregnancy Bleeding,ICD10DA,O200,Truende abort,C0000821,Threatened abortion,narrow,,P,BLEEDING,PrA
Pregnancy Bleeding,ICD10DA,O460,Blødning før fødsel med koagulationsdefekt,C0156631,Antepartum hemorrhage associated with coagulation defect,narrow,,P,BLEEDING,PrA
Pregnancy Bleeding,ICD10DA,P504,Blodtab hos foster ved blødning til moderens cirkulation,C0495414,Hemorrhage into maternal circulation,narrow,,P,BLEEDING,PrA
Pregnancy Bleeding,ICD10DA,O450,For tidlig løsning af moderkagen med koagulationsdefekt,C0451794,Premature separation of placenta with coagulation defect,narrow,,P,BLEEDING,PrA
Pregnancy Bleeding,ICD10DA,O46,Vaginalblødning før fødsel IKA,C0495251,"Antepartum hemorrhage, not elsewhere classified in ICD10CM",narrow,,P,BLEEDING,PrA
Pregnancy Bleeding,ICD10DA,O208A,Accidentel blødning tidligt i graviditeten,C0477813,Other hemorrhage in early pregnancy,narrow,,P,BLEEDING,PrA
Pregnancy Bleeding,ICD10DA,O208B,Blødning ved fibrinolyse tidligt i graviditeten,C0477813,Other hemorrhage in early pregnancy,narrow,,P,BLEEDING,PrA
Pregnancy Bleeding,ICD10DA,O208C,Blødning ved koagulationsdefekt tidligt i graviditeten,C0477813,Other hemorrhage in early pregnancy,narrow,,P,BLEEDING,PrA
Pregnancy Bleeding,ICD10DA,O208,Anden blødning før 22 graviditetsuger,C0477813,Other hemorrhage in early pregnancy,narrow,,P,BLEEDING,PrA
Pregnancy Bleeding,ICD10DA,O44,Forliggende moderkage,C0032046,Placenta Previa,possible,,P,BLEEDING,PrA
Pregnancy Bleeding,ICD10DA,O469,Blødning før fødsel UNS,C0269608,Antepartum hemorrhage,narrow,,P,BLEEDING,PrA
Pregnancy Bleeding,ICD10DA,O209,Blødning tidligt i graviditeten UNS,C0156604,Hemorrhage in early pregnancy,narrow,,P,BLEEDING,PrA
Pregnancy Bleeding,ICD10DA,O20,Blødning tidligt i graviditeten,C0156604,Hemorrhage in early pregnancy,narrow,,P,BLEEDING,PrA
Pregnancy Bleeding,ICD9CM,641.30,"Antepartum hemorrhage associated with coagulation defects, unspecified as to episode of care or not applicable",C0156629,"Antepartum hemorrhage associated with coagulation defects, unspecified as to episode of care or not applicable",narrow,,P,BLEEDING,PrA
Pregnancy Bleeding,ICD9CM,641.13,"Hemorrhage from placenta previa, antepartum condition or complication",C0156624,"Haemorrhage from placenta praevia, antepartum",narrow,,P,BLEEDING,PrA
Pregnancy Bleeding,ICD9CM,641.11,"Hemorrhage from placenta previa, delivered, with or without mention of antepartum condition",C0156623,"Haemorrhage from placenta praevia, with delivery",exclude,,P,BLEEDING,PrA
Pregnancy Bleeding,ICD9CM,641.10,"Hemorrhage from placenta previa, unspecified as to episode of care or not applicable",C0156621,Placenta previa with hemorrhage,narrow,,P,BLEEDING,PrA
Pregnancy Bleeding,ICD9CM,641.1,Hemorrhage from placenta previa,C0156621,Placenta previa with hemorrhage,narrow,,P,BLEEDING,PrA
Pregnancy Bleeding,ICD9CM,641.23,"Premature separation of placenta, antepartum condition or complication",C0156627,"Premature separation of placenta, antepartum",narrow,,P,BLEEDING,PrA
Pregnancy Bleeding,ICD9CM,641.21,"Premature separation of placenta, delivered, with or without mention of antepartum condition",C0156626,"Premature separation of placenta, with delivery",exclude,,P,BLEEDING,PrA
Pregnancy Bleeding,ICD9CM,641.03,"Placenta previa without hemorrhage, antepartum condition or complication",C0156620,"Placenta praevia without haemorrhage, antepartum",exclude,,P,BLEEDING,PrA
Pregnancy Bleeding,ICD9CM,641.01,"Placenta previa without hemorrhage, delivered, with or without mention of antepartum condition",C0156619,"Placenta praevia without haemorrhage, with delivery",exclude,,P,BLEEDING,PrA
Pregnancy Bleeding,ICD9CM,641.00,"Placenta previa without hemorrhage, unspecified as to episode of care or not applicable",C0156618,"Placenta praevia without haemorrhage, unspecified as to episode of care",exclude,,P,BLEEDING,PrA
Pregnancy Bleeding,ICD9CM,640.90,"Unspecified hemorrhage in early pregnancy, unspecified as to episode of care or not applicable",C0156613,"Unspecified hemorrhage in early pregnancy, unspecified as to episode of care",narrow,,P,BLEEDING,PrA
Pregnancy Bleeding,ICD9CM,640.81,"Other specified hemorrhage in early pregnancy, delivered, with or without mention of antepartum condition",C0156610,"Other specified hemorrhage in early pregnancy, delivered, with or without mention of antepartum condition",exclude,,P,BLEEDING,PrA
Pregnancy Bleeding,ICD9CM,641.0,Placenta previa without hemorrhage,C0156617,Placenta previa without hemorrhage,exclude,,P,BLEEDING,PrA
Pregnancy Bleeding,ICD9CM,641,"Antepartum hemorrhage, abruptio placentae, and placenta previa",C0156616,"Antepartum hemorrhage, abruptio placentae and placenta previa",narrow,,P,BLEEDING,PrA
Pregnancy Bleeding,ICD9CM,762.1,Other forms of placental separation and hemorrhage affecting fetus or newborn,C0158829,Other forms of placental separation and hemorrhage affecting fetus or newborn,exclude,,P,BLEEDING,PrA
Pregnancy Bleeding,ICD9CM,641.20,"Premature separation of placenta, unspecified as to episode of care or not applicable",C0000832,Abruptio Placentae,narrow,,P,BLEEDING,PrA
Pregnancy Bleeding,ICD9CM,641.2,Premature separation of placenta,C0000832,Abruptio Placentae,narrow,,P,BLEEDING,PrA
Pregnancy Bleeding,ICD9CM,641.8,Other antepartum hemorrhage,C0156635,Other antepartum hemorrhage,narrow,,P,BLEEDING,PrA
Pregnancy Bleeding,ICD9CM,641.83,"Other antepartum hemorrhage, antepartum condition or complication",C0156635,Other antepartum hemorrhage,narrow,,P,BLEEDING,PrA
Pregnancy Bleeding,ICD9CM,640.0,Threatened abortion,C0000821,Threatened abortion,narrow,,P,BLEEDING,PrA
Pregnancy Bleeding,ICD9CM,640.03,"Threatened abortion, antepartum condition or complication",C0000821,Threatened abortion,narrow,,P,BLEEDING,PrA
Pregnancy Bleeding,ICD9CM,641.81,"Other antepartum hemorrhage, delivered, with or without mention of antepartum condition",C0156634,"Other antepartum hemorrhage, delivered, with or without mention of antepartum condition",exclude,,P,BLEEDING,PrA
Pregnancy Bleeding,ICD9CM,641.80,"Other antepartum hemorrhage, unspecified as to episode of care or not applicable",C0156633,"Other antepartum hemorrhage, unspecified as to episode of care or not applicable",narrow,,P,BLEEDING,PrA
Pregnancy Bleeding,ICD9CM,641.91,"Unspecified antepartum hemorrhage, delivered, with or without mention of antepartum condition",C0156638,"Unspecified antepartum haemorrhage, with delivery",exclude,,P,BLEEDING,PrA
Pregnancy Bleeding,ICD9CM,641.90,"Unspecified antepartum hemorrhage, unspecified as to episode of care or not applicable",C0156637,"Unspecified antepartum haemorrhage, unspecified as to episode of care",narrow,,P,BLEEDING,PrA
Pregnancy Bleeding,ICD9CM,640.93,"Unspecified hemorrhage in early pregnancy, antepartum condition or complication",C0269599,"Hemorrhage in early pregnancy, antepartum",narrow,,P,BLEEDING,PrA
Pregnancy Bleeding,ICD9CM,641.33,"Antepartum hemorrhage associated with coagulation defects, antepartum condition or complication",C0156631,Antepartum hemorrhage associated with coagulation defect,narrow,,P,BLEEDING,PrA
Pregnancy Bleeding,ICD9CM,641.3,Antepartum hemorrhage associated with coagulation defects,C0156631,Antepartum hemorrhage associated with coagulation defect,narrow,,P,BLEEDING,PrA
Pregnancy Bleeding,ICD9CM,641.31,"Antepartum hemorrhage associated with coagulation defects, delivered, with or without mention of antepartum condition",C0156630,"Antepartum hemorrhage associated with coagulation defects, delivered, with or without mention of antepartum condition",exclude,,P,BLEEDING,PrA
Pregnancy Bleeding,ICD9CM,666.1,Other immediate postpartum hemorrhage,C0220887,"Other immediate postpartum hemorrhage, postpartum",narrow,,P,BLEEDING,PrA
Pregnancy Bleeding,ICD9CM,666.14,"Other immediate postpartum hemorrhage, postpartum condition or complication",C0220887,"Other immediate postpartum hemorrhage, postpartum",narrow,,P,BLEEDING,PrA
Pregnancy Bleeding,ICD9CM,656.00,"Fetal-maternal hemorrhage, unspecified as to episode of care or not applicable",C0015959,Fetomaternal Transfusion,narrow,,P,BLEEDING,PrA
Pregnancy Bleeding,ICD9CM,772.0,Fetal blood loss,C0158951,Fetal blood loss,exclude,,P,BLEEDING,PrA
Pregnancy Bleeding,ICD9CM,656.03,"Fetal-maternal hemorrhage, antepartum condition or complication",C0157104,"Fetal-maternal hemorrhage, antepartum condition or complication",narrow,,P,BLEEDING,PrA
Pregnancy Bleeding,ICD9CM,656.01,"Fetal-maternal hemorrhage, delivered, with or without mention of antepartum condition",C0157103,"Foetal-maternal haemorrhage, with delivery",exclude,,P,BLEEDING,PrA
Pregnancy Bleeding,ICD9CM,656.0,Fetal-maternal hemorrhage affecting management of mother,C0157101,Fetal-maternal hemorrhage affecting management of mother,narrow,,P,BLEEDING,PrA
Pregnancy Bleeding,ICD9CM,640.80,"Other specified hemorrhage in early pregnancy, unspecified as to episode of care or not applicable",C0156609,"Other specified hemorrhage in early pregnancy, unspecified as to episode of care or not applicable",narrow,,P,BLEEDING,PrA
Pregnancy Bleeding,ICD9CM,640.8,Other specified hemorrhage in early pregnancy,C0156608,Other specified hemorrhage in early pregnancy,narrow,,P,BLEEDING,PrA
Pregnancy Bleeding,ICD9CM,641.93,"Unspecified antepartum hemorrhage, antepartum condition or complication",C0269608,Antepartum hemorrhage,narrow,,P,BLEEDING,PrA
Pregnancy Bleeding,ICD9CM,641.9,Unspecified antepartum hemorrhage,C0269608,Antepartum hemorrhage,narrow,,P,BLEEDING,PrA
Pregnancy Bleeding,ICD9CM,640.83,"Other specified hemorrhage in early pregnancy, antepartum condition or complication",C0269607,"Other specified hemorrhage in early pregnancy, antepartum condition or complication",narrow,,P,BLEEDING,PrA
Pregnancy Bleeding,ICD9CM,640.00,"Threatened abortion, unspecified as to episode of care or not applicable",C0156605,"Threatened abortion, unspecified as to episode of care",narrow,,P,BLEEDING,PrA
Pregnancy Bleeding,ICD9CM,640,Hemorrhage in early pregnancy,C0156604,Hemorrhage in early pregnancy,narrow,,P,BLEEDING,PrA
Pregnancy Bleeding,ICD9CM,640.9,Unspecified hemorrhage in early pregnancy,C0156604,Hemorrhage in early pregnancy,narrow,,P,BLEEDING,PrA
Pregnancy Bleeding,ICD9CM,656,Other known or suspected fetal and placental problems affecting management of mother,C2349589,Other known or suspected fetal and placental problems affecting management of mother,narrow,,P,BLEEDING,PrA
Pregnancy Bleeding,SCTSPA,198904006,"placenta previa con hemorragia, no especificada",C0156621,Placenta previa with hemorrhage,narrow,,P,BLEEDING,PrA
Pregnancy Bleeding,SCTSPA,19882008,hemorragia por placenta previa,C0156621,Placenta previa with hemorrhage,narrow,,P,BLEEDING,PrA
Pregnancy Bleeding,SCTSPA,198903000,placenta previa con hemorragia,C0156621,Placenta previa with hemorrhage,narrow,,P,BLEEDING,PrA
Pregnancy Bleeding,SCTSPA,198907004,"placenta previa con hemorragia, SAI",C0156621,Placenta previa with hemorrhage,narrow,,P,BLEEDING,PrA
Pregnancy Bleeding,SCTSPA,70165003,feto O recién nacido afectado por ruptura del seno marginal,C0270029,"rupture; marginal sinus, affecting fetus or newborn",exclude,,P,BLEEDING,PrA
Pregnancy Bleeding,SCTSPA,206073008,efecto de ruptura de seno marginal sobre el feto o recién nacido,C0270029,"rupture; marginal sinus, affecting fetus or newborn",exclude,,P,BLEEDING,PrA
Pregnancy Bleeding,SCTSPA,888003,efecto de la pérdida materna de sangre sobre el feto o recién nacido,C0270028,Maternal blood loss affecting fetus or newborn,exclude,,P,BLEEDING,PrA
Pregnancy Bleeding,SCTSPA,427139004,sangrado del tercer trimestre,C1959899,Third trimester bleeding,narrow,,P,BLEEDING,PrA
Pregnancy Bleeding,SCTSPA,111433003,"hemorragia no especificada en el embarazo temprano, no considerada como un episodio importante - RETIRADO -",C0156613,"Unspecified hemorrhage in early pregnancy, unspecified as to episode of care",narrow,,P,BLEEDING,PrA
Pregnancy Bleeding,SCTSPA,267197003,"hemorragia preparto, desprendimiento prematuro de placenta y placenta previa",C0156616,"Antepartum hemorrhage, abruptio placentae and placenta previa",narrow,,P,BLEEDING,PrA
Pregnancy Bleeding,SCTSPA,237273008,desprendimiento de placenta evidenciado,C0473376,Revealed placental abruption,narrow,,P,BLEEDING,PrA
Pregnancy Bleeding,SCTSPA,198909001,"desprendimiento prematuro de placenta, no especificado",C0000832,Abruptio Placentae,narrow,,P,BLEEDING,PrA
Pregnancy Bleeding,SCTSPA,360561001,hemorragia accidental,C0000832,Abruptio Placentae,narrow,,P,BLEEDING,PrA
Pregnancy Bleeding,SCTSPA,405736009,hemorragia preparto accidental,C0000832,Abruptio Placentae,narrow,,P,BLEEDING,PrA
Pregnancy Bleeding,SCTSPA,415105001,desprendimiento placentario,C0000832,Abruptio Placentae,narrow,,P,BLEEDING,PrA
Pregnancy Bleeding,SCTSPA,198913008,"desprendimiento prematuro de placenta, SAI",C0000832,Abruptio Placentae,narrow,,P,BLEEDING,PrA
Pregnancy Bleeding,SCTSPA,35898002,abruptio placentae,C0000832,Abruptio Placentae,narrow,,P,BLEEDING,PrA
Pregnancy Bleeding,SCTSPA,1323351000000104,sangrado en el primer trimestre,C1880779,First trimester bleeding,narrow,,P,BLEEDING,PrA
Pregnancy Bleeding,SCTSPA,430881000,sangrado del segundo trimestre del embarazo,C2316827,Second trimester bleeding,narrow,,P,BLEEDING,PrA
Pregnancy Bleeding,SCTSPA,198931009,otra hemorragia preparto,C0156635,Other antepartum hemorrhage,narrow,,P,BLEEDING,PrA
Pregnancy Bleeding,SCTSPA,198935000,"otra hemorragia preparto, SAI",C0156635,Other antepartum hemorrhage,narrow,,P,BLEEDING,PrA
Pregnancy Bleeding,SCTSPA,200522000,(X)otra hemorragia preparto,C0156635,Other antepartum hemorrhage,narrow,,P,BLEEDING,PrA
Pregnancy Bleeding,SCTSPA,198932002,"otra hemorragia preparto, no especificada",C0156635,Other antepartum hemorrhage,narrow,,P,BLEEDING,PrA
Pregnancy Bleeding,SCTSPA,198882006,"amenaza de aborto, no especificada",C0000821,Threatened abortion,exclude,,P,BLEEDING,PrA
Pregnancy Bleeding,SCTSPA,198885008,"amenaza de aborto, SAI",C0000821,Threatened abortion,exclude,,P,BLEEDING,PrA
Pregnancy Bleeding,SCTSPA,22689002,amenaza de aborto (anteparto),C0000821,Threatened abortion,exclude,,P,BLEEDING,PrA
Pregnancy Bleeding,SCTSPA,54048003,amenaza de aborto,C0000821,Threatened abortion,exclude,,P,BLEEDING,PrA
Pregnancy Bleeding,SCTSPA,24095001,placenta previa oclusiva parcial,C0266764,Placenta previa partialis,possible,,P,BLEEDING,PrA
Pregnancy Bleeding,SCTSPA,62531004,placenta previa marginal,C0266762,Placenta previa marginalis,possible,,P,BLEEDING,PrA
Pregnancy Bleeding,SCTSPA,15663008,placenta previa oclusiva total,C0266763,Placenta previa centralis,possible,,P,BLEEDING,PrA
Pregnancy Bleeding,SCTSPA,30850008,"hemorragia a principios del embarazo, prenatal",C0269599,"Hemorrhage in early pregnancy, antepartum",narrow,,P,BLEEDING,PrA
Pregnancy Bleeding,SCTSPA,2814002,hemorragia prenatal asociada con coagulopatía,C0156631,Antepartum hemorrhage associated with coagulation defect,narrow,,P,BLEEDING,PrA
Pregnancy Bleeding,SCTSPA,198916000,hemorragia preparto con defecto de la coagulación no especificado,C0156631,Antepartum hemorrhage associated with coagulation defect,narrow,,P,BLEEDING,PrA
Pregnancy Bleeding,SCTSPA,198919007,"hemorragia preparto con defecto de la coagulación, SAI",C0156631,Antepartum hemorrhage associated with coagulation defect,narrow,,P,BLEEDING,PrA
Pregnancy Bleeding,SCTSPA,267199000,hemorragia en el preparto con defecto de coagulación,C0156631,Antepartum hemorrhage associated with coagulation defect,narrow,,P,BLEEDING,PrA
Pregnancy Bleeding,SCTSPA,106004004,complicación hemorrágica del embarazo,C0269596,Hemorrhagic complication of pregnancy,narrow,,P,BLEEDING,PrA
Pregnancy Bleeding,SCTSPA,19211001,hemorragia del embarazo,C0269596,Hemorrhagic complication of pregnancy,narrow,,P,BLEEDING,PrA
Pregnancy Bleeding,SCTSPA,199576009,hemorragia feto - materna no especificada,C0015959,Fetomaternal Transfusion,narrow,,P,BLEEDING,PrA
Pregnancy Bleeding,SCTSPA,71028008,hemorragia fetomaterna,C0015959,Fetomaternal Transfusion,narrow,,P,BLEEDING,PrA
Pregnancy Bleeding,SCTSPA,199579002,"hemorragia feto - materna, SAI",C0015959,Fetomaternal Transfusion,narrow,,P,BLEEDING,PrA
Pregnancy Bleeding,SCTSPA,24141009,hemorragia fetal en la circulación materna,C0015959,Fetomaternal Transfusion,exclude,,P,BLEEDING,PrA
Pregnancy Bleeding,SCTSPA,723665008,sangrado vaginal que complica el comienzo del embarazo,C4518426,Vaginal bleeding complicating early pregnancy,narrow,,P,BLEEDING,PrA
Pregnancy Bleeding,SCTSPA,198893008,"hemorragia del comienzo del embarazo, SAI - nacido",C0473337,"Unspecified hemorrhage in early pregnancy, delivered, with or without antepartum condition",exclude,,P,BLEEDING,PrA
Pregnancy Bleeding,SCTSPA,81448000,"hemorragia a principios del embarazo, con parto",C0473337,"Unspecified hemorrhage in early pregnancy, delivered, with or without antepartum condition",exclude,,P,BLEEDING,PrA
Pregnancy Bleeding,SCTSPA,16320551000119109,sangrado por tracto genital femenino concomitante con embarazo,C3163625,vaginal bleeding during pregnancy,narrow,,P,BLEEDING,PrA
Pregnancy Bleeding,SCTSPA,75836008,hemorragia prenatal Y/O intraparto asociada con traumatismo,C0269617,Antepartum or intrapartum hemorrhage associated with trauma,exclude,,P,BLEEDING,PrA
Pregnancy Bleeding,SCTSPA,206390008,hemorragia fetal,C0158951,Fetal blood loss,exclude,,P,BLEEDING,PrA
Pregnancy Bleeding,SCTSPA,206391007,"hemorragia fetal, no especificada",C0158951,Fetal blood loss,exclude,,P,BLEEDING,PrA
Pregnancy Bleeding,SCTSPA,206394004,"hemorragia fetal, SAI",C0158951,Fetal blood loss,exclude,,P,BLEEDING,PrA
Pregnancy Bleeding,SCTSPA,36813001,placenta previa,C0032046,Placenta Previa,possible,,P,BLEEDING,PrA
Pregnancy Bleeding,SCTSPA,111435005,"otros tipos de hemorragias especificadas en el embarazo temprano, no consideradas como un episodio importante - RETIRADO -",C0156609,"Other specified hemorrhage in early pregnancy, unspecified as to episode of care or not applicable",narrow,,P,BLEEDING,PrA
Pregnancy Bleeding,SCTSPA,34842007,hemorragia preparto,C0269608,Antepartum hemorrhage,narrow,,P,BLEEDING,PrA
Pregnancy Bleeding,SCTSPA,198940008,"hemorragia preparto, SAI",C0269608,Antepartum hemorrhage,narrow,,P,BLEEDING,PrA
Pregnancy Bleeding,SCTSPA,156104008,Antepartum haemorrhage NOS,C0269608,Antepartum hemorrhage,narrow,,P,BLEEDING,PrA
Pregnancy Bleeding,SCTSPA,198936004,Antepartum haemorrhage NOS,C0269608,Antepartum hemorrhage,narrow,,P,BLEEDING,PrA
Pregnancy Bleeding,SCTSPA,198937008,"hemorragia preparto, SAI, no especificada",C0269608,Antepartum hemorrhage,narrow,,P,BLEEDING,PrA
Pregnancy Bleeding,SCTSPA,111437002,"otros tipos de hemorragias especificadas en el embarazo temprano, con una condición o complicación preparto - RETIRADO -",C0269607,"Other specified hemorrhage in early pregnancy, antepartum condition or complication",narrow,,P,BLEEDING,PrA
Pregnancy Bleeding,SCTSPA,198892003,"hemorragia del comienzo del embarazo, SAI, no especificada",C0156604,Hemorrhage in early pregnancy,narrow,,P,BLEEDING,PrA
Pregnancy Bleeding,SCTSPA,25825004,hemorragia antes de la semana 22 de gestación,C0156604,Hemorrhage in early pregnancy,narrow,,P,BLEEDING,PrA
Pregnancy Bleeding,SCTSPA,198891005,"hemorragia del comienzo del embarazo, SAI",C0156604,Hemorrhage in early pregnancy,narrow,,P,BLEEDING,PrA
Pregnancy Bleeding,RCD2,L111z,Placenta praevia + haem'ge NOS,C0156621,Placenta previa with hemorrhage,narrow,,P,BLEEDING,PrA
Pregnancy Bleeding,RCD2,L111.,Placenta praevia + haemorrhage,C0156621,Placenta previa with hemorrhage,narrow,,P,BLEEDING,PrA
Pregnancy Bleeding,RCD2,L1110,Placenta praevia with haemorrhage unspecified,C0156621,Placenta previa with hemorrhage,narrow,,P,BLEEDING,PrA
Pregnancy Bleeding,RCD2,Q0216,Fetus or neonate affected by marginal sinus rupture,C0270029,"rupture; marginal sinus, affecting fetus or newborn",exclude,,P,BLEEDING,PrA
Pregnancy Bleeding,RCD2,L112z,Placental abruption NOS,C0000832,Abruptio Placentae,narrow,,P,BLEEDING,PrA
Pregnancy Bleeding,RCD2,L1120,Placental abruption unspecif.,C0000832,Abruptio Placentae,narrow,,P,BLEEDING,PrA
Pregnancy Bleeding,RCD2,L11y0,Other APH unspecified,C0156635,Other antepartum hemorrhage,narrow,,P,BLEEDING,PrA
Pregnancy Bleeding,RCD2,L11y.,Other antepartum haemorrhage,C0156635,Other antepartum hemorrhage,narrow,,P,BLEEDING,PrA
Pregnancy Bleeding,RCD2,L11yz,Other APH NOS,C0156635,Other antepartum hemorrhage,narrow,,P,BLEEDING,PrA
Pregnancy Bleeding,RCD2,Lyu3E,[X]Other antepartum haemorrhag,C0156635,Other antepartum hemorrhage,narrow,,P,BLEEDING,PrA
Pregnancy Bleeding,RCD2,L100z,Threatened abortion NOS,C0000821,Threatened abortion,exclude,,P,BLEEDING,PrA
Pregnancy Bleeding,RCD2,L100.,Threatened abortion,C0000821,Threatened abortion,exclude,,P,BLEEDING,PrA
Pregnancy Bleeding,RCD2,L1000,Threatened abortion unspecified,C0000821,Threatened abortion,exclude,,P,BLEEDING,PrA
Pregnancy Bleeding,RCD2,L113z,APH + coagulation defect NOS,C0156631,Antepartum hemorrhage associated with coagulation defect,narrow,,P,BLEEDING,PrA
Pregnancy Bleeding,RCD2,L1130,APH + coag.defect unspecified,C0156631,Antepartum hemorrhage associated with coagulation defect,narrow,,P,BLEEDING,PrA
Pregnancy Bleeding,RCD2,L2600,Fetal-maternal h'ge unspecif.,C0015959,Fetomaternal Transfusion,narrow,,P,BLEEDING,PrA
Pregnancy Bleeding,RCD2,L260.,Fetal-maternal haemorrhage,C0015959,Fetomaternal Transfusion,narrow,,P,BLEEDING,PrA
Pregnancy Bleeding,RCD2,L260z,Fetal-maternal haemorrhage NOS,C0015959,Fetomaternal Transfusion,narrow,,P,BLEEDING,PrA
Pregnancy Bleeding,RCD2,L10z1,Early preg.h'ge NOS-delivered,C0473337,"Unspecified hemorrhage in early pregnancy, delivered, with or without antepartum condition",exclude,,P,BLEEDING,PrA
Pregnancy Bleeding,RCD2,Q410.,Fetal blood loss,C0158951,Fetal blood loss,exclude,,P,BLEEDING,PrA
Pregnancy Bleeding,RCD2,Q4100,Fetal blood loss unspecified,C0158951,Fetal blood loss,exclude,,P,BLEEDING,PrA
Pregnancy Bleeding,RCD2,Q410z,Fetal blood loss NOS,C0158951,Fetal blood loss,exclude,,P,BLEEDING,PrA
Pregnancy Bleeding,RCD2,L11z0,Antepartum h'ge NOS unspec.,C0269608,Antepartum hemorrhage,narrow,,P,BLEEDING,PrA
Pregnancy Bleeding,RCD2,L11zz,Antepartum h'ge NOS,C0269608,Antepartum hemorrhage,narrow,,P,BLEEDING,PrA
Pregnancy Bleeding,RCD2,L10z0,Early pregnancy h'ge NOS unsp.,C0156604,Hemorrhage in early pregnancy,narrow,,P,BLEEDING,PrA
Pregnancy Bleeding,RCD2,L10z.,Early pregnancy haemorrh. NOS,C0156604,Hemorrhage in early pregnancy,narrow,,P,BLEEDING,PrA
Pregnancy Bleeding,RCD2,L10..,Haemorrhage in early pregnancy,C0156604,Hemorrhage in early pregnancy,narrow,,P,BLEEDING,PrA
Pregnancy Bleeding,SNOMEDCT_US,156101000,Placenta praevia with haemorrhage,C0156621,Placenta previa with hemorrhage,narrow,,P,BLEEDING,PrA
Pregnancy Bleeding,SNOMEDCT_US,198904006,Placenta praevia with haemorrhage unspecified,C0156621,Placenta previa with hemorrhage,narrow,,P,BLEEDING,PrA
Pregnancy Bleeding,SNOMEDCT_US,19882008,Haemorrhage from placenta praevia,C0156621,Placenta previa with hemorrhage,narrow,,P,BLEEDING,PrA
Pregnancy Bleeding,SNOMEDCT_US,198903000,Placenta previa with hemorrhage,C0156621,Placenta previa with hemorrhage,narrow,,P,BLEEDING,PrA
Pregnancy Bleeding,SNOMEDCT_US,198907004,Placenta praevia with haemorrhage NOS,C0156621,Placenta previa with hemorrhage,narrow,,P,BLEEDING,PrA
Pregnancy Bleeding,SNOMEDCT_US,70165003,Fetal or neonatal effect of rupture of marginal sinus,C0270029,"rupture; marginal sinus, affecting fetus or newborn",exclude,,P,BLEEDING,PrA
Pregnancy Bleeding,SNOMEDCT_US,206073008,Fetal or neonatal effect of marginal sinus rupture,C0270029,"rupture; marginal sinus, affecting fetus or newborn",exclude,,P,BLEEDING,PrA
Pregnancy Bleeding,SNOMEDCT_US,888003,Fetal or neonatal effect of maternal blood loss,C0270028,Maternal blood loss affecting fetus or newborn,exclude,,P,BLEEDING,PrA
Pregnancy Bleeding,SNOMEDCT_US,198908009,Couvelaire uterus,C0221379,Couvelaire uterus,narrow,,P,BLEEDING,PrA
Pregnancy Bleeding,SNOMEDCT_US,62131008,Couvelaire uterus,C0221379,Couvelaire uterus,narrow,,P,BLEEDING,PrA
Pregnancy Bleeding,SNOMEDCT_US,198895001,Early pregnancy haemorrhage NOS,C1536977,(Inevitable abortion) or (early pregnancy hemorrhage NOS),narrow,,P,BLEEDING,PrA
Pregnancy Bleeding,SNOMEDCT_US,427139004,Third trimester bleeding,C1959899,Third trimester bleeding,narrow,,P,BLEEDING,PrA
Pregnancy Bleeding,SNOMEDCT_US,111433003,"Unspecified haemorrhage in early pregnancy, unspecified as to episode of care",C0156613,"Unspecified hemorrhage in early pregnancy, unspecified as to episode of care",narrow,,P,BLEEDING,PrA
Pregnancy Bleeding,SNOMEDCT_US,267197003,"Antepartum hemorrhage, abruptio placentae and placenta previa",C0156616,"Antepartum hemorrhage, abruptio placentae and placenta previa",narrow,,P,BLEEDING,PrA
Pregnancy Bleeding,SNOMEDCT_US,198896000,Antepartum bleeding,C0156616,"Antepartum hemorrhage, abruptio placentae and placenta previa",narrow,,P,BLEEDING,PrA
Pregnancy Bleeding,SNOMEDCT_US,237273008,Revealed placental abruption,C0473376,Revealed placental abruption,narrow,,P,BLEEDING,PrA
Pregnancy Bleeding,SNOMEDCT_US,198915001,Antepartum haemorrhage with afibrinogenaemia,C0473370,Antepartum hemorrhage with hypofibrinogenemia,narrow,,P,BLEEDING,PrA
Pregnancy Bleeding,SNOMEDCT_US,157124001,Fetal/neonatal haemorrhage,C0473800,Fetal &/or neonatal hemorrhage,exclude,,P,BLEEDING,PrA
Pregnancy Bleeding,SNOMEDCT_US,268877008,Fetal/neonatal haemorrhage,C0473800,Fetal &/or neonatal hemorrhage,exclude,,P,BLEEDING,PrA
Pregnancy Bleeding,SNOMEDCT_US,198886009,Bleeding in early pregnancy (& [other haemorrhage]),C2004387,Bleeding in early pregnancy (& [other hemorrhage]),narrow,,P,BLEEDING,PrA
Pregnancy Bleeding,SNOMEDCT_US,198909001,Placental abruption unspecified,C0000832,Abruptio Placentae,narrow,,P,BLEEDING,PrA
Pregnancy Bleeding,SNOMEDCT_US,360561001,Accidental antepartum haemorrhage,C0000832,Abruptio Placentae,narrow,,P,BLEEDING,PrA
Pregnancy Bleeding,SNOMEDCT_US,405736009,Accidental antepartum haemorrhage,C0000832,Abruptio Placentae,narrow,,P,BLEEDING,PrA
Pregnancy Bleeding,SNOMEDCT_US,267198008,Placental abruption,C0000832,Abruptio Placentae,narrow,,P,BLEEDING,PrA
Pregnancy Bleeding,SNOMEDCT_US,415105001,Placental abruption,C0000832,Abruptio Placentae,narrow,,P,BLEEDING,PrA
Pregnancy Bleeding,SNOMEDCT_US,156102007,Placental abruption,C0000832,Abruptio Placentae,narrow,,P,BLEEDING,PrA
Pregnancy Bleeding,SNOMEDCT_US,198913008,Placental abruption NOS,C0000832,Abruptio Placentae,narrow,,P,BLEEDING,PrA
Pregnancy Bleeding,SNOMEDCT_US,35898002,Ablatio placentae,C0000832,Abruptio Placentae,narrow,,P,BLEEDING,PrA
Pregnancy Bleeding,SNOMEDCT_US,1323351000000104,First trimester bleeding,C1880779,First trimester bleeding,narrow,,P,BLEEDING,PrA
Pregnancy Bleeding,SNOMEDCT_US,430881000,Second trimester bleeding,C2316827,Second trimester bleeding,narrow,,P,BLEEDING,PrA
Pregnancy Bleeding,SNOMEDCT_US,198931009,Other antepartum haemorrhage,C0156635,Other antepartum hemorrhage,narrow,,P,BLEEDING,PrA
Pregnancy Bleeding,SNOMEDCT_US,198935000,Other antepartum haemorrhage NOS,C0156635,Other antepartum hemorrhage,narrow,,P,BLEEDING,PrA
Pregnancy Bleeding,SNOMEDCT_US,200522000,[X]Other antepartum haemorrhage,C0156635,Other antepartum hemorrhage,narrow,,P,BLEEDING,PrA
Pregnancy Bleeding,SNOMEDCT_US,198932002,Other antepartum haemorrhage unspecified,C0156635,Other antepartum hemorrhage,narrow,,P,BLEEDING,PrA
Pregnancy Bleeding,SNOMEDCT_US,198882006,Threatened abortion unspecified,C0000821,Threatened abortion,exclude,,P,BLEEDING,PrA
Pregnancy Bleeding,SNOMEDCT_US,198885008,Threatened abortion NOS,C0000821,Threatened abortion,exclude,,P,BLEEDING,PrA
Pregnancy Bleeding,SNOMEDCT_US,156098004,Threatened miscarriage,C0000821,Threatened abortion,exclude,,P,BLEEDING,PrA
Pregnancy Bleeding,SNOMEDCT_US,22689002,Threatened abortion (antepartum),C0000821,Threatened abortion,exclude,,P,BLEEDING,PrA
Pregnancy Bleeding,SNOMEDCT_US,54048003,Threatened miscarriage,C0000821,Threatened abortion,exclude,,P,BLEEDING,PrA
Pregnancy Bleeding,SNOMEDCT_US,30850008,"Haemorrhage in early pregnancy, antepartum",C0269599,"Hemorrhage in early pregnancy, antepartum",narrow,,P,BLEEDING,PrA
Pregnancy Bleeding,SNOMEDCT_US,156103002,Antepartum haemorrhage with coagulation defect,C0156631,Antepartum hemorrhage associated with coagulation defect,narrow,,P,BLEEDING,PrA
Pregnancy Bleeding,SNOMEDCT_US,2814002,Antepartum haemorrhage associated with coagulation defects,C0156631,Antepartum hemorrhage associated with coagulation defect,narrow,,P,BLEEDING,PrA
Pregnancy Bleeding,SNOMEDCT_US,198916000,Antepartum haemorrhage with coagulation defect unspecified,C0156631,Antepartum hemorrhage associated with coagulation defect,narrow,,P,BLEEDING,PrA
Pregnancy Bleeding,SNOMEDCT_US,198919007,Antepartum haemorrhage with coagulation defect NOS,C0156631,Antepartum hemorrhage associated with coagulation defect,narrow,,P,BLEEDING,PrA
Pregnancy Bleeding,SNOMEDCT_US,267199000,Antepartum hemorrhage associated with coagulation defect,C0156631,Antepartum hemorrhage associated with coagulation defect,narrow,,P,BLEEDING,PrA
Pregnancy Bleeding,SNOMEDCT_US,106004004,Hemorrhagic complication of pregnancy,C0269596,Hemorrhagic complication of pregnancy,narrow,,P,BLEEDING,PrA
Pregnancy Bleeding,SNOMEDCT_US,19211001,Haemorrhage of pregnancy,C0269596,Hemorrhagic complication of pregnancy,narrow,,P,BLEEDING,PrA
Pregnancy Bleeding,SNOMEDCT_US,206392000,Fetal maternal haemorrhage,C0015959,Fetomaternal Transfusion,narrow,,P,BLEEDING,PrA
Pregnancy Bleeding,SNOMEDCT_US,199576009,Fetal-maternal haemorrhage unspecified,C0015959,Fetomaternal Transfusion,narrow,,P,BLEEDING,PrA
Pregnancy Bleeding,SNOMEDCT_US,71028008,Fetal-maternal hemorrhage,C0015959,Fetomaternal Transfusion,narrow,,P,BLEEDING,PrA
Pregnancy Bleeding,SNOMEDCT_US,199579002,Fetal-maternal haemorrhage NOS,C0015959,Fetomaternal Transfusion,narrow,,P,BLEEDING,PrA
Pregnancy Bleeding,SNOMEDCT_US,24141009,Fetal haemorrhage into mother's circulation,C0015959,Fetomaternal Transfusion,exclude,,P,BLEEDING,PrA
Pregnancy Bleeding,SNOMEDCT_US,723665008,Vaginal bleeding complicating early pregnancy,C4518426,Vaginal bleeding complicating early pregnancy,narrow,,P,BLEEDING,PrA
Pregnancy Bleeding,SNOMEDCT_US,198893008,Early pregnancy haemorrhage NOS - delivered,C0473337,"Unspecified hemorrhage in early pregnancy, delivered, with or without antepartum condition",exclude,,P,BLEEDING,PrA
Pregnancy Bleeding,SNOMEDCT_US,81448000,"Haemorrhage in early pregnancy, delivered",C0473337,"Unspecified hemorrhage in early pregnancy, delivered, with or without antepartum condition",exclude,,P,BLEEDING,PrA
Pregnancy Bleeding,SNOMEDCT_US,16320551000119109,Bleeding from female genital tract during pregnancy,C3163625,vaginal bleeding during pregnancy,narrow,,P,BLEEDING,PrA
Pregnancy Bleeding,SNOMEDCT_US,75836008,Ante AND/OR intrapartum haemorrhage associated with trauma,C0269617,Antepartum or intrapartum hemorrhage associated with trauma,exclude,,P,BLEEDING,PrA
Pregnancy Bleeding,SNOMEDCT_US,206390008,Fetal blood loss,C0158951,Fetal blood loss,exclude,,P,BLEEDING,PrA
Pregnancy Bleeding,SNOMEDCT_US,206391007,"Fetal blood loss, unspecified",C0158951,Fetal blood loss,exclude,,P,BLEEDING,PrA
Pregnancy Bleeding,SNOMEDCT_US,206394004,Fetal blood loss NOS,C0158951,Fetal blood loss,exclude,,P,BLEEDING,PrA
Pregnancy Bleeding,SNOMEDCT_US,157125000,Fetal blood loss,C0158951,Fetal blood loss,exclude,,P,BLEEDING,PrA
Pregnancy Bleeding,SNOMEDCT_US,36813001,Placenta previa,C0032046,Placenta Previa,possible,,P,BLEEDING,PrA
Pregnancy Bleeding,SNOMEDCT_US,198930005,Placenta praevia,C0032046,Placenta Previa,possible,,P,BLEEDING,PrA
Pregnancy Bleeding,SNOMEDCT_US,157059004,Placenta praevia,C0032046,Placenta Previa,possible,,P,BLEEDING,PrA
Pregnancy Bleeding,SNOMEDCT_US,111435005,"Other specified haemorrhage in early pregnancy, unspecified as to episode of care",C0156609,"Other specified hemorrhage in early pregnancy, unspecified as to episode of care or not applicable",narrow,,P,BLEEDING,PrA
Pregnancy Bleeding,SNOMEDCT_US,34842007,Antepartum hemorrhage,C0269608,Antepartum hemorrhage,narrow,,P,BLEEDING,PrA
Pregnancy Bleeding,SNOMEDCT_US,198940008,Antepartum haemorrhage NOS,C0269608,Antepartum hemorrhage,narrow,,P,BLEEDING,PrA
Pregnancy Bleeding,SNOMEDCT_US,157060009,Antepartum haemorrhage,C0269608,Antepartum hemorrhage,narrow,,P,BLEEDING,PrA
Pregnancy Bleeding,SNOMEDCT_US,156100004,Antepartum haemorrhage,C0269608,Antepartum hemorrhage,narrow,,P,BLEEDING,PrA
Pregnancy Bleeding,SNOMEDCT_US,156104008,Antepartum haemorrhage NOS,C0269608,Antepartum hemorrhage,narrow,,P,BLEEDING,PrA
Pregnancy Bleeding,SNOMEDCT_US,198936004,Antepartum haemorrhage NOS,C0269608,Antepartum hemorrhage,narrow,,P,BLEEDING,PrA
Pregnancy Bleeding,SNOMEDCT_US,198937008,"Antepartum haemorrhage NOS, unspecified",C0269608,Antepartum hemorrhage,narrow,,P,BLEEDING,PrA
Pregnancy Bleeding,SNOMEDCT_US,111437002,"Other specified haemorrhage in early pregnancy, antepartum condition or complication",C0269607,"Other specified hemorrhage in early pregnancy, antepartum condition or complication",narrow,,P,BLEEDING,PrA
Pregnancy Bleeding,SNOMEDCT_US,198892003,Early pregnancy haemorrhage NOS unspecified,C0156604,Hemorrhage in early pregnancy,narrow,,P,BLEEDING,PrA
Pregnancy Bleeding,SNOMEDCT_US,25825004,Bleeding in early pregnancy,C0156604,Hemorrhage in early pregnancy,narrow,,P,BLEEDING,PrA
Pregnancy Bleeding,SNOMEDCT_US,198891005,Early pregnancy haemorrhage NOS,C0156604,Hemorrhage in early pregnancy,narrow,,P,BLEEDING,PrA
Pregnancy Bleeding,MTHICD9,641.30,"Antepartum hemorrhage associated with coagulation defects, unspecified as to episode of care",C0156629,"Antepartum hemorrhage associated with coagulation defects, unspecified as to episode of care or not applicable",narrow,,P,BLEEDING,PrA
Pregnancy Bleeding,MTHICD9,641.10,"Hemorrhage from placenta previa, unspecified as to episode of care",C0156621,Placenta previa with hemorrhage,narrow,,P,BLEEDING,PrA
Pregnancy Bleeding,MTHICD9,762.1,"Damage to placenta from amniocentesis, cesarean section, or surgical induction",C0270029,"rupture; marginal sinus, affecting fetus or newborn",exclude,,P,BLEEDING,PrA
Pregnancy Bleeding,MTHICD9,641.2,Couvelaire uterus,C0221379,Couvelaire uterus,narrow,,P,BLEEDING,PrA
Pregnancy Bleeding,MTHICD9,640.90,"Unspecified hemorrhage in early pregnancy, unspecified as to episode of care",C0156613,"Unspecified hemorrhage in early pregnancy, unspecified as to episode of care",narrow,,P,BLEEDING,PrA
Pregnancy Bleeding,MTHICD9,640.81,"Other specified hemorrhage in early pregnancy, delivered",C0156610,"Other specified hemorrhage in early pregnancy, delivered, with or without mention of antepartum condition",exclude,,P,BLEEDING,PrA
Pregnancy Bleeding,MTHICD9,666.1,Atony of uterus with hemorrhage,C1719604,Atony of uterus with hemorrhage,narrow,,P,BLEEDING,PrA
Pregnancy Bleeding,MTHICD9,656,Fetal-maternal hemorrhage- unspecified as to episode of care in pregnancy,C0000000,Unassociated custom codes,narrow,,P,BLEEDING,PrA
Pregnancy Bleeding,MTHICD9,640.9,Unspecified hemorrhage in early pregnancy- unspecified as to episode of care,C0000000,Unassociated custom codes,narrow,,P,BLEEDING,PrA
Pregnancy Bleeding,MTHICD9,640.8,Other specified hemorrhage in early pregnancy- unspecified as to episode of care,C0000000,Unassociated custom codes,narrow,,P,BLEEDING,PrA
Pregnancy Bleeding,MTHICD9,641.20,"Premature separation of placenta, unspecified as to episode of care",C0000832,Abruptio Placentae,narrow,,P,BLEEDING,PrA
Pregnancy Bleeding,MTHICD9,641.83,"Other antepartum hemorrhage, antepartum",C0156635,Other antepartum hemorrhage,narrow,,P,BLEEDING,PrA
Pregnancy Bleeding,MTHICD9,640.03,"Threatened abortion, antepartum",C0000821,Threatened abortion,narrow,,P,BLEEDING,PrA
Pregnancy Bleeding,MTHICD9,641.81,"Other antepartum hemorrhage, with delivery",C0156634,"Other antepartum hemorrhage, delivered, with or without mention of antepartum condition",exclude,,P,BLEEDING,PrA
Pregnancy Bleeding,MTHICD9,772.11,Bleeding into germinal matrix,C0949187,Bleeding into germinal matrix,exclude,,P,BLEEDING,PrA
Pregnancy Bleeding,MTHICD9,640.93,"Unspecified hemorrhage in early pregnancy, antepartum",C0269599,"Hemorrhage in early pregnancy, antepartum",narrow,,P,BLEEDING,PrA
Pregnancy Bleeding,MTHICD9,641.33,"Antepartum hemorrhage associated with coagulation defect, antepartum",C0156631,Antepartum hemorrhage associated with coagulation defect,narrow,,P,BLEEDING,PrA
Pregnancy Bleeding,MTHICD9,641.31,"Antepartum hemorrhage associated with coagulation defects, with delivery",C0156630,"Antepartum hemorrhage associated with coagulation defects, delivered, with or without mention of antepartum condition",exclude,,P,BLEEDING,PrA
Pregnancy Bleeding,MTHICD9,641.9,Antepartum hemorrhage NOS,C0269596,Hemorrhagic complication of pregnancy,narrow,,P,BLEEDING,PrA
Pregnancy Bleeding,MTHICD9,772.0,Fetal blood loss from placenta,C0270184,Fetal blood loss from cut end of co-twin's cord,exclude,,P,BLEEDING,PrA
Pregnancy Bleeding,MTHICD9,656.00,"Fetal-maternal hemorrhage, unspecified as to episode of care in pregnancy",C0015959,Fetomaternal Transfusion,narrow,,P,BLEEDING,PrA
Pregnancy Bleeding,MTHICD9,641.8,Antepartum or intrapartum hemorrhage associated with uterine leiomyoma,C0866309,Antepartum or intrapartum hemorrhage associated with uterine leiomyoma,exclude,,P,BLEEDING,PrA
Pregnancy Bleeding,MTHICD9,641.1,Total placenta previa NOS or with hemorrhage,C0866303,Total placenta previa NOS or with hemorrhage,narrow,,P,BLEEDING,PrA
Pregnancy Bleeding,MTHICD9,641.3,Antepartum or intrapartum hemorrhage associated with hypofibrinogenemia,C0866307,Antepartum or intrapartum hemorrhage associated with hypofibrinogenemia,exclude,,P,BLEEDING,PrA
Pregnancy Bleeding,MTHICD9,640.80,"Other specified hemorrhage in early pregnancy, unspecified as to episode of care",C0156609,"Other specified hemorrhage in early pregnancy, unspecified as to episode of care or not applicable",narrow,,P,BLEEDING,PrA
Pregnancy Bleeding,MTHICD9,641.93,"Unspecified antepartum hemorrhage, antepartum",C0269608,Antepartum hemorrhage,narrow,,P,BLEEDING,PrA
Pregnancy Bleeding,MTHICD9,640.83,"Other specified hemorrhage in early pregnancy, antepartum",C0269607,"Other specified hemorrhage in early pregnancy, antepartum condition or complication",narrow,,P,BLEEDING,PrA
Ectopic Pregnancy,ICD9CMP,633.8,Other ectopic pregnancy,C0000000,Unassociated custom codes,narrow,,P,EctopicPregnancy,PrA
Ectopic Pregnancy,ICD9CMP,633.9,Unspecified ectopic pregnancy without intrauterine pregnancy,C0000000,Unassociated custom codes,narrow,,P,EctopicPregnancy,PrA
Ectopic Pregnancy,ICD9CMP,633.00,Abdominal pregnancy without intrauterine pregnancy,C0000000,Unassociated custom codes,narrow,,P,EctopicPregnancy,PrA
Ectopic Pregnancy,ICD9CMP,633,Ectopic pregnancy,C0000000,Unassociated custom codes,narrow,,P,EctopicPregnancy,PrA
Ectopic Pregnancy,ICD9CMP,633.0,Abdominal pregnancy,C0000000,Unassociated custom codes,narrow,,P,EctopicPregnancy,PrA
Ectopic Pregnancy,ICD9CMP,633.1,Tubal pregnancy,C0000000,Unassociated custom codes,narrow,,P,EctopicPregnancy,PrA
Ectopic Pregnancy,ICD9CMP,633.2,Ovarian pregnancy,C0000000,Unassociated custom codes,narrow,,P,EctopicPregnancy,PrA
Ectopic Pregnancy,ICD9CMP,633.20,Ovarian pregnancy without intrauterine pregnancy,C0000000,Unassociated custom codes,narrow,,P,EctopicPregnancy,PrA
Ectopic Pregnancy,ICD9CMP,633.21,Ovarian pregnancy with intrauterine pregnancy,C0000000,Unassociated custom codes,narrow,,P,EctopicPregnancy,PrA
Ectopic Pregnancy,ICD9CMP,633.10,Tubal pregnancy without intrauterine pregnancy,C0000000,Unassociated custom codes,narrow,,P,EctopicPregnancy,PrA
Ectopic Pregnancy,ICD9CMP,633.80,Other ectopic pregnancy without intrauterine pregnancy,C0000000,Unassociated custom codes,narrow,,P,EctopicPregnancy,PrA
Ectopic Pregnancy,ICD10CM,O00,ruptured ectopic pregnancy,C0392534,Ruptured ectopic pregnancy,narrow,,P,EctopicPregnancy,PrA
Ectopic Pregnancy,ICD10CM,O00.1,Rupture of (fallopian) tube due to pregnancy,C0041276,Ruptured tubal pregnancy,narrow,,P,EctopicPregnancy,PrA
Ectopic Pregnancy,ICD10CM,O00.10,Tubal pregnancy without intrauterine pregnancy,C1135233,Tubal pregnancy without intrauterine pregnancy,narrow,,P,EctopicPregnancy,PrA
Ectopic Pregnancy,ICD10CM,O00.01,Abdominal pregnancy with intrauterine pregnancy,C1135232,Abdominal pregnancy with intrauterine pregnancy,exclude,,P,EctopicPregnancy,PrA
Ectopic Pregnancy,ICD10CM,O00.20,Ovarian pregnancy without intrauterine pregnancy,C1135235,Ovarian pregnancy without intrauterine pregnancy,narrow,,P,EctopicPregnancy,PrA
Ectopic Pregnancy,ICD10CM,O00.11,Tubal pregnancy with intrauterine pregnancy,C1135234,Tubal pregnancy with intrauterine pregnancy,exclude,,P,EctopicPregnancy,PrA
Ectopic Pregnancy,ICD10CM,O00.8,Intraligamentous pregnancy,C0029604,Other ectopic pregnancy,narrow,,P,EctopicPregnancy,PrA
Ectopic Pregnancy,ICD10CM,O00.80,Other ectopic pregnancy without intrauterine pregnancy,C0029604,Other ectopic pregnancy,narrow,,P,EctopicPregnancy,PrA
Ectopic Pregnancy,ICD10CM,O00.00,Abdominal pregnancy without intrauterine pregnancy,C1135231,Abdominal pregnancy without intrauterine pregnancy,narrow,,P,EctopicPregnancy,PrA
Ectopic Pregnancy,ICD10CM,O00.21,Ovarian pregnancy with intrauterine pregnancy,C1135236,Combined intrauterine and ovarian pregnancy,narrow,,P,EctopicPregnancy,PrA
Ectopic Pregnancy,ICD10CM,O00.90,Unspecified ectopic pregnancy without intrauterine pregnancy,C1135239,Unspecified ectopic pregnancy without intrauterine pregnancy,narrow,,P,EctopicPregnancy,PrA
Ectopic Pregnancy,ICD10CM,O00.81,Other ectopic pregnancy with intrauterine pregnancy,C1135238,Other ectopic pregnancy with intrauterine pregnancy,exclude,,P,EctopicPregnancy,PrA
Ectopic Pregnancy,ICD10CM,O00.2,Ovarian pregnancy,C0032991,"Pregnancy, Ovarian",narrow,,P,EctopicPregnancy,PrA
Ectopic Pregnancy,ICD10CM,O00.91,Unspecified ectopic pregnancy with intrauterine pregnancy,C1135240,Unspecified ectopic pregnancy with intrauterine pregnancy,exclude,,P,EctopicPregnancy,PrA
Ectopic Pregnancy,ICD10CM,O00.0,Abdominal pregnancy,C0032984,"Pregnancy, Abdominal",narrow,,P,EctopicPregnancy,PrA
Ectopic Pregnancy,ICD10CM,O00.9,"Ectopic pregnancy, unspecified",C0032987,Ectopic Pregnancy,narrow,,P,EctopicPregnancy,PrA
Ectopic Pregnancy,ICPC2EENG,W80,Ectopic pregnancy,C0032987,Ectopic Pregnancy,narrow,,P,EctopicPregnancy,PrA
Ectopic Pregnancy,MEDCODEID,3819701000006113,Removal of intraligamentous ectopic pregnancy,C0195636,Removal of intraligamentous ectopic pregnancy,narrow,,P,EctopicPregnancy,PrA
Ectopic Pregnancy,MEDCODEID,2776761000006115,Ruptured ectopic pregnancy,C0392534,Ruptured ectopic pregnancy,narrow,,P,EctopicPregnancy,PrA
Ectopic Pregnancy,MEDCODEID,2776771000006110,Aborted ectopic pregnancy,C0392534,Ruptured ectopic pregnancy,narrow,,P,EctopicPregnancy,PrA
Ectopic Pregnancy,MEDCODEID,308065014,Maternal care for viable fetus in abdominal pregnancy,C1321782,Gestosis,narrow,,P,EctopicPregnancy,PrA
Ectopic Pregnancy,MEDCODEID,305290019,Delivery of viable fetus in abdominal pregnancy,C0451792,Delivery of viable fetus in abdominal pregnancy,narrow,,P,EctopicPregnancy,PrA
Ectopic Pregnancy,MEDCODEID,577381000006110,Complication NOS following abortion/ectopic/molar pregnancy,C0178292,"Complications of pregnancy, childbirth and the puerperium",exclude,,P,EctopicPregnancy,PrA
Ectopic Pregnancy,MEDCODEID,148811000006119,Sepsis NOS following abortion/ectopic/molar pregnancy,C0178292,"Complications of pregnancy, childbirth and the puerperium",exclude,,P,EctopicPregnancy,PrA
Ectopic Pregnancy,MEDCODEID,12717161000006113,Complications following abortion and ectopic and molar pregnancies,C0477810,"Complication following abortion and ectopic and molar pregnancy, unspecified",exclude,,P,EctopicPregnancy,PrA
Ectopic Pregnancy,MEDCODEID,577471000006116,Complications following abortion/ectopic/molar pregnancies,C0477810,"Complication following abortion and ectopic and molar pregnancy, unspecified",exclude,,P,EctopicPregnancy,PrA
Ectopic Pregnancy,MEDCODEID,577461000006111,Complications following abortion/ectopic/molar pregnancies,C0477810,"Complication following abortion and ectopic and molar pregnancy, unspecified",exclude,,P,EctopicPregnancy,PrA
Ectopic Pregnancy,MEDCODEID,1481702017,Removal of ectopic pregnancy from fallopian tube,C1533679,Removal of gestational sac from fallopian tube,narrow,,P,EctopicPregnancy,PrA
Ectopic Pregnancy,MEDCODEID,4793001000006113,Ruptured tubal pregnancy,C0041276,Ruptured tubal pregnancy,narrow,,P,EctopicPregnancy,PrA
Ectopic Pregnancy,MEDCODEID,806911000006111,Gravid fallopian tube rupture,C0041276,Ruptured tubal pregnancy,narrow,,P,EctopicPregnancy,PrA
Ectopic Pregnancy,MEDCODEID,3534131000006110,Laparoscopic treatment of ectopic pregnancy with salpingectomy,C0195664,Laparoscopic treatment of ectopic pregnancy with salpingectomy,narrow,,P,EctopicPregnancy,PrA
Ectopic Pregnancy,MEDCODEID,1481703010,Fimbrial extraction of tubal pregnancy,C1270940,Fimbrial extraction of tubal pregnancy,narrow,,P,EctopicPregnancy,PrA
Ectopic Pregnancy,MEDCODEID,906511000006111,[RFC] Ectopic pregnancy,C0000000,Unassociated custom codes,narrow,,P,EctopicPregnancy,PrA
Ectopic Pregnancy,MEDCODEID,2546831000006116,Complication following molar AND/OR ectopic pregnancy,C0269293,Unspecified complication following molar or ectopic pregnancy,exclude,,P,EctopicPregnancy,PrA
Ectopic Pregnancy,MEDCODEID,574561000006119,Combined or heterotopic pregnancy,C0269291,"Pregnancy, Heterotopic",narrow,,P,EctopicPregnancy,PrA
Ectopic Pregnancy,MEDCODEID,3009021000006115,Combined pregnancy,C0269291,"Pregnancy, Heterotopic",narrow,,P,EctopicPregnancy,PrA
Ectopic Pregnancy,MEDCODEID,5104861000006118,Viable fetus in abdominal pregnancy,C0404869,Viable fetus in abdominal pregnancy,narrow,,P,EctopicPregnancy,PrA
Ectopic Pregnancy,MEDCODEID,5104871000006113,Viable foetus in abdominal pregnancy,C0404869,Viable fetus in abdominal pregnancy,narrow,,P,EctopicPregnancy,PrA
Ectopic Pregnancy,MEDCODEID,17279018,Ovarian pregnancy,C0032991,"Pregnancy, Ovarian",narrow,,P,EctopicPregnancy,PrA
Ectopic Pregnancy,MEDCODEID,870511000006112,Ruptured tubal preg.removal op,C0404190,Excision of ruptured ectopic tubal pregnancy,narrow,,P,EctopicPregnancy,PrA
Ectopic Pregnancy,MEDCODEID,273917018,Excision of ruptured ectopic tubal pregnancy,C0404190,Excision of ruptured ectopic tubal pregnancy,narrow,,P,EctopicPregnancy,PrA
Ectopic Pregnancy,MEDCODEID,870521000006116,Tubal preg. removal op.,C0404190,Excision of ruptured ectopic tubal pregnancy,narrow,,P,EctopicPregnancy,PrA
Ectopic Pregnancy,MEDCODEID,407661000006111,[X]Other complications follow abortn+ectopic+molar pregnancy,C3662201,Termination of pregnancy with complication,exclude,,P,EctopicPregnancy,PrA
Ectopic Pregnancy,MEDCODEID,405601000006118,[X]Oth venous complicatns follow abortn+ectopic+molr pregncy,C3662201,Termination of pregnancy with complication,exclude,,P,EctopicPregnancy,PrA
Ectopic Pregnancy,MEDCODEID,59478019,Intraligamentous pregnancy,C0269288,Intraligamentous pregnancy,narrow,,P,EctopicPregnancy,PrA
Ectopic Pregnancy,MEDCODEID,273916010,Excision of ectopic ovarian pregnancy,C0404189,Excision of ectopic ovarian pregnancy,narrow,,P,EctopicPregnancy,PrA
Ectopic Pregnancy,MEDCODEID,870501000006114,Ovarian preg. removal op.,C0404189,Excision of ectopic ovarian pregnancy,narrow,,P,EctopicPregnancy,PrA
Ectopic Pregnancy,MEDCODEID,501321010,Mesometric pregnancy,C0269287,Mesometric pregnancy,narrow,,P,EctopicPregnancy,PrA
Ectopic Pregnancy,MEDCODEID,115533013,Mural pregnancy,C0269287,Mesometric pregnancy,narrow,,P,EctopicPregnancy,PrA
Ectopic Pregnancy,MEDCODEID,145245010,Cornual pregnancy,C0269286,"Pregnancy, Cornual",narrow,,P,EctopicPregnancy,PrA
Ectopic Pregnancy,MEDCODEID,131553011,Cervical pregnancy,C0269285,Cervical Pregnancy,narrow,,P,EctopicPregnancy,PrA
Ectopic Pregnancy,MEDCODEID,305296013,Tubal pregnancy NOS,C0032994,"Pregnancy, Tubal",narrow,,P,EctopicPregnancy,PrA
Ectopic Pregnancy,MEDCODEID,132037019,Tubal pregnancy,C0032994,"Pregnancy, Tubal",narrow,,P,EctopicPregnancy,PrA
Ectopic Pregnancy,MEDCODEID,1234377011,Fallopian tube pregnancy,C0032994,"Pregnancy, Tubal",narrow,,P,EctopicPregnancy,PrA
Ectopic Pregnancy,MEDCODEID,1209117011,Antenatal ultrasound confirms ectopic pregnancy,C0581075,Antenatal ultrasound confirms ectopic pregnancy,narrow,,P,EctopicPregnancy,PrA
Ectopic Pregnancy,MEDCODEID,305301013,Angular pregnancy,C0404867,"Pregnancy, Angular",narrow,,P,EctopicPregnancy,PrA
Ectopic Pregnancy,MEDCODEID,305300014,Mesenteric pregnancy,C0404868,Mesenteric pregnancy,narrow,,P,EctopicPregnancy,PrA
Ectopic Pregnancy,MEDCODEID,7499561000006116,Miscarriage of tubal ectopic pregnancy,C0000822,"Abortion, Tubal",narrow,,P,EctopicPregnancy,PrA
Ectopic Pregnancy,MEDCODEID,305295012,Tubal abortion,C0000822,"Abortion, Tubal",narrow,,P,EctopicPregnancy,PrA
Ectopic Pregnancy,MEDCODEID,7264921000006115,Multiple pregnancy involving intrauterine pregnancy and tubal pregnancy,C2711092,Combined tubal and intrauterine pregnancy,narrow,,P,EctopicPregnancy,PrA
Ectopic Pregnancy,MEDCODEID,13718411000006111,Ectopic pregnancy of left ovary,C5192557,Ectopic pregnancy of left ovary,narrow,,P,EctopicPregnancy,PrA
Ectopic Pregnancy,MEDCODEID,13718431000006117,Ectopic pregnancy of right ovary,C5192556,Ectopic pregnancy of right ovary,narrow,,P,EctopicPregnancy,PrA
Ectopic Pregnancy,MEDCODEID,5104881000006111,Unruptured tubal pregnancy,C0404870,Unruptured tubal pregnancy,narrow,,P,EctopicPregnancy,PrA
Ectopic Pregnancy,MEDCODEID,5592021000006116,Secondary abdominal pregnancy,C0456237,Secondary abdominal pregnancy,narrow,,P,EctopicPregnancy,PrA
Ectopic Pregnancy,MEDCODEID,305298014,Membranous pregnancy,C0404871,Membranous pregnancy,narrow,,P,EctopicPregnancy,PrA
Ectopic Pregnancy,MEDCODEID,315870012,Fetus or neonate affected by ectopic pregnancy,C0411164,Fetus and newborn affected by ectopic pregnancy,exclude,,P,EctopicPregnancy,PrA
Ectopic Pregnancy,MEDCODEID,315871011,Fetus or neonate affected by unspecified ectopic pregnancy,C0411164,Fetus and newborn affected by ectopic pregnancy,exclude,,P,EctopicPregnancy,PrA
Ectopic Pregnancy,MEDCODEID,315875019,Fetal or neonatal effect of ectopic pregnancy,C0411164,Fetus and newborn affected by ectopic pregnancy,exclude,,P,EctopicPregnancy,PrA
Ectopic Pregnancy,MEDCODEID,6474551000006114,Aspiration of ectopic pregnancy from fallopian tube,C0404236,Aspiration of ectopic pregnancy from fallopian tube,narrow,,P,EctopicPregnancy,PrA
Ectopic Pregnancy,MEDCODEID,137128014,Abdominal pregnancy,C0032984,"Pregnancy, Abdominal",narrow,,P,EctopicPregnancy,PrA
Ectopic Pregnancy,MEDCODEID,671801000006110,Fetus or neonate affected by intraperitoneal ectopic pregnancy,C0270014,Fetus or newborn affected by intraperitoneal pregnancy,exclude,,P,EctopicPregnancy,PrA
Ectopic Pregnancy,MEDCODEID,315872016,Fetus or neonate affected by abdominal ectopic pregnancy,C0270013,Fetus or newborn affected by abdominal pregnancy,exclude,,P,EctopicPregnancy,PrA
Ectopic Pregnancy,MEDCODEID,58080013,Ectopic pregnancy,C0032987,Ectopic Pregnancy,narrow,,P,EctopicPregnancy,PrA
Ectopic Pregnancy,MEDCODEID,305297016,Other ectopic pregnancy,C0032987,Ectopic Pregnancy,narrow,,P,EctopicPregnancy,PrA
Ectopic Pregnancy,MEDCODEID,3060451000006110,EP - Ectopic pregnancy,C0032987,Ectopic Pregnancy,narrow,,P,EctopicPregnancy,PrA
Ectopic Pregnancy,MEDCODEID,305303011,Other ectopic pregnancy NOS,C0032987,Ectopic Pregnancy,narrow,,P,EctopicPregnancy,PrA
Ectopic Pregnancy,MEDCODEID,308080015,[X]Other ectopic pregnancy,C0032987,Ectopic Pregnancy,narrow,,P,EctopicPregnancy,PrA
Ectopic Pregnancy,MEDCODEID,305304017,Ectopic pregnancy NOS,C0032987,Ectopic Pregnancy,narrow,,P,EctopicPregnancy,PrA
Ectopic Pregnancy,MEDCODEID,315874015,Fetus or neonate affected by tubal ectopic pregnancy,C0270015,Fetus or newborn affected by tubal pregnancy,exclude,,P,EctopicPregnancy,PrA
Ectopic Pregnancy,MEDCODEID,4832971000006117,Fetal or neonatal effect of tubal ectopic pregnancy,C0270015,Fetus or newborn affected by tubal pregnancy,narrow,,P,EctopicPregnancy,PrA
Ectopic Pregnancy,ICD10_2019,O00.20,Ovarian pregnancy without intrauterine pregnancy,C1135235,Ovarian pregnancy without intrauterine pregnancy,narrow,,P,EctopicPregnancy,PrA
Ectopic Pregnancy,ICD10_2019,O00.00,Abdominal pregnancy without intrauterine pregnancy,C1135231,Abdominal pregnancy without intrauterine pregnancy,narrow,,P,EctopicPregnancy,PrA
Ectopic Pregnancy,ICD10_2019,O00.81,Other ectopic pregnancy with intrauterine pregnancy,C0000000,Unassociated custom codes,exclude,,P,EctopicPregnancy,PrA
Ectopic Pregnancy,ICD10_2019,O00.11,Tubal pregnancy with intrauterine pregnancy,C0000000,Unassociated custom codes,exclude,,P,EctopicPregnancy,PrA
Ectopic Pregnancy,ICD10_2019,O00.21,Ovarian pregnancy with intrauterine pregnancy,C0000000,Unassociated custom codes,narrow,,P,EctopicPregnancy,PrA
Ectopic Pregnancy,ICD10_2019,O00.01,Abdominal pregnancy with intrauterine pregnancy,C0000000,Unassociated custom codes,exclude,,P,EctopicPregnancy,PrA
Ectopic Pregnancy,ICD10_2019,O00.80,Other ectopic pregnancy without intrauterine pregnancy,C0000000,Unassociated custom codes,narrow,,P,EctopicPregnancy,PrA
Ectopic Pregnancy,ICD10_2019,O00.91,Unspecified ectopic pregnancy with intrauterine pregnancy,C0000000,Unassociated custom codes,exclude,,P,EctopicPregnancy,PrA
Ectopic Pregnancy,ICD10_2019,O00.90,Unspecified ectopic pregnancy without intrauterine pregnancy,C0000000,Unassociated custom codes,narrow,,P,EctopicPregnancy,PrA
Ectopic Pregnancy,ICD10_2019,O00.2,Ovarian pregnancy,C0032991,"Pregnancy, Ovarian",narrow,,P,EctopicPregnancy,PrA
Ectopic Pregnancy,ICD10_2019,O00.10,Tubal pregnancy without intrauterine pregnancy,C0032994,"Pregnancy, Tubal",narrow,,P,EctopicPregnancy,PrA
Ectopic Pregnancy,ICD10_2019,O00.1,Tubal pregnancy,C0032994,"Pregnancy, Tubal",narrow,,P,EctopicPregnancy,PrA
Ectopic Pregnancy,ICD10_2019,O00.0,Abdominal pregnancy,C0032984,"Pregnancy, Abdominal",narrow,,P,EctopicPregnancy,PrA
Ectopic Pregnancy,ICD10_2019,O00.9,"Ectopic pregnancy, unspecified",C0032987,Ectopic Pregnancy,narrow,,P,EctopicPregnancy,PrA
Ectopic Pregnancy,ICD10_2019,O00.8,Other ectopic pregnancy,C0032987,Ectopic Pregnancy,narrow,,P,EctopicPregnancy,PrA
Ectopic Pregnancy,ICD10_2019,O00,Ectopic pregnancy,C0032987,Ectopic Pregnancy,narrow,,P,EctopicPregnancy,PrA
Ectopic Pregnancy,ICPC2P,W80003,Pregnancy;tubal,C0032994,"Pregnancy, Tubal",narrow,,P,EctopicPregnancy,PrA
Ectopic Pregnancy,ICPC2P,W82012,Blighted ovum,C0266648,Blighted ovum,exclude,,P,EctopicPregnancy,PrA
Ectopic Pregnancy,ICPC2P,W80001,Pregnancy;ectopic,C0032987,Ectopic Pregnancy,narrow,,P,EctopicPregnancy,PrA
Ectopic Pregnancy,ICD10,O00.8,Other ectopic pregnancy,C0029604,Other ectopic pregnancy,narrow,,P,EctopicPregnancy,PrA
Ectopic Pregnancy,ICD10,O00.20,Ovarian pregnancy without intrauterine pregnancy,C0000000,Unassociated custom codes,narrow,,P,EctopicPregnancy,PrA
Ectopic Pregnancy,ICD10,O00.00,Abdominal pregnancy without intrauterine pregnancy,C0000000,Unassociated custom codes,narrow,,P,EctopicPregnancy,PrA
Ectopic Pregnancy,ICD10,O00.10,Tubal pregnancy without intrauterine pregnancy,C0000000,Unassociated custom codes,narrow,,P,EctopicPregnancy,PrA
Ectopic Pregnancy,ICD10,O00.80,Other ectopic pregnancy without intrauterine pregnancy,C0000000,Unassociated custom codes,narrow,,P,EctopicPregnancy,PrA
Ectopic Pregnancy,ICD10,O00.90,Unspecified ectopic pregnancy without intrauterine pregnancy,C0000000,Unassociated custom codes,narrow,,P,EctopicPregnancy,PrA
Ectopic Pregnancy,ICD10,O00.2,Ovarian pregnancy,C0032991,"Pregnancy, Ovarian",narrow,,P,EctopicPregnancy,PrA
Ectopic Pregnancy,ICD10,O00.1,Tubal pregnancy,C0032994,"Pregnancy, Tubal",narrow,,P,EctopicPregnancy,PrA
Ectopic Pregnancy,ICD10,O00.0,Abdominal pregnancy,C0032984,"Pregnancy, Abdominal",narrow,,P,EctopicPregnancy,PrA
Ectopic Pregnancy,ICD10,O00.9,"Ectopic pregnancy, unspecified",C0032987,Ectopic Pregnancy,narrow,,P,EctopicPregnancy,PrA
Ectopic Pregnancy,ICD10,O00,Ectopic pregnancy,C0032987,Ectopic Pregnancy,narrow,,P,EctopicPregnancy,PrA
Ectopic Pregnancy,SNM,F31100,Pregnancy- tubal,C0000000,Unassociated custom codes,narrow,,P,EctopicPregnancy,PrA
Ectopic Pregnancy,SNM,F-31100,"Pregnancy, tubal",C0032991,"Pregnancy, Ovarian",narrow,,P,EctopicPregnancy,PrA
Ectopic Pregnancy,SNM,M-28020,Blighted ovum,C0266648,Blighted ovum,exclude,,P,EctopicPregnancy,PrA
Ectopic Pregnancy,ICD10DA,O008E,Graviditet i cicatrice efter kejsersnit,C0029604,Other ectopic pregnancy,narrow,,P,EctopicPregnancy,PrA
Ectopic Pregnancy,ICD10DA,O008D,Ektopisk graviditet i livmodervæggen,C0029604,Other ectopic pregnancy,narrow,,P,EctopicPregnancy,PrA
Ectopic Pregnancy,ICD10DA,O008C,Ektopisk graviditet i livmoderens ligamenter,C0029604,Other ectopic pregnancy,narrow,,P,EctopicPregnancy,PrA
Ectopic Pregnancy,ICD10DA,O008B,Ektopisk graviditet i cornu uteri,C0029604,Other ectopic pregnancy,narrow,,P,EctopicPregnancy,PrA
Ectopic Pregnancy,ICD10DA,O008A,Ektopisk graviditet i livmoderhalsen,C0029604,Other ectopic pregnancy,narrow,,P,EctopicPregnancy,PrA
Ectopic Pregnancy,ICD10DA,O008,Anden form for ektopisk graviditet,C0029604,Other ectopic pregnancy,narrow,,P,EctopicPregnancy,PrA
Ectopic Pregnancy,ICD10DA,O002,Ektopisk graviditet i æggestok,C0032991,"Pregnancy, Ovarian",narrow,,P,EctopicPregnancy,PrA
Ectopic Pregnancy,ICD10DA,O367,Levende foster ved abdominal graviditet,C0451816,Maternal care for viable fetus in abdominal pregnancy,narrow,,P,EctopicPregnancy,PrA
Ectopic Pregnancy,ICD10DA,O001,Ektopisk graviditet i æggeleder,C0032994,"Pregnancy, Tubal",narrow,,P,EctopicPregnancy,PrA
Ectopic Pregnancy,ICD10DA,O019A,Ektopisk mola,C0020217,Hydatidiform Mole,exclude,,P,EctopicPregnancy,PrA
Ectopic Pregnancy,ICD10DA,O000,Ektopisk graviditet i bughulen,C0032984,"Pregnancy, Abdominal",narrow,,P,EctopicPregnancy,PrA
Ectopic Pregnancy,ICD10DA,O003,Heterotop graviditet,C0032987,Ectopic Pregnancy,narrow,,P,EctopicPregnancy,PrA
Ectopic Pregnancy,ICD10DA,O003B,Heterotop graviditet ved IUI/IVF/ICSI,C0032987,Ectopic Pregnancy,narrow,,P,EctopicPregnancy,PrA
Ectopic Pregnancy,ICD10DA,O003A,Heterotop graviditet ved spontan graviditet,C0032987,Ectopic Pregnancy,narrow,,P,EctopicPregnancy,PrA
Ectopic Pregnancy,ICD10DA,O00,Graviditet uden for livmoderen,C0032987,Ectopic Pregnancy,narrow,,P,EctopicPregnancy,PrA
Ectopic Pregnancy,ICD10DA,O009,Ektopisk graviditet UNS,C0032987,Ectopic Pregnancy,narrow,,P,EctopicPregnancy,PrA
Ectopic Pregnancy,ICD9CM,633.10,Tubal pregnancy without intrauterine pregnancy,C1135233,Tubal pregnancy without intrauterine pregnancy,narrow,,P,EctopicPregnancy,PrA
Ectopic Pregnancy,ICD9CM,633.01,Abdominal pregnancy with intrauterine pregnancy,C1135232,Abdominal pregnancy with intrauterine pregnancy,exclude,,P,EctopicPregnancy,PrA
Ectopic Pregnancy,ICD9CM,633.20,Ovarian pregnancy without intrauterine pregnancy,C1135235,Ovarian pregnancy without intrauterine pregnancy,narrow,,P,EctopicPregnancy,PrA
Ectopic Pregnancy,ICD9CM,633.11,Tubal pregnancy with intrauterine pregnancy,C1135234,Tubal pregnancy with intrauterine pregnancy,exclude,,P,EctopicPregnancy,PrA
Ectopic Pregnancy,ICD9CM,633.8,Other ectopic pregnancy,C0029604,Other ectopic pregnancy,narrow,,P,EctopicPregnancy,PrA
Ectopic Pregnancy,ICD9CM,633.00,Abdominal pregnancy without intrauterine pregnancy,C1135231,Abdominal pregnancy without intrauterine pregnancy,narrow,,P,EctopicPregnancy,PrA
Ectopic Pregnancy,ICD9CM,633.80,Other ectopic pregnancy without intrauterine pregnancy,C1135237,Other ectopic pregnancy without intrauterine pregnancy,narrow,,P,EctopicPregnancy,PrA
Ectopic Pregnancy,ICD9CM,633.21,Ovarian pregnancy with intrauterine pregnancy,C1135236,Combined intrauterine and ovarian pregnancy,narrow,,P,EctopicPregnancy,PrA
Ectopic Pregnancy,ICD9CM,633.90,Unspecified ectopic pregnancy without intrauterine pregnancy,C1135239,Unspecified ectopic pregnancy without intrauterine pregnancy,narrow,,P,EctopicPregnancy,PrA
Ectopic Pregnancy,ICD9CM,633.81,Other ectopic pregnancy with intrauterine pregnancy,C1135238,Other ectopic pregnancy with intrauterine pregnancy,exclude,,P,EctopicPregnancy,PrA
Ectopic Pregnancy,ICD9CM,633.2,Ovarian pregnancy,C0032991,"Pregnancy, Ovarian",narrow,,P,EctopicPregnancy,PrA
Ectopic Pregnancy,ICD9CM,633.91,Unspecified ectopic pregnancy with intrauterine pregnancy,C1135240,Unspecified ectopic pregnancy with intrauterine pregnancy,exclude,,P,EctopicPregnancy,PrA
Ectopic Pregnancy,ICD9CM,633.1,Tubal pregnancy,C0032994,"Pregnancy, Tubal",narrow,,P,EctopicPregnancy,PrA
Ectopic Pregnancy,ICD9CM,633.0,Abdominal pregnancy,C0032984,"Pregnancy, Abdominal",narrow,,P,EctopicPregnancy,PrA
Ectopic Pregnancy,ICD9CM,633.9,Unspecified ectopic pregnancy,C0032987,Ectopic Pregnancy,narrow,,P,EctopicPregnancy,PrA
Ectopic Pregnancy,ICD9CM,633,Ectopic pregnancy,C0032987,Ectopic Pregnancy,narrow,,P,EctopicPregnancy,PrA
Ectopic Pregnancy,SCTSPA,200481006,[X]otro embarazo ectópico,C0029604,Other ectopic pregnancy,narrow,,P,EctopicPregnancy,PrA
Ectopic Pregnancy,SCTSPA,198623001,otro embarazo ectópico,C0029604,Other ectopic pregnancy,narrow,,P,EctopicPregnancy,PrA
Ectopic Pregnancy,SCTSPA,198629002,"otro embarazo ectópico, SAI",C0029604,Other ectopic pregnancy,narrow,,P,EctopicPregnancy,PrA
Ectopic Pregnancy,SCTSPA,699240001,embarazo intrauterino y ovárico combinado,C1135236,Combined intrauterine and ovarian pregnancy,narrow,,P,EctopicPregnancy,PrA
Ectopic Pregnancy,SCTSPA,9899009,embarazo ovárico,C0032991,"Pregnancy, Ovarian",narrow,,P,EctopicPregnancy,PrA
Ectopic Pregnancy,SCTSPA,35656003,embarazo intraligamentario,C0269288,Intraligamentous pregnancy,narrow,,P,EctopicPregnancy,PrA
Ectopic Pregnancy,SCTSPA,79290002,embarazo cervical,C0269285,Cervical Pregnancy,narrow,,P,EctopicPregnancy,PrA
Ectopic Pregnancy,SCTSPA,17285009,embarazo intraperitoneal,C0269284,Intraperitoneal pregnancy,narrow,,P,EctopicPregnancy,PrA
Ectopic Pregnancy,SCTSPA,198622006,"embarazo tubárico, SAI",C0032994,"Pregnancy, Tubal",narrow,,P,EctopicPregnancy,PrA
Ectopic Pregnancy,SCTSPA,79586000,embarazo tubárico,C0032994,"Pregnancy, Tubal",narrow,,P,EctopicPregnancy,PrA
Ectopic Pregnancy,SCTSPA,35999006,óvulo fertilizado no desarrollado,C0266648,Blighted ovum,narrow,,P,EctopicPregnancy,PrA
Ectopic Pregnancy,SCTSPA,16836261000119107,embarazo ectópico de ovario izquierdo,C5192557,Ectopic pregnancy of left ovary,narrow,,P,EctopicPregnancy,PrA
Ectopic Pregnancy,SCTSPA,16836351000119100,embarazo ectópico de ovario derecho,C5192556,Ectopic pregnancy of right ovary,narrow,,P,EctopicPregnancy,PrA
Ectopic Pregnancy,SCTSPA,82661006,embarazo abdominal,C0032984,"Pregnancy, Abdominal",narrow,,P,EctopicPregnancy,PrA
Ectopic Pregnancy,SCTSPA,198630007,"embarazo ectópico, SAI",C0032987,Ectopic Pregnancy,narrow,,P,EctopicPregnancy,PrA
Ectopic Pregnancy,SCTSPA,156083001,Ectopic pregnancy NOS,C0032987,Ectopic Pregnancy,narrow,,P,EctopicPregnancy,PrA
Ectopic Pregnancy,SCTSPA,34801009,embarazo ectópico,C0032987,Ectopic Pregnancy,narrow,,P,EctopicPregnancy,PrA
Ectopic Pregnancy,RCD2,L03y.,Other ectopic pregnancy,C0029604,Other ectopic pregnancy,narrow,,P,EctopicPregnancy,PrA
Ectopic Pregnancy,RCD2,L03yz,Other ectopic pregnancy NOS,C0029604,Other ectopic pregnancy,narrow,,P,EctopicPregnancy,PrA
Ectopic Pregnancy,RCD2,Lyu00,[X]Other ectopic pregnancy,C0029604,Other ectopic pregnancy,narrow,,P,EctopicPregnancy,PrA
Ectopic Pregnancy,RCD2,L032.,Ovarian pregnancy,C0032991,"Pregnancy, Ovarian",narrow,,P,EctopicPregnancy,PrA
Ectopic Pregnancy,RCD2,L03y5,Intraligamentous pregnancy,C0269288,Intraligamentous pregnancy,narrow,,P,EctopicPregnancy,PrA
Ectopic Pregnancy,RCD2,L03y0,Cervical pregnancy,C0269285,Cervical Pregnancy,narrow,,P,EctopicPregnancy,PrA
Ectopic Pregnancy,RCD2,L031.,Tubal pregnancy,C0032994,"Pregnancy, Tubal",narrow,,P,EctopicPregnancy,PrA
Ectopic Pregnancy,RCD2,L031z,Tubal pregnancy NOS,C0032994,"Pregnancy, Tubal",narrow,,P,EctopicPregnancy,PrA
Ectopic Pregnancy,RCD2,L010.,Anembryonic pregnancy,C0266648,Blighted ovum,exclude,,P,EctopicPregnancy,PrA
Ectopic Pregnancy,RCD2,L030.,Abdominal pregnancy,C0032984,"Pregnancy, Abdominal",narrow,,P,EctopicPregnancy,PrA
Ectopic Pregnancy,RCD2,L03z.,Ectopic pregnancy NOS,C0032987,Ectopic Pregnancy,narrow,,P,EctopicPregnancy,PrA
Ectopic Pregnancy,RCD2,L03..,Ectopic pregnancy,C0032987,Ectopic Pregnancy,narrow,,P,EctopicPregnancy,PrA
Ectopic Pregnancy,SNOMEDCT_US,200481006,[X]Other ectopic pregnancy,C0029604,Other ectopic pregnancy,narrow,,P,EctopicPregnancy,PrA
Ectopic Pregnancy,SNOMEDCT_US,198623001,Other ectopic pregnancy,C0029604,Other ectopic pregnancy,narrow,,P,EctopicPregnancy,PrA
Ectopic Pregnancy,SNOMEDCT_US,198629002,Other ectopic pregnancy NOS,C0029604,Other ectopic pregnancy,narrow,,P,EctopicPregnancy,PrA
Ectopic Pregnancy,SNOMEDCT_US,699240001,Combined intrauterine and ovarian pregnancy,C1135236,Combined intrauterine and ovarian pregnancy,narrow,,P,EctopicPregnancy,PrA
Ectopic Pregnancy,SNOMEDCT_US,9899009,Ovarian pregnancy,C0032991,"Pregnancy, Ovarian",narrow,,P,EctopicPregnancy,PrA
Ectopic Pregnancy,SNOMEDCT_US,198625008,Intraligamentous pregnancy,C0269288,Intraligamentous pregnancy,narrow,,P,EctopicPregnancy,PrA
Ectopic Pregnancy,SNOMEDCT_US,35656003,Intraligamentous pregnancy,C0269288,Intraligamentous pregnancy,narrow,,P,EctopicPregnancy,PrA
Ectopic Pregnancy,SNOMEDCT_US,79290002,Cervical pregnancy,C0269285,Cervical Pregnancy,narrow,,P,EctopicPregnancy,PrA
Ectopic Pregnancy,SNOMEDCT_US,17285009,Intraperitoneal pregnancy,C0269284,Intraperitoneal pregnancy,narrow,,P,EctopicPregnancy,PrA
Ectopic Pregnancy,SNOMEDCT_US,156082006,Tubal pregnancy,C0032994,"Pregnancy, Tubal",narrow,,P,EctopicPregnancy,PrA
Ectopic Pregnancy,SNOMEDCT_US,198622006,Tubal pregnancy NOS,C0032994,"Pregnancy, Tubal",narrow,,P,EctopicPregnancy,PrA
Ectopic Pregnancy,SNOMEDCT_US,198619009,Tubal pregnancy,C0032994,"Pregnancy, Tubal",narrow,,P,EctopicPregnancy,PrA
Ectopic Pregnancy,SNOMEDCT_US,79586000,Tubal pregnancy,C0032994,"Pregnancy, Tubal",narrow,,P,EctopicPregnancy,PrA
Ectopic Pregnancy,SNOMEDCT_US,156086009,Blighted ovum,C0266648,Blighted ovum,exclude,,P,EctopicPregnancy,PrA
Ectopic Pregnancy,SNOMEDCT_US,35999006,Blighted ovum,C0266648,Blighted ovum,exclude,,P,EctopicPregnancy,PrA
Ectopic Pregnancy,SNOMEDCT_US,267299008,Blighted ovum,C0266648,Blighted ovum,exclude,,P,EctopicPregnancy,PrA
Ectopic Pregnancy,SNOMEDCT_US,16836261000119107,Ectopic pregnancy of left ovary,C5192557,Ectopic pregnancy of left ovary,narrow,,P,EctopicPregnancy,PrA
Ectopic Pregnancy,SNOMEDCT_US,16836351000119100,Ectopic pregnancy of right ovary,C5192556,Ectopic pregnancy of right ovary,narrow,,P,EctopicPregnancy,PrA
Ectopic Pregnancy,SNOMEDCT_US,82661006,Abdominal pregnancy,C0032984,"Pregnancy, Abdominal",narrow,,P,EctopicPregnancy,PrA
Ectopic Pregnancy,SNOMEDCT_US,156081004,Abdominal pregnancy,C0032984,"Pregnancy, Abdominal",narrow,,P,EctopicPregnancy,PrA
Ectopic Pregnancy,SNOMEDCT_US,198630007,Ectopic pregnancy NOS,C0032987,Ectopic Pregnancy,narrow,,P,EctopicPregnancy,PrA
Ectopic Pregnancy,SNOMEDCT_US,156080003,Ectopic pregnancy,C0032987,Ectopic Pregnancy,narrow,,P,EctopicPregnancy,PrA
Ectopic Pregnancy,SNOMEDCT_US,156083001,Ectopic pregnancy NOS,C0032987,Ectopic Pregnancy,narrow,,P,EctopicPregnancy,PrA
Ectopic Pregnancy,SNOMEDCT_US,34801009,Ectopic pregnancy,C0032987,Ectopic Pregnancy,narrow,,P,EctopicPregnancy,PrA
Ectopic Pregnancy,MTHICD9,633.1,Rupture of fallopian tube due to pregnancy,C0041276,Ruptured tubal pregnancy,narrow,,P,EctopicPregnancy,PrA
Ectopic Pregnancy,MTHICD9,633,Intraperitoneal pregnancy,C0000000,Unassociated custom codes,narrow,,P,EctopicPregnancy,PrA
Ectopic Pregnancy,MTHICD9,633.8,"Pregnancy, combined",C0269291,"Pregnancy, Heterotopic",narrow,,P,EctopicPregnancy,PrA
Ectopic Pregnancy,MTHICD9,633.0,Intraperitoneal pregnancy,C0269284,Intraperitoneal pregnancy,narrow,,P,EctopicPregnancy,PrA
Ectopic Pregnancy,MTHICD9,631.8,Blighted ovum,C0266648,Blighted ovum,exclude,,P,EctopicPregnancy,PrA
Elective termination,ICD9CMP,636.91,Illegally induced abortion- without mention of complication- incomplete,C0000000,Unassociated custom codes,narrow,,P,ELECTTERM,PrA
Elective termination,ICD9CMP,637.60,Unspecified abortion- complicated by embolism- unspecified,C0000000,Unassociated custom codes,possible,,P,ELECTTERM,PrA
Elective termination,ICD9CMP,637.61,Unspecified abortion- complicated by embolism- incomplete,C0000000,Unassociated custom codes,possible,,P,ELECTTERM,PrA
Elective termination,ICD9CMP,636.90,Illegally induced abortion- without mention of complication- unspecified,C0000000,Unassociated custom codes,narrow,,P,ELECTTERM,PrA
Elective termination,ICD9CMP,636.92,Illegally induced abortion- without mention of complication- complete,C0000000,Unassociated custom codes,narrow,,P,ELECTTERM,PrA
Elective termination,ICD9CMP,638.0,Failed attempted abortion complicated by genital tract and pelvic infection,C0000000,Unassociated custom codes,narrow,,P,ELECTTERM,PrA
Elective termination,ICD9CMP,638.1,Failed attempted abortion complicated by delayed or excessive hemorrhage,C0000000,Unassociated custom codes,narrow,,P,ELECTTERM,PrA
Elective termination,ICD9CMP,638.2,Failed attempted abortion complicated by damage to pelvic organs or tissues,C0000000,Unassociated custom codes,narrow,,P,ELECTTERM,PrA
Elective termination,ICD9CMP,631,Other abnormal product of conception,C0000000,Unassociated custom codes,possible,,P,ELECTTERM,PrA
Elective termination,ICD9CMP,636.11,Illegally induced abortion- complicated by delayed or excessive hemorrhage- incomplete,C0000000,Unassociated custom codes,narrow,,P,ELECTTERM,PrA
Elective termination,ICD9CMP,635,Legally induced abortion,C0000000,Unassociated custom codes,narrow,,P,ELECTTERM,PrA
Elective termination,ICD9CMP,635.42,Legally induced abortion- complicated by metabolic disorder- complete,C0000000,Unassociated custom codes,narrow,,P,ELECTTERM,PrA
Elective termination,ICD9CMP,636,Illegally induced abortion,C0000000,Unassociated custom codes,narrow,,P,ELECTTERM,PrA
Elective termination,ICD9CMP,636.10,Illegally induced abortion- complicated by genital tract and pelvic infection- unspecified,C0000000,Unassociated custom codes,narrow,,P,ELECTTERM,PrA
Elective termination,ICD9CMP,637,Unspecified abortion,C0000000,Unassociated custom codes,possible,,P,ELECTTERM,PrA
Elective termination,ICD9CMP,636.12,Illegally induced abortion- complicated by delayed or excessive hemorrhage- complete,C0000000,Unassociated custom codes,narrow,,P,ELECTTERM,PrA
Elective termination,ICD9CMP,638,Failed attempted abortion,C0000000,Unassociated custom codes,narrow,,P,ELECTTERM,PrA
Elective termination,ICD9CMP,635.41,Legally induced abortion- complicated by metabolic disorder- incomplete,C0000000,Unassociated custom codes,narrow,,P,ELECTTERM,PrA
Elective termination,ICD9CMP,637.62,Unspecified abortion- complicated by embolism- complete,C0000000,Unassociated custom codes,possible,,P,ELECTTERM,PrA
Elective termination,ICD9CMP,635.40,Legally induced abortion- complicated by metabolic disorder- unspecified,C0000000,Unassociated custom codes,narrow,,P,ELECTTERM,PrA
Elective termination,ICD9CMP,637.71,Unspecified abortion- with other specified complications- incomplete,C0000000,Unassociated custom codes,possible,,P,ELECTTERM,PrA
Elective termination,ICD9CMP,637.72,Unspecified abortion- with other specified complications- complete,C0000000,Unassociated custom codes,possible,,P,ELECTTERM,PrA
Elective termination,ICD9CMP,637.70,Unspecified abortion- with other specified complications- unspecified,C0000000,Unassociated custom codes,possible,,P,ELECTTERM,PrA
Elective termination,ICD9CMP,638.3,Failed attempted abortion complicated by renal failure,C0000000,Unassociated custom codes,narrow,,P,ELECTTERM,PrA
Elective termination,ICD9CMP,638.4,Failed attempted abortion complicated by metabolic disorder,C0000000,Unassociated custom codes,narrow,,P,ELECTTERM,PrA
Elective termination,ICD9CMP,638.5,Failed attempted abortion complicated by shock,C0000000,Unassociated custom codes,narrow,,P,ELECTTERM,PrA
Elective termination,ICD9CMP,638.6,Failed attempted abortion complicated by embolism,C0000000,Unassociated custom codes,narrow,,P,ELECTTERM,PrA
Elective termination,ICD9CMP,638.7,Failed attempted abortion with other specified complications,C0000000,Unassociated custom codes,narrow,,P,ELECTTERM,PrA
Elective termination,ICD9CMP,638.8,Failed attempted abortion with unspecified complication,C0000000,Unassociated custom codes,narrow,,P,ELECTTERM,PrA
Elective termination,ICD9CMP,638.9,Failed attempted abortion without mention of complication,C0000000,Unassociated custom codes,narrow,,P,ELECTTERM,PrA
Elective termination,ICD9CMP,636.22,Illegally induced abortion- complicated by damage to pelvic organs or tissues- complete,C0000000,Unassociated custom codes,narrow,,P,ELECTTERM,PrA
Elective termination,ICD9CMP,636.21,Illegally induced abortion- complicated by damage to pelvic organs or tissues- incomplete,C0000000,Unassociated custom codes,narrow,,P,ELECTTERM,PrA
Elective termination,ICD9CMP,635.50,Legally induced abortion- complicated by shock- unspecified,C0000000,Unassociated custom codes,narrow,,P,ELECTTERM,PrA
Elective termination,ICD9CMP,635.52,Legally induced abortion- complicated by shock- complete,C0000000,Unassociated custom codes,narrow,,P,ELECTTERM,PrA
Elective termination,ICD9CMP,636.20,Illegally induced abortion- complicated by damage to pelvic organs or tissues- unspecified,C0000000,Unassociated custom codes,narrow,,P,ELECTTERM,PrA
Elective termination,ICD9CMP,635.51,Legally induced abortion- complicated by shock- incomplete,C0000000,Unassociated custom codes,narrow,,P,ELECTTERM,PrA
Elective termination,ICD9CMP,637.82,Unspecified abortion- with unspecified complication- complete,C0000000,Unassociated custom codes,possible,,P,ELECTTERM,PrA
Elective termination,ICD9CMP,637.80,Unspecified abortion- with unspecified complication- unspecified,C0000000,Unassociated custom codes,possible,,P,ELECTTERM,PrA
Elective termination,ICD9CMP,637.81,Unspecified abortion- with unspecified complication- incomplete,C0000000,Unassociated custom codes,possible,,P,ELECTTERM,PrA
Elective termination,ICD9CMP,637.0,Unspecified abortion- complicated by genital tract and pelvic infection,C0000000,Unassociated custom codes,possible,,P,ELECTTERM,PrA
Elective termination,ICD9CMP,637.1,Unspecified abortion- complicated by delayed or excessive hemorrhage,C0000000,Unassociated custom codes,possible,,P,ELECTTERM,PrA
Elective termination,ICD9CMP,637.2,Unspecified abortion- complicated by damage to pelvic organs or tissues,C0000000,Unassociated custom codes,possible,,P,ELECTTERM,PrA
Elective termination,ICD9CMP,637.3,Unspecified abortion- complicated by renal failure,C0000000,Unassociated custom codes,possible,,P,ELECTTERM,PrA
Elective termination,ICD9CMP,637.02,Unspecified abortion- complicated by genital tract and pelvic infection- complete,C0000000,Unassociated custom codes,possible,,P,ELECTTERM,PrA
Elective termination,ICD9CMP,636.32,Illegally induced abortion- complicated by renal failure- complete,C0000000,Unassociated custom codes,narrow,,P,ELECTTERM,PrA
Elective termination,ICD9CMP,637.00,Unspecified abortion- complicated by genital tract and pelvic infection- unspecified,C0000000,Unassociated custom codes,possible,,P,ELECTTERM,PrA
Elective termination,ICD9CMP,637.01,Unspecified abortion- complicated by genital tract and pelvic infection- incomplete,C0000000,Unassociated custom codes,possible,,P,ELECTTERM,PrA
Elective termination,ICD9CMP,635.61,Legally induced abortion- complicated by embolism- incomplete,C0000000,Unassociated custom codes,narrow,,P,ELECTTERM,PrA
Elective termination,ICD9CMP,635.60,Legally induced abortion- complicated by embolism- unspecified,C0000000,Unassociated custom codes,narrow,,P,ELECTTERM,PrA
Elective termination,ICD9CMP,636.31,Illegally induced abortion- complicated by renal failure- incomplete,C0000000,Unassociated custom codes,narrow,,P,ELECTTERM,PrA
Elective termination,ICD9CMP,635.62,Legally induced abortion- complicated by embolism- complete,C0000000,Unassociated custom codes,narrow,,P,ELECTTERM,PrA
Elective termination,ICD9CMP,636.30,Illegally induced abortion- complicated by renal failure- unspecified,C0000000,Unassociated custom codes,narrow,,P,ELECTTERM,PrA
Elective termination,ICD9CMP,637.91,Unspecified abortion- without mention of complication- incomplete,C0000000,Unassociated custom codes,possible,,P,ELECTTERM,PrA
Elective termination,ICD9CMP,635.70,Legally induced abortion- with other specified complications- unspecified,C0000000,Unassociated custom codes,narrow,,P,ELECTTERM,PrA
Elective termination,ICD9CMP,637.92,Unspecified abortion- without mention of complication- complete,C0000000,Unassociated custom codes,possible,,P,ELECTTERM,PrA
Elective termination,ICD9CMP,637.90,Unspecified abortion- without mention of complication- unspecified,C0000000,Unassociated custom codes,possible,,P,ELECTTERM,PrA
Elective termination,ICD9CMP,637.4,Unspecified abortion- complicated by metabolic disorder,C0000000,Unassociated custom codes,possible,,P,ELECTTERM,PrA
Elective termination,ICD9CMP,637.5,Unspecified abortion- complicated by shock,C0000000,Unassociated custom codes,possible,,P,ELECTTERM,PrA
Elective termination,ICD9CMP,637.6,Unspecified abortion- complicated by embolism,C0000000,Unassociated custom codes,possible,,P,ELECTTERM,PrA
Elective termination,ICD9CMP,637.7,Unspecified abortion- with other specified complications,C0000000,Unassociated custom codes,possible,,P,ELECTTERM,PrA
Elective termination,ICD9CMP,637.8,Unspecified abortion- with unspecified complication,C0000000,Unassociated custom codes,possible,,P,ELECTTERM,PrA
Elective termination,ICD9CMP,637.9,Unspecified abortion- without mention of complication,C0000000,Unassociated custom codes,possible,,P,ELECTTERM,PrA
Elective termination,ICD9CMP,637.11,Unspecified abortion- complicated by delayed or excessive hemorrhage- incomplete,C0000000,Unassociated custom codes,possible,,P,ELECTTERM,PrA
Elective termination,ICD9CMP,637.12,Unspecified abortion- complicated by delayed or excessive hemorrhage- complete,C0000000,Unassociated custom codes,possible,,P,ELECTTERM,PrA
Elective termination,ICD9CMP,635.72,Legally induced abortion- with other specified complications- complete,C0000000,Unassociated custom codes,narrow,,P,ELECTTERM,PrA
Elective termination,ICD9CMP,636.40,Illegally induced abortion- complicated by metabolic disorder- unspecified,C0000000,Unassociated custom codes,narrow,,P,ELECTTERM,PrA
Elective termination,ICD9CMP,635.71,Legally induced abortion- with other specified complications- incomplete,C0000000,Unassociated custom codes,narrow,,P,ELECTTERM,PrA
Elective termination,ICD9CMP,637.10,Unspecified abortion- complicated by delayed or excessive hemorrhage- unspecified,C0000000,Unassociated custom codes,possible,,P,ELECTTERM,PrA
Elective termination,ICD9CMP,636.42,Illegally induced abortion- complicated by metabolic disorder- complete,C0000000,Unassociated custom codes,narrow,,P,ELECTTERM,PrA
Elective termination,ICD9CMP,636.41,Illegally induced abortion- complicated by metabolic disorder- incomplete,C0000000,Unassociated custom codes,narrow,,P,ELECTTERM,PrA
Elective termination,ICD9CMP,635.81,Legally induced abortion- with unspecified complication- incomplete,C0000000,Unassociated custom codes,narrow,,P,ELECTTERM,PrA
Elective termination,ICD9CMP,635.80,Legally induced abortion- with unspecified complication- unspecified,C0000000,Unassociated custom codes,narrow,,P,ELECTTERM,PrA
Elective termination,ICD9CMP,636.0,Illegally induced abortion- complicated by genital tract and pelvic infection,C0000000,Unassociated custom codes,narrow,,P,ELECTTERM,PrA
Elective termination,ICD9CMP,636.1,Illegally induced abortion- complicated by delayed or excessive hemorrhage,C0000000,Unassociated custom codes,narrow,,P,ELECTTERM,PrA
Elective termination,ICD9CMP,636.2,Illegally induced abortion- complicated by damage to pelvic organs or tissues,C0000000,Unassociated custom codes,narrow,,P,ELECTTERM,PrA
Elective termination,ICD9CMP,636.3,Illegally induced abortion- complicated by renal failure,C0000000,Unassociated custom codes,narrow,,P,ELECTTERM,PrA
Elective termination,ICD9CMP,636.4,Illegally induced abortion- complicated by metabolic disorder,C0000000,Unassociated custom codes,narrow,,P,ELECTTERM,PrA
Elective termination,ICD9CMP,635.02,Legally induced abortion- complicated by genital tract and pelvic infection- complete,C0000000,Unassociated custom codes,narrow,,P,ELECTTERM,PrA
Elective termination,ICD9CMP,635.01,Legally induced abortion- complicated by genital tract and pelvic infection- incomplete,C0000000,Unassociated custom codes,narrow,,P,ELECTTERM,PrA
Elective termination,ICD9CMP,637.22,Unspecified abortion- complicated by damage to pelvic organs or tissues- complete,C0000000,Unassociated custom codes,possible,,P,ELECTTERM,PrA
Elective termination,ICD9CMP,635.00,Legally induced abortion- complicated by genital tract and pelvic infection- unspecified,C0000000,Unassociated custom codes,narrow,,P,ELECTTERM,PrA
Elective termination,ICD9CMP,636.51,Illegally induced abortion- complicated by shock- incomplete,C0000000,Unassociated custom codes,narrow,,P,ELECTTERM,PrA
Elective termination,ICD9CMP,637.20,Unspecified abortion- complicated by damage to pelvic organs or tissues- unspecified,C0000000,Unassociated custom codes,possible,,P,ELECTTERM,PrA
Elective termination,ICD9CMP,635.82,Legally induced abortion- with unspecified complication- complete,C0000000,Unassociated custom codes,narrow,,P,ELECTTERM,PrA
Elective termination,ICD9CMP,637.21,Unspecified abortion- complicated by damage to pelvic organs or tissues- incomplete,C0000000,Unassociated custom codes,possible,,P,ELECTTERM,PrA
Elective termination,ICD9CMP,636.50,Illegally induced abortion- complicated by shock- unspecified,C0000000,Unassociated custom codes,narrow,,P,ELECTTERM,PrA
Elective termination,ICD9CMP,636.52,Illegally induced abortion- complicated by shock- complete,C0000000,Unassociated custom codes,narrow,,P,ELECTTERM,PrA
Elective termination,ICD9CMP,635.90,Legally induced abortion- without mention of complication- unspecified,C0000000,Unassociated custom codes,narrow,,P,ELECTTERM,PrA
Elective termination,ICD9CMP,635.92,Legally induced abortion- without mention of complication- complete,C0000000,Unassociated custom codes,narrow,,P,ELECTTERM,PrA
Elective termination,ICD9CMP,636.60,Illegally induced abortion- complicated by embolism- unspecified,C0000000,Unassociated custom codes,narrow,,P,ELECTTERM,PrA
Elective termination,ICD9CMP,635.91,Legally induced abortion- without mention of complication- incomplete,C0000000,Unassociated custom codes,narrow,,P,ELECTTERM,PrA
Elective termination,ICD9CMP,636.5,Illegally induced abortion- complicated by shock,C0000000,Unassociated custom codes,narrow,,P,ELECTTERM,PrA
Elective termination,ICD9CMP,636.6,Illegally induced abortion- complicated by embolism,C0000000,Unassociated custom codes,narrow,,P,ELECTTERM,PrA
Elective termination,ICD9CMP,636.7,Illegally induced abortion- with other specified complications,C0000000,Unassociated custom codes,narrow,,P,ELECTTERM,PrA
Elective termination,ICD9CMP,636.8,Illegally induced abortion- with unspecified complication,C0000000,Unassociated custom codes,narrow,,P,ELECTTERM,PrA
Elective termination,ICD9CMP,636.9,Illegally induced abortion- without mention of complication,C0000000,Unassociated custom codes,narrow,,P,ELECTTERM,PrA
Elective termination,ICD9CMP,635.10,Legally induced abortion- complicated by delayed or excessive hemorrhage- unspecified,C0000000,Unassociated custom codes,narrow,,P,ELECTTERM,PrA
Elective termination,ICD9CMP,635.12,Legally induced abortion- complicated by delayed or excessive hemorrhage- complete,C0000000,Unassociated custom codes,narrow,,P,ELECTTERM,PrA
Elective termination,ICD9CMP,635.11,Legally induced abortion- complicated by delayed or excessive hemorrhage- incomplete,C0000000,Unassociated custom codes,narrow,,P,ELECTTERM,PrA
Elective termination,ICD9CMP,636.62,Illegally induced abortion- complicated by embolism- complete,C0000000,Unassociated custom codes,narrow,,P,ELECTTERM,PrA
Elective termination,ICD9CMP,637.31,Unspecified abortion- complicated by renal failure- incomplete,C0000000,Unassociated custom codes,possible,,P,ELECTTERM,PrA
Elective termination,ICD9CMP,636.61,Illegally induced abortion- complicated by embolism- incomplete,C0000000,Unassociated custom codes,narrow,,P,ELECTTERM,PrA
Elective termination,ICD9CMP,637.32,Unspecified abortion- complicated by renal failure- complete,C0000000,Unassociated custom codes,possible,,P,ELECTTERM,PrA
Elective termination,ICD9CMP,637.30,Unspecified abortion- complicated by renal failure- unspecified,C0000000,Unassociated custom codes,possible,,P,ELECTTERM,PrA
Elective termination,ICD9CMP,636.71,Illegally induced abortion- with other specified complications- incomplete,C0000000,Unassociated custom codes,narrow,,P,ELECTTERM,PrA
Elective termination,ICD9CMP,636.70,Illegally induced abortion- with other specified complications- unspecified,C0000000,Unassociated custom codes,narrow,,P,ELECTTERM,PrA
Elective termination,ICD9CMP,635.0,Legally induced abortion complicated by genital tract and pelvic infection,C0000000,Unassociated custom codes,narrow,,P,ELECTTERM,PrA
Elective termination,ICD9CMP,635.1,Legally induced abortion- complicated by delayed or excessive hemorrhage,C0000000,Unassociated custom codes,narrow,,P,ELECTTERM,PrA
Elective termination,ICD9CMP,635.2,Legally induced abortion- complicated by damage to pelvic organs or tissues,C0000000,Unassociated custom codes,narrow,,P,ELECTTERM,PrA
Elective termination,ICD9CMP,635.3,Legally induced abortion- complicated by renal failure,C0000000,Unassociated custom codes,narrow,,P,ELECTTERM,PrA
Elective termination,ICD9CMP,635.4,Legally induced abortion- complicated by metabolic disorder,C0000000,Unassociated custom codes,narrow,,P,ELECTTERM,PrA
Elective termination,ICD9CMP,639.1,Delayed or excessive hemorrhage following abortion or ectopic and molar pregnancies,C0000000,Unassociated custom codes,possible,,P,ELECTTERM,PrA
Elective termination,ICD9CMP,635.5,Legally induced abortion- complicated by shock,C0000000,Unassociated custom codes,narrow,,P,ELECTTERM,PrA
Elective termination,ICD9CMP,635.21,Legally induced abortion- complicated by damage to pelvic organs or tissues- incomplete,C0000000,Unassociated custom codes,narrow,,P,ELECTTERM,PrA
Elective termination,ICD9CMP,635.20,Legally induced abortion- complicated by damage to pelvic organs or tissues- unspecified,C0000000,Unassociated custom codes,narrow,,P,ELECTTERM,PrA
Elective termination,ICD9CMP,635.22,Legally induced abortion- complicated by damage to pelvic organs or tissues- complete,C0000000,Unassociated custom codes,narrow,,P,ELECTTERM,PrA
Elective termination,ICD9CMP,637.42,Unspecified abortion- complicated by metabolic disorder- complete,C0000000,Unassociated custom codes,possible,,P,ELECTTERM,PrA
Elective termination,ICD9CMP,636.72,Illegally induced abortion- with other specified complications- complete,C0000000,Unassociated custom codes,narrow,,P,ELECTTERM,PrA
Elective termination,ICD9CMP,637.40,Unspecified abortion- complicated by metabolic disorder- unspecified,C0000000,Unassociated custom codes,possible,,P,ELECTTERM,PrA
Elective termination,ICD9CMP,637.41,Unspecified abortion- complicated by metabolic disorder- incomplete,C0000000,Unassociated custom codes,possible,,P,ELECTTERM,PrA
Elective termination,ICD9CMP,636.80,Illegally induced abortion- with unspecified complication- unspecified,C0000000,Unassociated custom codes,narrow,,P,ELECTTERM,PrA
Elective termination,ICD9CMP,637.50,Unspecified abortion- complicated by shock- unspecified,C0000000,Unassociated custom codes,possible,,P,ELECTTERM,PrA
Elective termination,ICD9CMP,636.82,Illegally induced abortion- with unspecified complication- complete,C0000000,Unassociated custom codes,narrow,,P,ELECTTERM,PrA
Elective termination,ICD9CMP,636.81,Illegally induced abortion- with unspecified complication- incomplete,C0000000,Unassociated custom codes,narrow,,P,ELECTTERM,PrA
Elective termination,ICD9CMP,639.2,Damage to pelvic organs and tissues following abortion or ectopic and molar pregnancies,C0000000,Unassociated custom codes,possible,,P,ELECTTERM,PrA
Elective termination,ICD9CMP,635.6,Legally induced abortion- complicated by embolism,C0000000,Unassociated custom codes,narrow,,P,ELECTTERM,PrA
Elective termination,ICD9CMP,639.3,Kidney failure following abortion and ectopic and molar pregnancies,C0000000,Unassociated custom codes,possible,,P,ELECTTERM,PrA
Elective termination,ICD9CMP,635.7,Legally induced abortion- with other specified complications,C0000000,Unassociated custom codes,narrow,,P,ELECTTERM,PrA
Elective termination,ICD9CMP,639.4,Metabolic disorders following abortion or ectopic and molar pregnancies,C0000000,Unassociated custom codes,possible,,P,ELECTTERM,PrA
Elective termination,ICD9CMP,635.8,Legally induced abortion- with unspecified complication,C0000000,Unassociated custom codes,narrow,,P,ELECTTERM,PrA
Elective termination,ICD9CMP,639.5,Shock following abortion or ectopic and molar pregnancies,C0000000,Unassociated custom codes,possible,,P,ELECTTERM,PrA
Elective termination,ICD9CMP,635.9,Legally induced abortion- without mention of complication,C0000000,Unassociated custom codes,narrow,,P,ELECTTERM,PrA
Elective termination,ICD9CMP,639.6,Embolism following abortion or ectopic and molar pregnancies,C0000000,Unassociated custom codes,possible,,P,ELECTTERM,PrA
Elective termination,ICD9CMP,639.8,Other specified complications following abortion or ectopic and molar pregnancy,C0000000,Unassociated custom codes,possible,,P,ELECTTERM,PrA
Elective termination,ICD9CMP,635.32,Legally induced abortion- complicated by renal failure- complete,C0000000,Unassociated custom codes,narrow,,P,ELECTTERM,PrA
Elective termination,ICD9CMP,636.00,Illegally induced abortion- complicated by genital tract and pelvic infection- unspecified,C0000000,Unassociated custom codes,narrow,,P,ELECTTERM,PrA
Elective termination,ICD9CMP,635.31,Legally induced abortion- complicated by renal failure- incomplete,C0000000,Unassociated custom codes,narrow,,P,ELECTTERM,PrA
Elective termination,ICD9CMP,636.02,Illegally induced abortion- complicated by genital tract and pelvic infection- complete,C0000000,Unassociated custom codes,narrow,,P,ELECTTERM,PrA
Elective termination,ICD9CMP,636.01,Illegally induced abortion- complicated by genital tract and pelvic infection- incomplete,C0000000,Unassociated custom codes,narrow,,P,ELECTTERM,PrA
Elective termination,ICD9CMP,637.51,Unspecified abortion- complicated by shock- incomplete,C0000000,Unassociated custom codes,possible,,P,ELECTTERM,PrA
Elective termination,ICD9CMP,635.30,Legally induced abortion- complicated by renal failure-unspecified,C0000000,Unassociated custom codes,narrow,,P,ELECTTERM,PrA
Elective termination,ICD9CMP,637.52,Unspecified abortion- complicated by shock- complete,C0000000,Unassociated custom codes,possible,,P,ELECTTERM,PrA
Elective termination,ICD10CM,O07.4,Failed attempted termination of pregnancy without complication,C0269549,Failed attempted termination of pregnancy without complication,narrow,,P,ELECTTERM,PrA
Elective termination,ICD10CM,O08.3,Shock following ectopic and molar pregnancy,C0495170,Shock following abortion and ectopic and molar pregnancy,possible,,P,ELECTTERM,PrA
Elective termination,ICD10CM,O08.5,Metabolic disorders following an ectopic and molar pregnancy,C0495172,Metabolic disorders following abortion and ectopic and molar pregnancy,possible,,P,ELECTTERM,PrA
Elective termination,ICD10CM,O08.6,Damage to pelvic organs and tissues following an ectopic and molar pregnancy,C0495173,Damage to pelvic organs and tissues following abortion and ectopic and molar pregnancy,possible,,P,ELECTTERM,PrA
Elective termination,ICD10CM,Z33.2,Encounter for elective termination of pregnancy,C2910730,Encounter for elective termination of pregnancy,narrow,,P,ELECTTERM,PrA
Elective termination,ICD10CM,O01.1,Incomplete and partial hydatidiform mole,C0334529,"Hydatidiform Mole, Partial",exclude,,P,ELECTTERM,PrA
Elective termination,ICD10CM,O07,Failed attempted termination of pregnancy,C0392536,Failed attempted abortion,narrow,,P,ELECTTERM,PrA
Elective termination,ICD10CM,O04.6,Delayed or excessive hemorrhage following (induced) termination of pregnancy,C2903299,Delayed or excessive hemorrhage following (induced) termination of pregnancy,narrow,,P,ELECTTERM,PrA
Elective termination,ICD10CM,O04.5,Genital tract and pelvic infection following (induced) termination of pregnancy,C2903294,Genital tract and pelvic infection following (induced) termination of pregnancy,narrow,,P,ELECTTERM,PrA
Elective termination,ICD10CM,O04,complications following (induced) termination of pregnancy,C2903287,Complications following (induced) termination of pregnancy,narrow,,P,ELECTTERM,PrA
Elective termination,ICD10CM,O05,Other abortion,C0477801,Other abortion,possible,,P,ELECTTERM,PrA
Elective termination,ICD10CM,O02.8,Other specified abnormal products of conception,C0477800,Other specified abnormal products of conception,possible,,P,ELECTTERM,PrA
Elective termination,ICD10CM,O07.39,Failed attempted termination of pregnancy with other complications,C2903384,Failed attempted termination of pregnancy with other complications,narrow,,P,ELECTTERM,PrA
Elective termination,ICD10CM,O07.38,Urinary tract infection following failed attempted termination of pregnancy,C2903383,Urinary tract infection following failed attempted termination of pregnancy,narrow,,P,ELECTTERM,PrA
Elective termination,ICD10CM,O01,Hydatidiform mole,C0020217,Hydatidiform Mole,exclude,,P,ELECTTERM,PrA
Elective termination,ICD10CM,O01.9,Trophoblastic disease NOS,C0020217,Hydatidiform Mole,exclude,,P,ELECTTERM,PrA
Elective termination,ICD10CM,O01.0,Complete hydatidiform mole,C0020217,Hydatidiform Mole,exclude,,P,ELECTTERM,PrA
Elective termination,ICD10CM,O07.34,Damage to pelvic organs following failed attempted termination of pregnancy,C2903378,Damage to pelvic organs following failed attempted termination of pregnancy,narrow,,P,ELECTTERM,PrA
Elective termination,ICD10CM,O07.35,Other venous complications following failed attempted termination of pregnancy,C2903379,Other venous complications following failed attempted termination of pregnancy,narrow,,P,ELECTTERM,PrA
Elective termination,ICD10CM,O07.36,Cardiac arrest following failed attempted termination of pregnancy,C2903380,Cardiac arrest following failed attempted termination of pregnancy,narrow,,P,ELECTTERM,PrA
Elective termination,ICD10CM,O07.37,Sepsis following failed attempted termination of pregnancy,C2903381,Sepsis following failed attempted termination of pregnancy,narrow,,P,ELECTTERM,PrA
Elective termination,ICD10CM,O07.31,Shock following failed attempted termination of pregnancy,C2903363,Shock following failed attempted termination of pregnancy,narrow,,P,ELECTTERM,PrA
Elective termination,ICD10CM,O07.30,Failed attempted termination of pregnancy with unspecified complications,C2903360,Failed attempted termination of pregnancy with unspecified complications,narrow,,P,ELECTTERM,PrA
Elective termination,ICD10CM,O07.32,Renal failure following failed attempted termination of pregnancy,C2903369,Renal failure following failed attempted termination of pregnancy,narrow,,P,ELECTTERM,PrA
Elective termination,ICD10CM,O07.9,"Other and unspecified failed attempted abortion, without complication",C0000000,Unassociated custom codes,narrow,,P,ELECTTERM,PrA
Elective termination,ICD10CM,O07.8,"Other and unspecified failed attempted abortion, with other and unspecified complications",C0000000,Unassociated custom codes,narrow,,P,ELECTTERM,PrA
Elective termination,ICD10CM,O06.9,"Unspecified abortion, complete or unspecified, without complication",C0000000,Unassociated custom codes,possible,,P,ELECTTERM,PrA
Elective termination,ICD10CM,Z37.11,"single birth, stillborn child, following a termination of pregnancy for medical reasons",C0000000,Unassociated custom codes,narrow,,P,ELECTTERM,PrA
Elective termination,ICD10CM,O05.9,"Other abortion, complete or unspecified, without complication",C0000000,Unassociated custom codes,possible,,P,ELECTTERM,PrA
Elective termination,ICD10CM,O07.7,"Other and unspecified failed attempted abortion, complicated by embolism",C0000000,Unassociated custom codes,narrow,,P,ELECTTERM,PrA
Elective termination,ICD10CM,O06.8,"Unspecified abortion, complete or unspecified, with other and unspecified complications",C0000000,Unassociated custom codes,possible,,P,ELECTTERM,PrA
Elective termination,ICD10CM,O05.8,"Other abortion, complete or unspecified, with other and unspecified complications",C0000000,Unassociated custom codes,possible,,P,ELECTTERM,PrA
Elective termination,ICD10CM,O07.6,"Other and unspecified failed attempted abortion, complicated by delayed or excessive haemorrhage",C0000000,Unassociated custom codes,narrow,,P,ELECTTERM,PrA
Elective termination,ICD10CM,O04.9,"Medical abortion, complete or unspecified, without complication",C0000000,Unassociated custom codes,narrow,,P,ELECTTERM,PrA
Elective termination,ICD10CM,O06.7,"Unspecified abortion, complete or unspecified, complicated by embolism",C0000000,Unassociated custom codes,possible,,P,ELECTTERM,PrA
Elective termination,ICD10CM,O05.7,"Other abortion, complete or unspecified, complicated by embolism",C0000000,Unassociated custom codes,possible,,P,ELECTTERM,PrA
Elective termination,ICD10CM,O07.5,"Other and unspecified failed attempted abortion, complicated by genital tract and pelvic infection",C0000000,Unassociated custom codes,narrow,,P,ELECTTERM,PrA
Elective termination,ICD10CM,O06.6,"Unspecified abortion, complete or unspecified, complicated by delayed or excessive haemorrhage",C0000000,Unassociated custom codes,possible,,P,ELECTTERM,PrA
Elective termination,ICD10CM,O05.6,"Other abortion, complete or unspecified, complicated by delayed or excessive haemorrhage",C0000000,Unassociated custom codes,possible,,P,ELECTTERM,PrA
Elective termination,ICD10CM,O06.5,"Unspecified abortion, complete or unspecified, complicated by genital tract and pelvic infection",C0000000,Unassociated custom codes,possible,,P,ELECTTERM,PrA
Elective termination,ICD10CM,O05.5,"Other abortion, complete or unspecified, complicated by genital tract and pelvic infection",C0000000,Unassociated custom codes,possible,,P,ELECTTERM,PrA
Elective termination,ICD10CM,O06.4,"Unspecified abortion, incomplete, without complication",C0000000,Unassociated custom codes,possible,,P,ELECTTERM,PrA
Elective termination,ICD10CM,O05.4,"Other abortion, incomplete, without complication",C0000000,Unassociated custom codes,possible,,P,ELECTTERM,PrA
Elective termination,ICD10CM,O06.3,"Unspecified abortion, incomplete, with other and unspecified complications",C0000000,Unassociated custom codes,possible,,P,ELECTTERM,PrA
Elective termination,ICD10CM,O05.3,"Other abortion, incomplete, with other and unspecified complications",C0000000,Unassociated custom codes,possible,,P,ELECTTERM,PrA
Elective termination,ICD10CM,O04.4,"Medical abortion, incomplete, without complication",C0000000,Unassociated custom codes,narrow,,P,ELECTTERM,PrA
Elective termination,ICD10CM,O06.2,"Unspecified abortion, incomplete, complicated by embolism",C0000000,Unassociated custom codes,possible,,P,ELECTTERM,PrA
Elective termination,ICD10CM,O05.2,"Other abortion, incomplete, complicated by embolism",C0000000,Unassociated custom codes,possible,,P,ELECTTERM,PrA
Elective termination,ICD10CM,O04.3,"Medical abortion, incomplete, with other and unspecified complications",C0000000,Unassociated custom codes,narrow,,P,ELECTTERM,PrA
Elective termination,ICD10CM,O06.1,"Unspecified abortion, incomplete, complicated by delayed or excessive haemorrhage",C0000000,Unassociated custom codes,possible,,P,ELECTTERM,PrA
Elective termination,ICD10CM,O05.1,"Other abortion, incomplete, complicated by delayed or excessive haemorrhage",C0000000,Unassociated custom codes,possible,,P,ELECTTERM,PrA
Elective termination,ICD10CM,O04.2,"Medical abortion, incomplete, complicated by embolism",C0000000,Unassociated custom codes,narrow,,P,ELECTTERM,PrA
Elective termination,ICD10CM,O05.0,"Other abortion, incomplete, complicated by genital tract and pelvic infection",C0000000,Unassociated custom codes,possible,,P,ELECTTERM,PrA
Elective termination,ICD10CM,O04.1,"Medical abortion, incomplete, complicated by delayed or excessive haemorrhage",C0000000,Unassociated custom codes,narrow,,P,ELECTTERM,PrA
Elective termination,ICD10CM,O04.0,"Medical abortion, incomplete, complicated by genital tract and pelvic infection",C0000000,Unassociated custom codes,narrow,,P,ELECTTERM,PrA
Elective termination,ICD10CM,O07.33,Metabolic disorder following failed attempted termination of pregnancy,C2903370,Metabolic disorder following failed attempted termination of pregnancy,narrow,,P,ELECTTERM,PrA
Elective termination,ICD10CM,O07.3,Failed attempted termination of pregnancy with other and unspecified complications,C2903359,Failed attempted termination of pregnancy with other and unspecified complications,narrow,,P,ELECTTERM,PrA
Elective termination,ICD10CM,O07.2,Embolism following failed attempted termination of pregnancy,C2903358,Embolism following failed attempted termination of pregnancy,narrow,,P,ELECTTERM,PrA
Elective termination,ICD10CM,O07.0,Genital tract and pelvic infection following failed attempted termination of pregnancy,C2903343,Genital tract and pelvic infection following failed attempted termination of pregnancy,narrow,,P,ELECTTERM,PrA
Elective termination,ICD10CM,O07.1,Delayed or excessive hemorrhage following failed attempted termination of pregnancy,C2903348,Delayed or excessive hemorrhage following failed attempted termination of pregnancy,narrow,,P,ELECTTERM,PrA
Elective termination,ICD10CM,O04.88,Urinary tract infection following (induced) termination of pregnancy,C2903334,Urinary tract infection following (induced) termination of pregnancy,narrow,,P,ELECTTERM,PrA
Elective termination,ICD10CM,O04.86,Cardiac arrest following (induced) termination of pregnancy,C2903331,Cardiac arrest following (induced) termination of pregnancy,narrow,,P,ELECTTERM,PrA
Elective termination,ICD10CM,O04.87,Sepsis following (induced) termination of pregnancy,C2903332,Sepsis following induced termination of pregnancy,narrow,,P,ELECTTERM,PrA
Elective termination,ICD10CM,O04.85,Other venous complications following (induced) termination of pregnancy,C2903330,Other venous complications following (induced) termination of pregnancy,narrow,,P,ELECTTERM,PrA
Elective termination,ICD10CM,O06.0,"Unspecified abortion, incomplete, complicated by genital tract and pelvic infection",C0156546,"Unspecified abortion, incomplete, complicated by genital tract and pelvic infection",possible,,P,ELECTTERM,PrA
Elective termination,ICD10CM,O04.89,(Induced) termination of pregnancy with other complications,C2903335,(Induced) termination of pregnancy with other complications,narrow,,P,ELECTTERM,PrA
Elective termination,ICD10CM,O02,Other abnormal products of conception,C0156422,Other abnormal products of conception,possible,,P,ELECTTERM,PrA
Elective termination,ICD10CM,O02.89,Other abnormal products of conception,C0156422,Other abnormal products of conception,possible,,P,ELECTTERM,PrA
Elective termination,ICD10CM,O06,Unspecified abortion,C0156543,Unspecified Abortion,possible,,P,ELECTTERM,PrA
Elective termination,ICD10CM,O04.82,Renal failure following (induced) termination of pregnancy,C2903320,Renal failure following (induced) termination of pregnancy,narrow,,P,ELECTTERM,PrA
Elective termination,ICD10CM,O04.83,Metabolic disorder following (induced) termination of pregnancy,C2903321,Metabolic disorder following (induced) termination of pregnancy,narrow,,P,ELECTTERM,PrA
Elective termination,ICD10CM,O04.84,Damage to pelvic organs following (induced) termination of pregnancy,C2903329,Damage to pelvic organs following (induced) termination of pregnancy,narrow,,P,ELECTTERM,PrA
Elective termination,ICD10CM,O04.80,(Induced) termination of pregnancy with unspecified complications,C2903311,(Induced) termination of pregnancy with unspecified complications,narrow,,P,ELECTTERM,PrA
Elective termination,ICD10CM,O04.8,(Induced) termination of pregnancy with other and unspecified complications,C2903310,(Induced) termination of pregnancy with other and unspecified complications,narrow,,P,ELECTTERM,PrA
Elective termination,ICD10CM,O04.81,Shock following (induced) termination of pregnancy,C2903314,Shock following (induced) termination of pregnancy,narrow,,P,ELECTTERM,PrA
Elective termination,ICD10CM,O08.2,Embolism following ectopic and molar pregnancy,C0495169,Embolism following abortion and ectopic and molar pregnancy,possible,,P,ELECTTERM,PrA
Elective termination,ICD10CM,O08.1,Delayed or excessive hemorrhage following ectopic and molar pregnancy,C0495168,Delayed or excessive hemorrhage following abortion and ectopic and molar pregnancy,possible,,P,ELECTTERM,PrA
Elective termination,ICD10CM,O04.7,Embolism following (induced) termination of pregnancy,C2903309,Embolism following (induced) termination of pregnancy,narrow,,P,ELECTTERM,PrA
Elective termination,ICD10CM,O02.9,"Abnormal product of conception, unspecified",C0269274,Abnormal product of conception,possible,,P,ELECTTERM,PrA
Elective termination,ICPC2EENG,W83,Abortion induced,C1704300,Induced abortion (finding),narrow,,P,ELECTTERM,PrA
Elective termination,ICDPC2P,W73002,Hydatidiform mole,C0000000,Unassociated custom codes,exclude,,P,ELECTTERM,PrA
Elective termination,ICDPC2P,S77010,Mole;malignant,C0000000,Unassociated custom codes,exclude,,P,ELECTTERM,PrA
Elective termination,MEDCODEID,14466241000006118,Benign complete hydatidiform mole,C5548499,Benign complete hydatidiform mole,exclude,,P,ELECTTERM,PrA
Elective termination,MEDCODEID,14767651000006112,Complete induced termination of pregnancy complicated by damage to pelvic organs and/or tissues,C5688300,Damage to pelvic organs and/or tissue due to and following complete induced termination of pregnancy,narrow,,P,ELECTTERM,PrA
Elective termination,MEDCODEID,3534131000006110,Laparoscopic treatment of ectopic pregnancy with salpingectomy,C0195664,Laparoscopic treatment of ectopic pregnancy with salpingectomy,exclude,,P,ELECTTERM,PrA
Elective termination,MEDCODEID,4794131000006119,Failed attempted termination of pregnancy with delayed or excessive hemorrhage,C0404949,Failed attempted termination of pregnancy with delayed or excessive hemorrhage,narrow,,P,ELECTTERM,PrA
Elective termination,MEDCODEID,13653231000006112,Excessive haemorrhage due to and following induced termination of pregnancy,C5191875,Excessive hemorrhage due to and following induced termination of pregnancy,narrow,,P,ELECTTERM,PrA
Elective termination,MEDCODEID,407661000006111,[X]Other complications follow abortn+ectopic+molar pregnancy,C3662201,Termination of pregnancy with complication,possible,,P,ELECTTERM,PrA
Elective termination,MEDCODEID,405601000006118,[X]Oth venous complicatns follow abortn+ectopic+molr pregncy,C3662201,Termination of pregnancy with complication,possible,,P,ELECTTERM,PrA
Elective termination,MEDCODEID,1209117011,Antenatal ultrasound confirms ectopic pregnancy,C0581075,Antenatal ultrasound confirms ectopic pregnancy,narrow,,P,ELECTTERM,PrA
Elective termination,MEDCODEID,308065014,Maternal care for viable fetus in abdominal pregnancy,C0151864,Disorder of pregnancy,narrow,,P,ELECTTERM,PrA
Elective termination,MEDCODEID,5592021000006116,Secondary abdominal pregnancy,C0456237,Secondary abdominal pregnancy,narrow,,P,ELECTTERM,PrA
Elective termination,MEDCODEID,3819701000006113,Removal of intraligamentous ectopic pregnancy,C0195636,Removal of intraligamentous ectopic pregnancy,narrow,,P,ELECTTERM,PrA
Elective termination,MEDCODEID,2666351000006117,Removal of ectopic cervical pregnancy by evacuation,C0195635,Removal of ectopic cervical pregnancy by evacuation,narrow,,P,ELECTTERM,PrA
Elective termination,MEDCODEID,2776761000006115,Ruptured ectopic pregnancy,C0392534,Ruptured ectopic pregnancy,narrow,,P,ELECTTERM,PrA
Elective termination,MEDCODEID,2776771000006110,Aborted ectopic pregnancy,C0392534,Ruptured ectopic pregnancy,narrow,,P,ELECTTERM,PrA
Elective termination,MEDCODEID,305290019,Delivery of viable fetus in abdominal pregnancy,C0451792,Delivery of viable fetus in abdominal pregnancy,narrow,,P,ELECTTERM,PrA
Elective termination,MEDCODEID,577381000006110,Complication NOS following abortion/ectopic/molar pregnancy,C0178292,"Complications of pregnancy, childbirth and the puerperium",possible,,P,ELECTTERM,PrA
Elective termination,MEDCODEID,148811000006119,Sepsis NOS following abortion/ectopic/molar pregnancy,C0178292,"Complications of pregnancy, childbirth and the puerperium",possible,,P,ELECTTERM,PrA
Elective termination,MEDCODEID,12717161000006113,Complications following abortion and ectopic and molar pregnancies,C0477810,"Complication following abortion and ectopic and molar pregnancy, unspecified",possible,,P,ELECTTERM,PrA
Elective termination,MEDCODEID,577471000006116,Complications following abortion/ectopic/molar pregnancies,C0477810,"Complication following abortion and ectopic and molar pregnancy, unspecified",possible,,P,ELECTTERM,PrA
Elective termination,MEDCODEID,577461000006111,Complications following abortion/ectopic/molar pregnancies,C0477810,"Complication following abortion and ectopic and molar pregnancy, unspecified",possible,,P,ELECTTERM,PrA
Elective termination,MEDCODEID,1481702017,Removal of ectopic pregnancy from fallopian tube,C1533679,Removal of gestational sac from fallopian tube,narrow,,P,ELECTTERM,PrA
Elective termination,MEDCODEID,4793001000006113,Ruptured tubal pregnancy,C0041276,Ruptured tubal pregnancy,narrow,,P,ELECTTERM,PrA
Elective termination,MEDCODEID,806911000006111,Gravid fallopian tube rupture,C0041276,Ruptured tubal pregnancy,narrow,,P,ELECTTERM,PrA
Elective termination,MEDCODEID,14767641000006110,Complete induced termination of pregnancy complicated by genital-pelvic infection,C5688299,Genital-pelvic infection due to and following complete induced termination of pregnancy,narrow,,P,ELECTTERM,PrA
Elective termination,MEDCODEID,3283631000006119,Legal abortion with complication,C0269441,"Legally induced abortion, with unspecified complication, unspecified",narrow,,P,ELECTTERM,PrA
Elective termination,MEDCODEID,6474551000006114,Aspiration of ectopic pregnancy from fallopian tube,C0404236,Aspiration of ectopic pregnancy from fallopian tube,narrow,,P,ELECTTERM,PrA
Elective termination,MEDCODEID,14767291000006115,Incomplete induced termination of pregnancy complicated by delayed or excessive haemorrhage,C5688276,Incomplete induced termination of pregnancy complicated by delayed or excessive hemorrhage,narrow,,P,ELECTTERM,PrA
Elective termination,MEDCODEID,7499451000006119,Gestational trophoblastic neoplasia,C1135868,Gestational Trophoblastic Neoplasms,exclude,,P,ELECTTERM,PrA
Elective termination,MEDCODEID,6525721000006118,Suction curettage of uterus for termination of pregnancy,C0004050,Aspiration curettage of uterus for termination of pregnancy,exclude,,P,ELECTTERM,PrA
Elective termination,MEDCODEID,3303251000006119,Illegal termination of pregnancy,C0000804,"Abortion, Illegal",narrow,,P,ELECTTERM,PrA
Elective termination,MEDCODEID,17279018,Ovarian pregnancy,C0032991,"Pregnancy, Ovarian",narrow,,P,ELECTTERM,PrA
Elective termination,MEDCODEID,305296013,Tubal pregnancy NOS,C0032994,"Pregnancy, Tubal",narrow,,P,ELECTTERM,PrA
Elective termination,MEDCODEID,132037019,Tubal pregnancy,C0032994,"Pregnancy, Tubal",narrow,,P,ELECTTERM,PrA
Elective termination,MEDCODEID,1234377011,Fallopian tube pregnancy,C0032994,"Pregnancy, Tubal",narrow,,P,ELECTTERM,PrA
Elective termination,MEDCODEID,7499561000006116,Miscarriage of tubal ectopic pregnancy,C0000822,"Abortion, Tubal",narrow,,P,ELECTTERM,PrA
Elective termination,MEDCODEID,305295012,Tubal abortion,C0000822,"Abortion, Tubal",narrow,,P,ELECTTERM,PrA
Elective termination,MEDCODEID,13718411000006111,Ectopic pregnancy of left ovary,C5192557,Ectopic pregnancy of left ovary,narrow,,P,ELECTTERM,PrA
Elective termination,MEDCODEID,13718431000006117,Ectopic pregnancy of right ovary,C5192556,Ectopic pregnancy of right ovary,narrow,,P,ELECTTERM,PrA
Elective termination,MEDCODEID,137128014,Abdominal pregnancy,C0032984,"Pregnancy, Abdominal",narrow,,P,ELECTTERM,PrA
Elective termination,MEDCODEID,58080013,Ectopic pregnancy,C0032987,Ectopic Pregnancy,narrow,,P,ELECTTERM,PrA
Elective termination,MEDCODEID,305297016,Other ectopic pregnancy,C0032987,Ectopic Pregnancy,narrow,,P,ELECTTERM,PrA
Elective termination,MEDCODEID,3060451000006110,EP - Ectopic pregnancy,C0032987,Ectopic Pregnancy,narrow,,P,ELECTTERM,PrA
Elective termination,MEDCODEID,305303011,Other ectopic pregnancy NOS,C0032987,Ectopic Pregnancy,narrow,,P,ELECTTERM,PrA
Elective termination,MEDCODEID,308080015,[X]Other ectopic pregnancy,C0032987,Ectopic Pregnancy,narrow,,P,ELECTTERM,PrA
Elective termination,MEDCODEID,305304017,Ectopic pregnancy NOS,C0032987,Ectopic Pregnancy,narrow,,P,ELECTTERM,PrA
Elective termination,MEDCODEID,7498321000006110,Induced termination of pregnancy complicated by renal failure,C3662191,Induced termination of pregnancy complicated by renal failure,narrow,,P,ELECTTERM,PrA
Elective termination,MEDCODEID,1481703010,Fimbrial extraction of tubal pregnancy,C1270940,Fimbrial extraction of tubal pregnancy,narrow,,P,ELECTTERM,PrA
Elective termination,MEDCODEID,7498201000006113,Induced termination of pregnancy complicated by damage to pelvic organs and/or tissues,C3662197,Induced termination of pregnancy complicated by damage to pelvic organs and/or tissues,narrow,,P,ELECTTERM,PrA
Elective termination,MEDCODEID,2546831000006116,Complication following molar AND/OR ectopic pregnancy,C0269293,Unspecified complication following molar or ectopic pregnancy,possible,,P,ELECTTERM,PrA
Elective termination,MEDCODEID,574561000006119,Combined or heterotopic pregnancy,C0269291,"Pregnancy, Heterotopic",exclude,,P,ELECTTERM,PrA
Elective termination,MEDCODEID,3009021000006115,Combined pregnancy,C0269291,"Pregnancy, Heterotopic",exclude,,P,ELECTTERM,PrA
Elective termination,MEDCODEID,5104861000006118,Viable fetus in abdominal pregnancy,C0404869,Viable fetus in abdominal pregnancy,narrow,,P,ELECTTERM,PrA
Elective termination,MEDCODEID,5104871000006113,Viable foetus in abdominal pregnancy,C0404869,Viable fetus in abdominal pregnancy,narrow,,P,ELECTTERM,PrA
Elective termination,MEDCODEID,3369751000006110,Therapeutic termination of pregnancy,C3146284,Therapeutic Abortion Finding,narrow,,P,ELECTTERM,PrA
Elective termination,MEDCODEID,870511000006112,Ruptured tubal preg.removal op,C0404190,Excision of ruptured ectopic tubal pregnancy,narrow,,P,ELECTTERM,PrA
Elective termination,MEDCODEID,273917018,Excision of ruptured ectopic tubal pregnancy,C0404190,Excision of ruptured ectopic tubal pregnancy,narrow,,P,ELECTTERM,PrA
Elective termination,MEDCODEID,870521000006116,Tubal preg. removal op.,C0404190,Excision of ruptured ectopic tubal pregnancy,narrow,,P,ELECTTERM,PrA
Elective termination,MEDCODEID,59478019,Intraligamentous pregnancy,C0269288,Intraligamentous pregnancy,narrow,,P,ELECTTERM,PrA
Elective termination,MEDCODEID,273916010,Excision of ectopic ovarian pregnancy,C0404189,Excision of ectopic ovarian pregnancy,narrow,,P,ELECTTERM,PrA
Elective termination,MEDCODEID,870501000006114,Ovarian preg. removal op.,C0404189,Excision of ectopic ovarian pregnancy,narrow,,P,ELECTTERM,PrA
Elective termination,MEDCODEID,501321010,Mesometric pregnancy,C0269287,Mesometric pregnancy,narrow,,P,ELECTTERM,PrA
Elective termination,MEDCODEID,115533013,Mural pregnancy,C0269287,Mesometric pregnancy,narrow,,P,ELECTTERM,PrA
Elective termination,MEDCODEID,145245010,Cornual pregnancy,C0269286,"Pregnancy, Cornual",narrow,,P,ELECTTERM,PrA
Elective termination,MEDCODEID,131553011,Cervical pregnancy,C0269285,Cervical Pregnancy,narrow,,P,ELECTTERM,PrA
Elective termination,MEDCODEID,305301013,Angular pregnancy,C0404867,"Pregnancy, Angular",narrow,,P,ELECTTERM,PrA
Elective termination,MEDCODEID,305300014,Mesenteric pregnancy,C0404868,Mesenteric pregnancy,narrow,,P,ELECTTERM,PrA
Elective termination,MEDCODEID,7264921000006115,Multiple pregnancy involving intrauterine pregnancy and tubal pregnancy,C2711092,Combined tubal and intrauterine pregnancy,narrow,,P,ELECTTERM,PrA
Elective termination,MEDCODEID,5104881000006111,Unruptured tubal pregnancy,C0404870,Unruptured tubal pregnancy,narrow,,P,ELECTTERM,PrA
Elective termination,MEDCODEID,305298014,Membranous pregnancy,C0404871,Membranous pregnancy,narrow,,P,ELECTTERM,PrA
Elective termination,MEDCODEID,4832971000006117,Fetal or neonatal effect of tubal ectopic pregnancy,C0270015,Fetus or newborn affected by tubal pregnancy,exclude,,P,ELECTTERM,PrA
Elective termination,ICD10_2019,O08.3,Shock following abortion and ectopic and molar pregnancy,C0036974,Shock,possible,,P,ELECTTERM,PrA
Elective termination,ICD10_2019,O07.7,"Other and unspecified failed attempted abortion, complicated by embolism",C0392536,Failed attempted abortion,narrow,,P,ELECTTERM,PrA
Elective termination,ICD10_2019,O07.6,"Other and unspecified failed attempted abortion, complicated by delayed or excessive haemorrhage",C0392536,Failed attempted abortion,narrow,,P,ELECTTERM,PrA
Elective termination,ICD10_2019,O07.5,"Other and unspecified failed attempted abortion, complicated by genital tract and pelvic infection",C0392536,Failed attempted abortion,narrow,,P,ELECTTERM,PrA
Elective termination,ICD10_2019,O07.4,"Failed medical abortion, without complication",C0392536,Failed attempted abortion,narrow,,P,ELECTTERM,PrA
Elective termination,ICD10_2019,O07.3,"Failed medical abortion, with other and unspecified complications",C0392536,Failed attempted abortion,narrow,,P,ELECTTERM,PrA
Elective termination,ICD10_2019,O07.2,"Failed medical abortion, complicated by embolism",C0392536,Failed attempted abortion,narrow,,P,ELECTTERM,PrA
Elective termination,ICD10_2019,O07.1,"Failed medical abortion, complicated by delayed or excessive haemorrhage",C0392536,Failed attempted abortion,narrow,,P,ELECTTERM,PrA
Elective termination,ICD10_2019,O07,Failed attempted abortion,C0392536,Failed attempted abortion,narrow,,P,ELECTTERM,PrA
Elective termination,ICD10_2019,O07.0,"Failed medical abortion, complicated by genital tract and pelvic infection",C0392536,Failed attempted abortion,narrow,,P,ELECTTERM,PrA
Elective termination,ICD10_2019,O07.9,"Other and unspecified failed attempted abortion, without complication",C0392536,Failed attempted abortion,narrow,,P,ELECTTERM,PrA
Elective termination,ICD10_2019,O07.8,"Other and unspecified failed attempted abortion, with other and unspecified complications",C0392536,Failed attempted abortion,narrow,,P,ELECTTERM,PrA
Elective termination,ICD10_2019,P96.4,"Termination of pregnancy, affecting fetus and newborn",C0392535,Termination of pregnancy (procedure),exclude,,P,ELECTTERM,PrA
Elective termination,ICD10_2019,O01,Hydatidiform mole,C0020217,Hydatidiform Mole,exclude,,P,ELECTTERM,PrA
Elective termination,ICD10_2019,O01.9,"Hydatidiform mole, unspecified",C0020217,Hydatidiform Mole,exclude,,P,ELECTTERM,PrA
Elective termination,ICD10_2019,O01.1,Incomplete and partial hydatidiform mole,C0020217,Hydatidiform Mole,exclude,,P,ELECTTERM,PrA
Elective termination,ICD10_2019,O01.0,Classical hydatidiform mole,C0020217,Hydatidiform Mole,exclude,,P,ELECTTERM,PrA
Elective termination,ICD10_2019,O08.2,Embolism following abortion and ectopic and molar pregnancy,C0013922,Embolism,possible,,P,ELECTTERM,PrA
Elective termination,ICD10_2019,O04.33,"AVORT. MED. INCOMP.[IMG] [ITG] pour association de causes fÅ“tale et maternelle,  AVEC COMPLIC. NCA OU SAIOU SEVERE",C0000000,Unassociated custom codes,narrow,,P,ELECTTERM,PrA
Elective termination,ICD10_2019,O04.32,"AVORT. MED. INCOMP.[IMG] [ITG] pour cause maternelle,  AVEC COMPLIC. NCA OU SAI",C0000000,Unassociated custom codes,narrow,,P,ELECTTERM,PrA
Elective termination,ICD10_2019,O04.31,"AVORT. MED. INCOMP [IMG] [ITG] pour cause embryonnaire ou foetale,  AVEC COMPLIC. NCA OU SAI",C0000000,Unassociated custom codes,narrow,,P,ELECTTERM,PrA
Elective termination,ICD10_2019,O04.30,"AVORT. MED. INCOMP.[IVG dans le cadre lÃ©gal],  AVEC COMPLIC. NCA OU SAI",C0000000,Unassociated custom codes,narrow,,P,ELECTTERM,PrA
Elective termination,ICD10_2019,O04.73,"AVORT. MED. COMP. OU SAI.[IMG] [ITG] pour association de causes fÅ“tale et maternelle, COMPLIQ. D'UNE EMBOLIE.",C0000000,Unassociated custom codes,narrow,,P,ELECTTERM,PrA
Elective termination,ICD10_2019,O04.72,"AVORT. MED. COMP. OU SAI.[IMG] [ITG] pour cause maternelle, COMPLIQ. D'UNE EMBOLIE",C0000000,Unassociated custom codes,narrow,,P,ELECTTERM,PrA
Elective termination,ICD10_2019,O04.71,"AVORT. MED. COMP. OU SAI [IMG] [ITG] pour cause embryonnaire ou foetale, COMPLIQ. D'UNE EMBOLIE",C0000000,Unassociated custom codes,narrow,,P,ELECTTERM,PrA
Elective termination,ICD10_2019,O04.70,"AVORT. MED.COMP. OU SAI.[IVG dans le cadre lÃ©gal], COMPLIQ. D'UNE EMBOLIE",C0000000,Unassociated custom codes,narrow,,P,ELECTTERM,PrA
Elective termination,ICD10_2019,Z37.11,"single birth, stillborn child, following a termination of pregnancy for medical reasons",C0000000,Unassociated custom codes,narrow,,P,ELECTTERM,PrA
Elective termination,ICD10_2019,O05.9,"Other abortion, complete or unspecified, without complication",C0000000,Unassociated custom codes,possible,,P,ELECTTERM,PrA
Elective termination,ICD10_2019,O07.37,Sepsis following failed attempted termination of pregnancy,C0000000,Unassociated custom codes,narrow,,P,ELECTTERM,PrA
Elective termination,ICD10_2019,O04.00,"AVORT. MED. INCOMP.[IVG dans le cadre lÃ©gal], COMPLIQ. D'UNE INFECT. GENITO-PELV",C0000000,Unassociated custom codes,narrow,,P,ELECTTERM,PrA
Elective termination,ICD10_2019,O04.88,Urinary tract infection following (induced) termination of pregnancy,C0000000,Unassociated custom codes,narrow,,P,ELECTTERM,PrA
Elective termination,ICD10_2019,O04.43,"AVORT. MED. INCOMP.[IMG] [ITG] pour association de causes fÅ“tale et maternelle, SANS COMPLIC.OU SEVERE",C0000000,Unassociated custom codes,narrow,,P,ELECTTERM,PrA
Elective termination,ICD10_2019,O05.8,"Other abortion, complete or unspecified, with other and unspecified complications",C0000000,Unassociated custom codes,possible,,P,ELECTTERM,PrA
Elective termination,ICD10_2019,O07.38,Urinary tract infection following failed attempted termination of pregnancy,C0000000,Unassociated custom codes,narrow,,P,ELECTTERM,PrA
Elective termination,ICD10_2019,O04.87,Sepsis following (induced) termination of pregnancy,C0000000,Unassociated custom codes,narrow,,P,ELECTTERM,PrA
Elective termination,ICD10_2019,O04.42,"AVORT. MED. INCOMP.[IMG] [ITG] pour cause maternelle, SANS COMPLIC.",C0000000,Unassociated custom codes,narrow,,P,ELECTTERM,PrA
Elective termination,ICD10_2019,O05.7,"Other abortion, complete or unspecified, complicated by embolism",C0000000,Unassociated custom codes,possible,,P,ELECTTERM,PrA
Elective termination,ICD10_2019,O07.39,Failed attempted termination of pregnancy with other complications,C0000000,Unassociated custom codes,narrow,,P,ELECTTERM,PrA
Elective termination,ICD10_2019,O04.86,Cardiac arrest following (induced) termination of pregnancy,C0000000,Unassociated custom codes,narrow,,P,ELECTTERM,PrA
Elective termination,ICD10_2019,O04.41,"AVORT. MED. INCOMP [IMG] [ITG] pour cause embryonnaire ou foetale, SANS COMPLIC.",C0000000,Unassociated custom codes,narrow,,P,ELECTTERM,PrA
Elective termination,ICD10_2019,O05.6,"Other abortion, complete or unspecified, complicated by delayed or excessive haemorrhage",C0000000,Unassociated custom codes,possible,,P,ELECTTERM,PrA
Elective termination,ICD10_2019,O04.85,Other venous complications following (induced) termination of pregnancy,C0000000,Unassociated custom codes,narrow,,P,ELECTTERM,PrA
Elective termination,ICD10_2019,O05.5,"Other abortion, complete or unspecified, complicated by genital tract and pelvic infection",C0000000,Unassociated custom codes,possible,,P,ELECTTERM,PrA
Elective termination,ICD10_2019,O07.33,Metabolic disorder following failed attempted termination of pregnancy,C0000000,Unassociated custom codes,narrow,,P,ELECTTERM,PrA
Elective termination,ICD10_2019,O05.4,"Other abortion, incomplete, without complication",C0000000,Unassociated custom codes,possible,,P,ELECTTERM,PrA
Elective termination,ICD10_2019,O07.34,Damage to pelvic organs following failed attempted termination of pregnancy,C0000000,Unassociated custom codes,narrow,,P,ELECTTERM,PrA
Elective termination,ICD10_2019,O04.03,"AVORT. MED. INCOMP.[IMG] [ITG] pour association de causes fÅ“tale et maternelle, COMPLIQ. D'UNE INFECT. GENITO-PELV.",C0000000,Unassociated custom codes,narrow,,P,ELECTTERM,PrA
Elective termination,ICD10_2019,O05.3,"Other abortion, incomplete, with other and unspecified complications",C0000000,Unassociated custom codes,possible,,P,ELECTTERM,PrA
Elective termination,ICD10_2019,O07.35,Other venous complications following failed attempted termination of pregnancy,C0000000,Unassociated custom codes,narrow,,P,ELECTTERM,PrA
Elective termination,ICD10_2019,O04.02,"AVORT. MED. INCOMP.[IMG] [ITG] pour cause maternelle, COMPLIQ. D'UNE INFECT. GENITO-PELV.",C0000000,Unassociated custom codes,narrow,,P,ELECTTERM,PrA
Elective termination,ICD10_2019,O05.2,"Other abortion, incomplete, complicated by embolism",C0000000,Unassociated custom codes,possible,,P,ELECTTERM,PrA
Elective termination,ICD10_2019,O07.36,Cardiac arrest following failed attempted termination of pregnancy,C0000000,Unassociated custom codes,narrow,,P,ELECTTERM,PrA
Elective termination,ICD10_2019,O04.01,"AVORT. MED. INCOMP [IMG] [ITG] pour cause embryonnaire ou foetale, COMPLIQ. D'UNE INFECT. GENITO-PELV.",C0000000,Unassociated custom codes,narrow,,P,ELECTTERM,PrA
Elective termination,ICD10_2019,O04.89,(Induced) termination of pregnancy with other complications,C0000000,Unassociated custom codes,narrow,,P,ELECTTERM,PrA
Elective termination,ICD10_2019,O05.1,"Other abortion, incomplete, complicated by delayed or excessive haemorrhage",C0000000,Unassociated custom codes,possible,,P,ELECTTERM,PrA
Elective termination,ICD10_2019,O04.80,(Induced) termination of pregnancy with unspecified complications,C0000000,Unassociated custom codes,narrow,,P,ELECTTERM,PrA
Elective termination,ICD10_2019,O05.0,"Other abortion, incomplete, complicated by genital tract and pelvic infection",C0000000,Unassociated custom codes,possible,,P,ELECTTERM,PrA
Elective termination,ICD10_2019,O07.30,Failed attempted termination of pregnancy with unspecified complications,C0000000,Unassociated custom codes,narrow,,P,ELECTTERM,PrA
Elective termination,ICD10_2019,O07.31,Shock following failed attempted termination of pregnancy,C0000000,Unassociated custom codes,narrow,,P,ELECTTERM,PrA
Elective termination,ICD10_2019,O07.32,Renal failure following failed attempted termination of pregnancy,C0000000,Unassociated custom codes,narrow,,P,ELECTTERM,PrA
Elective termination,ICD10_2019,O04.40,"AVORT. MED. INCOMP.[IVG dans le cadre lÃ©gal], SANS COMPLIC.",C0000000,Unassociated custom codes,narrow,,P,ELECTTERM,PrA
Elective termination,ICD10_2019,O04.84,Damage to pelvic organs following (induced) termination of pregnancy,C0000000,Unassociated custom codes,narrow,,P,ELECTTERM,PrA
Elective termination,ICD10_2019,O04.83,Metabolic disorder following (induced) termination of pregnancy,C0000000,Unassociated custom codes,narrow,,P,ELECTTERM,PrA
Elective termination,ICD10_2019,O04.82,Renal failure following (induced) termination of pregnancy,C0000000,Unassociated custom codes,narrow,,P,ELECTTERM,PrA
Elective termination,ICD10_2019,O04.81,Shock following (induced) termination of pregnancy,C0000000,Unassociated custom codes,narrow,,P,ELECTTERM,PrA
Elective termination,ICD10_2019,O06.9,"Unspecified abortion, complete or unspecified, without complication",C0000000,Unassociated custom codes,possible,,P,ELECTTERM,PrA
Elective termination,ICD10_2019,O04.11,"AVORT. MED. INCOMP [IMG] [ITG] pour cause embryonnaire ou foetale, COMPLIQ. D'UNE HEMORR. RETARDEE OU SEVERE",C0000000,Unassociated custom codes,narrow,,P,ELECTTERM,PrA
Elective termination,ICD10_2019,Z37.41,"NAISSANCE GEMELLAIRE, JUMEAUX MORTS-NES, A LA SUITE D1 IMG",C0000000,Unassociated custom codes,narrow,,P,ELECTTERM,PrA
Elective termination,ICD10_2019,O04.10,"AVORT. MED. INCOMP.[IVG dans le cadre lÃ©gal], COMPLIQ. D'UNE HEMORR. RETARDEE OU SEVERE",C0000000,Unassociated custom codes,narrow,,P,ELECTTERM,PrA
Elective termination,ICD10_2019,O04.53,"AVORT. MED. COMP. OU SAI.[IMG] [ITG] pour association de causes fÅ“tale et maternelle, COMPLIQ. D'UNE INFECT. GENITO-PELV.",C0000000,Unassociated custom codes,narrow,,P,ELECTTERM,PrA
Elective termination,ICD10_2019,O04.52,"AVORT. MED. COMP. OU SAI.[IMG] [ITG] pour cause maternelle, COMPLIQ. D'UNE INFECT. GENITO-PELV.",C0000000,Unassociated custom codes,narrow,,P,ELECTTERM,PrA
Elective termination,ICD10_2019,O04.13,"AVORT. MED. INCOMP.[IMG] [ITG] pour association de causes fÅ“tale et maternelle, COMPLIQ. D'UNE HEMORR. RETARDEE OU SEVERE",C0000000,Unassociated custom codes,narrow,,P,ELECTTERM,PrA
Elective termination,ICD10_2019,O04.12,"AVORT. MED. INCOMP.[IMG] [ITG] pour cause maternelle, COMPLIQ. D'UNE HEMORR. RETARDEE OU SEVERE",C0000000,Unassociated custom codes,narrow,,P,ELECTTERM,PrA
Elective termination,ICD10_2019,O04.91,"AVORT. MED. COMP. OU SAI.[IMG] [ITG] pour cause maternelle, SANS COMPLIC.",C0000000,Unassociated custom codes,narrow,,P,ELECTTERM,PrA
Elective termination,ICD10_2019,O04.90,"AVORT. MED.COMP. OU SAI [IMG] [ITG] pour cause embryonnaire ou foetale, SANS COMPLIC.",C0000000,Unassociated custom codes,narrow,,P,ELECTTERM,PrA
Elective termination,ICD10_2019,O04.51,"AVORT. MED. COMP. OU SAI [IMG] [ITG] pour cause embryonnaire ou foetale, COMPLIQ. D'UNE INFECT. GENITO-PELV.",C0000000,Unassociated custom codes,narrow,,P,ELECTTERM,PrA
Elective termination,ICD10_2019,O04.50,"AVORT. MED.COMP. OU SAI.[IVG dans le cadre lÃ©gal], COMPLIQ. D'UNE INFECT. GENITO-PELV",C0000000,Unassociated custom codes,narrow,,P,ELECTTERM,PrA
Elective termination,ICD10_2019,O04.93,"AVORT. MED. COMP. OU SAI, SANS COMPLIC.",C0000000,Unassociated custom codes,narrow,,P,ELECTTERM,PrA
Elective termination,ICD10_2019,O04.92,"AVORT. MED. COMP. OU SAI.[IMG] [ITG] pour association de causes fÅ“tale et maternelle, SANS COMPLIC.",C0000000,Unassociated custom codes,narrow,,P,ELECTTERM,PrA
Elective termination,ICD10_2019,O06.8,"Unspecified abortion, complete or unspecified, with other and unspecified complications",C0000000,Unassociated custom codes,possible,,P,ELECTTERM,PrA
Elective termination,ICD10_2019,O04.22,"AVORT. MED. INCOMP.[IMG] [ITG] pour cause maternelle, COMPLIQ. D'UNE EMBOLIE",C0000000,Unassociated custom codes,narrow,,P,ELECTTERM,PrA
Elective termination,ICD10_2019,O06.7,"Unspecified abortion, complete or unspecified, complicated by embolism",C0000000,Unassociated custom codes,possible,,P,ELECTTERM,PrA
Elective termination,ICD10_2019,O04.21,"AVORT. MED. INCOMP [IMG] [ITG] pour cause embryonnaire ou foetale, COMPLIQ. D'UNE EMBOLIE",C0000000,Unassociated custom codes,narrow,,P,ELECTTERM,PrA
Elective termination,ICD10_2019,O04.9,"Medical abortion, complete or unspecified, without complication",C0000000,Unassociated custom codes,narrow,,P,ELECTTERM,PrA
Elective termination,ICD10_2019,O06.6,"Unspecified abortion, complete or unspecified, complicated by delayed or excessive haemorrhage",C0000000,Unassociated custom codes,possible,,P,ELECTTERM,PrA
Elective termination,ICD10_2019,Z33.2,Encounter for elective termination of pregnancy,C0000000,Unassociated custom codes,narrow,,P,ELECTTERM,PrA
Elective termination,ICD10_2019,Z37.31,"NAISSANCE GEMELLAIRE, L'UN VIVANT, L'AUTRE MORT-NE, A LA SUITE D'1 IMG",C0000000,Unassociated custom codes,narrow,,P,ELECTTERM,PrA
Elective termination,ICD10_2019,O04.20,"AVORT. MED. INCOMP.[IVG dans le cadre lÃ©gal], COMPLIQ. D'UNE EMBOLIE",C0000000,Unassociated custom codes,narrow,,P,ELECTTERM,PrA
Elective termination,ICD10_2019,O04.8,"Medical abortion, complete or unspecified, with other and unspecified complications / (Induced) termination of pregnancy with other and unspecified complications",C0000000,Unassociated custom codes,narrow,,P,ELECTTERM,PrA
Elective termination,ICD10_2019,O04.63,"AVORT. MED. COMP. OU SAI.[IMG] [ITG] pour association de causes fÅ“tale et maternelle, COMPLIQ. D'UNE HEMORR. RETARDEE OU SEVEREPELV.",C0000000,Unassociated custom codes,narrow,,P,ELECTTERM,PrA
Elective termination,ICD10_2019,O06.5,"Unspecified abortion, complete or unspecified, complicated by genital tract and pelvic infection",C0000000,Unassociated custom codes,possible,,P,ELECTTERM,PrA
Elective termination,ICD10_2019,O04.7,"Medical abortion, complete or unspecified, complicated by embolism / Embolism following (induced) termination of pregnancy",C0000000,Unassociated custom codes,narrow,,P,ELECTTERM,PrA
Elective termination,ICD10_2019,O06.4,"Unspecified abortion, incomplete, without complication",C0000000,Unassociated custom codes,possible,,P,ELECTTERM,PrA
Elective termination,ICD10_2019,O04.6,"Medical abortion, complete or unspecified, complicated by delayed or excessive haemorrhage / Delayed or excessive hemorrhage following (induced) termination of pregnancy",C0000000,Unassociated custom codes,narrow,,P,ELECTTERM,PrA
Elective termination,ICD10_2019,O06.3,"Unspecified abortion, incomplete, with other and unspecified complications",C0000000,Unassociated custom codes,possible,,P,ELECTTERM,PrA
Elective termination,ICD10_2019,O04.5,"Genital tract and pelvic infection following (induced) termination of pregnancy / Medical abortion, complete or unspecified, complicated by genital tract and pelvic infection",C0000000,Unassociated custom codes,narrow,,P,ELECTTERM,PrA
Elective termination,ICD10_2019,O06.2,"Unspecified abortion, incomplete, complicated by embolism",C0000000,Unassociated custom codes,possible,,P,ELECTTERM,PrA
Elective termination,ICD10_2019,O04.4,"Medical abortion, incomplete, without complication",C0000000,Unassociated custom codes,narrow,,P,ELECTTERM,PrA
Elective termination,ICD10_2019,Z37.71,"NAISSANCES MULT. NCA, TOUS MORTS-NES, A LA SUITE D'1 IMG",C0000000,Unassociated custom codes,narrow,,P,ELECTTERM,PrA
Elective termination,ICD10_2019,O06.1,"Unspecified abortion, incomplete, complicated by delayed or excessive haemorrhage",C0000000,Unassociated custom codes,possible,,P,ELECTTERM,PrA
Elective termination,ICD10_2019,O04.23,"AVORT. MED. INCOMP.[IMG] [ITG] pour association de causes fÅ“tale et maternelle, COMPLIQ. D'UNE EMBOLIEOU SEVERE",C0000000,Unassociated custom codes,narrow,,P,ELECTTERM,PrA
Elective termination,ICD10_2019,O04.3,"Medical abortion, incomplete, with other and unspecified complications",C0000000,Unassociated custom codes,narrow,,P,ELECTTERM,PrA
Elective termination,ICD10_2019,O04.2,"Medical abortion, incomplete, complicated by embolism",C0000000,Unassociated custom codes,narrow,,P,ELECTTERM,PrA
Elective termination,ICD10_2019,O04.1,"Medical abortion, incomplete, complicated by delayed or excessive haemorrhage",C0000000,Unassociated custom codes,narrow,,P,ELECTTERM,PrA
Elective termination,ICD10_2019,O04.0,"Medical abortion, incomplete, complicated by genital tract and pelvic infection",C0000000,Unassociated custom codes,narrow,,P,ELECTTERM,PrA
Elective termination,ICD10_2019,O04.62,"AVORT. MED. COMP. OU SAI.[IMG] [ITG] pour cause maternelle, COMPLIQ. D'UNE HEMORR. RETARDEE OU SEVERE",C0000000,Unassociated custom codes,narrow,,P,ELECTTERM,PrA
Elective termination,ICD10_2019,O04.61,"AVORT. MED. COMP. OU SAI [IMG] [ITG] pour cause embryonnaire ou foetale, COMPLIQ. D'UNE HEMORR. RETARDEE OU SEVERE",C0000000,Unassociated custom codes,narrow,,P,ELECTTERM,PrA
Elective termination,ICD10_2019,O04.60,"AVORT. MED.COMP. OU SAI.[IVG dans le cadre lÃ©gal], COMPLIQ. D'UNE HEMORR. RETARDEE OU SEVERE",C0000000,Unassociated custom codes,narrow,,P,ELECTTERM,PrA
Elective termination,ICD10_2019,O08.1,Delayed or excessive haemorrhage following abortion and ectopic and molar pregnancy,C0854265,Post abortion haemorrhage,possible,,P,ELECTTERM,PrA
Elective termination,ICD10_2019,O06.0,"Unspecified abortion, incomplete, complicated by genital tract and pelvic infection",C0156546,"Unspecified abortion, incomplete, complicated by genital tract and pelvic infection",possible,,P,ELECTTERM,PrA
Elective termination,ICD10_2019,O08.5,Metabolic disorders following abortion and ectopic and molar pregnancy,C0025517,Metabolic Diseases,possible,,P,ELECTTERM,PrA
Elective termination,ICD10_2019,O06,Unspecified abortion,C0156543,Unspecified Abortion,possible,,P,ELECTTERM,PrA
Elective termination,ICD10_2019,O05,Other abortion,C0156543,Unspecified Abortion,possible,,P,ELECTTERM,PrA
Elective termination,ICD10_2019,O08.6,Damage to pelvic organs and tissues following abortion and ectopic and molar pregnancy,C0851640,Post abortion complication,possible,,P,ELECTTERM,PrA
Elective termination,ICD10_2019,O04,Medical abortion,C3146282,Medical termination of pregnancy,narrow,,P,ELECTTERM,PrA
Elective termination,ICD10_2019,O02,Other abnormal products of conception,C0269274,Abnormal product of conception,possible,,P,ELECTTERM,PrA
Elective termination,ICD10_2019,O02.9,"Abnormal product of conception, unspecified",C0269274,Abnormal product of conception,possible,,P,ELECTTERM,PrA
Elective termination,ICD10_2019,O02.8,Other specified abnormal products of conception,C0269274,Abnormal product of conception,possible,,P,ELECTTERM,PrA
Elective termination,ICPC2P,W83003,Termination of pregnancy,C0392535,Termination of pregnancy (procedure),exclude,,P,ELECTTERM,PrA
Elective termination,ICPC2P,W83004,Termination of preg;request,C0581121,Requests pregnancy termination,possible,,P,ELECTTERM,PrA
Elective termination,ICPC2P,W83005,Abortion;request,C0581121,Requests pregnancy termination,possible,,P,ELECTTERM,PrA
Elective termination,ICPC2P,W83002,Abortion;induced;legal,C1456876,Legal abortion (finding),narrow,,P,ELECTTERM,PrA
Elective termination,ICPC2P,W82002,Abortion,C0156543,Unspecified Abortion,possible,,P,ELECTTERM,PrA
Elective termination,ICPC,W83,Abortion induced,C1704300,Induced abortion (finding),narrow,,P,ELECTTERM,PrA
Elective termination,SNM,F-31740,"Abortion, on demand",C5551315,Termination of pregnancy on demand (finding),possible,,P,ELECTTERM,PrA
Elective termination,SNM,P-1500,Embryotomy,C0013951,Embryotomy,narrow,,P,ELECTTERM,PrA
Elective termination,SNM,P-1755,"Abortion, induced",C1704300,Induced abortion (finding),narrow,,P,ELECTTERM,PrA
Elective termination,SNM,F-31720,"Abortion, failed attempt",C0392536,Failed attempted abortion,possible,,P,ELECTTERM,PrA
Elective termination,SNM,F-31670,"Abortion, nontherapeutic",C0269439,Elective abortion,narrow,,P,ELECTTERM,PrA
Elective termination,SNM,F-31690,"Abortion, criminal",C0000804,"Abortion, Illegal",narrow,,P,ELECTTERM,PrA
Elective termination,SNM,F31690,Abortion- criminal,C0000000,Unassociated custom codes,narrow,,P,ELECTTERM,PrA
Elective termination,SNM,F31670,Abortion- nontherapeutic,C0000000,Unassociated custom codes,narrow,,P,ELECTTERM,PrA
Elective termination,SNM,F31740,Abortion- on demand,C0000000,Unassociated custom codes,possible,,P,ELECTTERM,PrA
Elective termination,SNM,F31720,Abortion- failed attempt,C0000000,Unassociated custom codes,possible,,P,ELECTTERM,PrA
Elective termination,SNM,P1755,Abortion- induced,C0000000,Unassociated custom codes,narrow,,P,ELECTTERM,PrA
Elective termination,SNM,P1500,Embryotomy,C0000000,Unassociated custom codes,narrow,,P,ELECTTERM,PrA
Elective termination,SNM,F31600,Abortion,C0000000,Unassociated custom codes,possible,,P,ELECTTERM,PrA
Elective termination,SNM,F-31730,"Abortion, therapeutic",C0000820,Therapeutic abortion procedure,exclude,,P,ELECTTERM,PrA
Elective termination,SNM,F-31600,Abortion,C0156543,Unspecified Abortion,possible,,P,ELECTTERM,PrA
Elective termination,SNM,U000205,Abortion,C0156543,Unspecified Abortion,possible,,P,ELECTTERM,PrA
Elective termination,ICD10DA,O083,"Shock efter abort, ektopisk graviditet eller mola",C0495170,Shock following abortion and ectopic and molar pregnancy,possible,,P,ELECTTERM,PrA
Elective termination,ICD10DA,O085,"Metabolisk sygdom efter abort, ektopisk graviditet el. mola",C0495172,Metabolic disorders following abortion and ectopic and molar pregnancy,possible,,P,ELECTTERM,PrA
Elective termination,ICD10DA,O084,"Nyresvigt efter abort, ektopisk graviditet eller mola",C0495171,Renal failure following abortion and ectopic and molar pregnancy,possible,,P,ELECTTERM,PrA
Elective termination,ICD10DA,O086,"Beskad. af organ/væv i bækken eft abort, ektopisk grav, mola",C0495173,Damage to pelvic organs and tissues following abortion and ectopic and molar pregnancy,possible,,P,ELECTTERM,PrA
Elective termination,ICD10DA,O086R,Beskadigelse af livmoderen efter abort,C0495173,Damage to pelvic organs and tissues following abortion and ectopic and molar pregnancy,narrow,,P,ELECTTERM,PrA
Elective termination,ICD10DA,P964,Abortindgreb med følger for nyfødt,C1704300,Induced abortion (finding),exclude,,P,ELECTTERM,PrA
Elective termination,ICD10DA,O07,Mislykket fremkaldelse af abort,C0392536,Failed attempted abortion,narrow,,P,ELECTTERM,PrA
Elective termination,ICD10DA,O074,Forsøg på legal abort uden komplikation,C0451793,"Failed medical abortion, without complication",narrow,,P,ELECTTERM,PrA
Elective termination,ICD10DA,O08,"Komplikation efter abort, ektopisk graviditet og mola",C0477810,"Complication following abortion and ectopic and molar pregnancy, unspecified",possible,,P,ELECTTERM,PrA
Elective termination,ICD10DA,O05,Provokeret abort efter udgangen af 12. graviditetsuge,C0477801,Other abortion,narrow,,P,ELECTTERM,PrA
Elective termination,ICD10DA,O073,Forsøg på legal abort med anden el. ikke spec. komplikation,C0477802,"Failed medical abortion, with other and unspecified complications",narrow,,P,ELECTTERM,PrA
Elective termination,ICD10DA,O073B,Forsøg på abort med ikke specificeret komplikation,C0477802,"Failed medical abortion, with other and unspecified complications",narrow,,P,ELECTTERM,PrA
Elective termination,ICD10DA,O073A,Forsøg på abort med anden komplikation,C0477802,"Failed medical abortion, with other and unspecified complications",narrow,,P,ELECTTERM,PrA
Elective termination,ICD10DA,O028,Andet abnormt graviditetsprodukt,C0477800,Other specified abnormal products of conception,possible,,P,ELECTTERM,PrA
Elective termination,ICD10DA,O088L,Retineret væv efter abort,C0477809,Other complications following abortion and ectopic and molar pregnancy,narrow,,P,ELECTTERM,PrA
Elective termination,ICD10DA,O088,"Andre kompl. efter abort, ektopisk graviditet eller mola",C0477809,Other complications following abortion and ectopic and molar pregnancy,possible,,P,ELECTTERM,PrA
Elective termination,ICD10DA,O087,"Anden venøs kompl. efter abort, ektopisk graviditet el. mola",C0477808,Other venous complications following abortion and ectopic and molar pregnancy,possible,,P,ELECTTERM,PrA
Elective termination,ICD10DA,O019A,Ektopisk mola,C0020217,Hydatidiform Mole,exclude,,P,ELECTTERM,PrA
Elective termination,ICD10DA,O062,"Prov. abort før 12 grav.-uger, samråd v. umyndig .m samtykke",C0156570,"Unspecified abortion, incomplete, complicated by embolism",narrow,,P,ELECTTERM,PrA
Elective termination,ICD10DA,O041,"Prov. abort før 12 grav-uger, inkomplet, m sen/exc.blødning",C0495136,"Medical abortion, incomplete, complicated by delayed or excessive hemorrhage",narrow,,P,ELECTTERM,PrA
Elective termination,ICD10DA,O040,"Prov. abort før 12 grav-uger, inkomplet, m underlivsinfektio",C0495135,"Medical abortion, incomplete, complicated by genital tract and pelvic infection",narrow,,P,ELECTTERM,PrA
Elective termination,ICD10DA,O043,"Prov. abort før 12 grav-uger, inkomplet, m an. komplikation",C0495138,"Medical abortion, incomplete, with other and unspecified complications",narrow,,P,ELECTTERM,PrA
Elective termination,ICD10DA,O042,"Prov. abort før 12 grav-uger, inkomplet, med emboli",C0495137,"Medical abortion, incomplete, complicated by embolism",narrow,,P,ELECTTERM,PrA
Elective termination,ICD10DA,O044,"Prov. abort før 12 grav-uger, inkomplet u komplikation",C0495139,"Medical abortion, incomplete, without complication",narrow,,P,ELECTTERM,PrA
Elective termination,ICD10DA,O060,"Prov. abort før 12 grav.-uger, samråd v. anmodning fra værge",C0156546,"Unspecified abortion, incomplete, complicated by genital tract and pelvic infection",narrow,,P,ELECTTERM,PrA
Elective termination,ICD10DA,O022,Afsluttet graviditet med ukendt lokalisation (PUL),C0156422,Other abnormal products of conception,narrow,,P,ELECTTERM,PrA
Elective termination,ICD10DA,O06,Anden provokeret abort med samrådstilladelse,C0156543,Unspecified Abortion,narrow,,P,ELECTTERM,PrA
Elective termination,ICD10DA,O052,"Provokeret abort efter 12 grav-uger, samråd ved straffelov",C0495147,"Other abortion, incomplete, complicated by embolism",narrow,,P,ELECTTERM,PrA
Elective termination,ICD10DA,O051,"Prov. abort eft. 12 grav.-uger, samråd v. risiko for helbred",C0495146,"Other abortion, incomplete, complicated by delayed or excessive hemorrhage",narrow,,P,ELECTTERM,PrA
Elective termination,ICD10DA,O054,"Prov. abort eft. 12 grav.-uger, samråd ved fare for fosteret",C0495149,"Other abortion, incomplete, without complication",narrow,,P,ELECTTERM,PrA
Elective termination,ICD10DA,O053,"Prov. abort efter 12 grav-uger, samråd ved arvelige anlæg",C0495148,"Other abortion, incomplete, with other and unspecified complications",narrow,,P,ELECTTERM,PrA
Elective termination,ICD10DA,O080U,Sepsis efter abort,C0269294,Genital tract and pelvic infection following abortion and ectopic and molar pregnancy,narrow,,P,ELECTTERM,PrA
Elective termination,ICD10DA,O080B,Endometritis efter abort,C0269294,Genital tract and pelvic infection following abortion and ectopic and molar pregnancy,narrow,,P,ELECTTERM,PrA
Elective termination,ICD10DA,O080O,Salpingitis efter abort,C0269294,Genital tract and pelvic infection following abortion and ectopic and molar pregnancy,narrow,,P,ELECTTERM,PrA
Elective termination,ICD10DA,O080,"Underlivsinfektion efter abort, ektopisk graviditet el. mola",C0269294,Genital tract and pelvic infection following abortion and ectopic and molar pregnancy,possible,,P,ELECTTERM,PrA
Elective termination,ICD10DA,O046B,Abort-prov før 12 uger uspec kompliceret med blødning,C0495141,"Medical abortion, complete or unspecified, complicated by delayed or excessive hemorrhage",narrow,,P,ELECTTERM,PrA
Elective termination,ICD10DA,O046A,Abort-prov før 12 uger komplet kompliceret med blødning,C0495141,"Medical abortion, complete or unspecified, complicated by delayed or excessive hemorrhage",narrow,,P,ELECTTERM,PrA
Elective termination,ICD10DA,O046,"Prov. abort før 12 grav-uger, komplet/uspec, m sen/exc.blødn",C0495141,"Medical abortion, complete or unspecified, complicated by delayed or excessive hemorrhage",narrow,,P,ELECTTERM,PrA
Elective termination,ICD10DA,O046D,Haemorrhagia efter abort-prov uspec før 12 uger,C0495141,"Medical abortion, complete or unspecified, complicated by delayed or excessive hemorrhage",narrow,,P,ELECTTERM,PrA
Elective termination,ICD10DA,O046C,Haemorrhagia efter abort-prov komplet før 12 uger,C0495141,"Medical abortion, complete or unspecified, complicated by delayed or excessive hemorrhage",narrow,,P,ELECTTERM,PrA
Elective termination,ICD10DA,O045A,Abort-prov før 12 uger komplet kompliceret m infektion,C0495140,"Medical abortion, complete or unspecified, complicated by genital tract and pelvic infection",narrow,,P,ELECTTERM,PrA
Elective termination,ICD10DA,O045,"Prov. abort før 12 grav-uger, komplet/uspec, m underlivsinf",C0495140,"Medical abortion, complete or unspecified, complicated by genital tract and pelvic infection",narrow,,P,ELECTTERM,PrA
Elective termination,ICD10DA,O045B,Abort-prov før 12 uger uspec kompliceret m infektion,C0495140,"Medical abortion, complete or unspecified, complicated by genital tract and pelvic infection",narrow,,P,ELECTTERM,PrA
Elective termination,ICD10DA,O048,"Prov. abort før 12 grav-uger, komplet/uspec, m an. komplik.",C0495143,"Medical abortion, complete or unspecified, with other and unspecified complications",narrow,,P,ELECTTERM,PrA
Elective termination,ICD10DA,O048B,Abort-prov før 12 uger uspec m anden komplikation,C0495143,"Medical abortion, complete or unspecified, with other and unspecified complications",narrow,,P,ELECTTERM,PrA
Elective termination,ICD10DA,O048A,Abort-prov før 12 uger komplet m anden komplikation,C0495143,"Medical abortion, complete or unspecified, with other and unspecified complications",narrow,,P,ELECTTERM,PrA
Elective termination,ICD10DA,O047,"Prov. abort før 12 grav-uger, komplet/uspec., med emboli",C0495142,"Medical abortion, complete or unspecified, complicated by embolism",narrow,,P,ELECTTERM,PrA
Elective termination,ICD10DA,O047B,Abort-prov før 12 uger uspec kompliceret m emboli,C0495142,"Medical abortion, complete or unspecified, complicated by embolism",narrow,,P,ELECTTERM,PrA
Elective termination,ICD10DA,O047A,Abort-prov før 12 uger komplet kompliceret m emboli,C0495142,"Medical abortion, complete or unspecified, complicated by embolism",narrow,,P,ELECTTERM,PrA
Elective termination,ICD10DA,O050,"Prov. abort eft. udg 12. grav-uge u/samråd, fare for kvinden",C0495145,"Other abortion, incomplete, complicated by genital tract and pelvic infection",narrow,,P,ELECTTERM,PrA
Elective termination,ICD10DA,O049,Provokeret abort før udgangen af 12. graviditetsuge UNS,C0495144,"Medical abortion, complete or unspecified, without complication",narrow,,P,ELECTTERM,PrA
Elective termination,ICD10DA,O049B,Abort-prov før 12 uger uspec u komplikation,C0495144,"Medical abortion, complete or unspecified, without complication",narrow,,P,ELECTTERM,PrA
Elective termination,ICD10DA,O049A,Abort-prov før 12 uger komplet u komplikation,C0495144,"Medical abortion, complete or unspecified, without complication",narrow,,P,ELECTTERM,PrA
Elective termination,ICD10DA,O066,Provokeret abort før udg af 12. uge m tilladelse: Udlænding,C0495158,"Unspecified abortion, complete or unspecified, complicated by delayed or excessive hemorrhage",narrow,,P,ELECTTERM,PrA
Elective termination,ICD10DA,O065,"Prov. abort eft 12 grav-uger, samråd, umyndig, nægt.samtykke",C0495157,"Unspecified abortion, complete or unspecified, complicated by genital tract and pelvic infection",narrow,,P,ELECTTERM,PrA
Elective termination,ICD10DA,O067,Prov ab eft udg af 12. uge m tilladelse: Udlænd srl tilknyt,C0495159,"Unspecified abortion, complete or unspecified, complicated by embolism",narrow,,P,ELECTTERM,PrA
Elective termination,ICD10DA,O04,Provokeret abort før udgangen af 12. graviditetsuge,C3146283,Medical abortion (finding),narrow,,P,ELECTTERM,PrA
Elective termination,ICD10DA,O367,Levende foster ved abdominal graviditet,C0451816,Maternal care for viable fetus in abdominal pregnancy,narrow,,P,ELECTTERM,PrA
Elective termination,ICD10DA,O055,"Provokeret abort efter 12 grav-uger, samråd ved omsorgsevner",C0495150,"Other abortion, complete or unspecified, complicated by genital tract and pelvic infection",narrow,,P,ELECTTERM,PrA
Elective termination,ICD10DA,O057,"Provokeret abort efter 12 grav-uger, samråd ved belastning",C0495152,"Other abortion, complete or unspecified, complicated by embolism",narrow,,P,ELECTTERM,PrA
Elective termination,ICD10DA,O056,"Prov. abort eft. 12 grav-uger, samråd v ung alder/umodenhed",C0495151,"Other abortion, complete or unspecified, complicated by delayed or excessive hemorrhage",narrow,,P,ELECTTERM,PrA
Elective termination,ICD10DA,O059,Prov. abort eft. udgang 12. graviditetsuge med samrådstill.,C0495154,"Other abortion, complete or unspecified, without complication",narrow,,P,ELECTTERM,PrA
Elective termination,ICD10DA,O058,Provokeret ab efter udg af 12. uge på kombineret indikation,C0495153,"Other abortion, complete or unspecified, with other and unspecified complications",narrow,,P,ELECTTERM,PrA
Elective termination,ICD10DA,O064,"Prov. abort før 12 grav-uger, samråd, umyndig, nægt.samtykke",C0495156,"Unspecified abortion, incomplete, without complication",narrow,,P,ELECTTERM,PrA
Elective termination,ICD10DA,O063,"Prov. abort eft. 12 grav.-uge, samråd v. umyndig u. samtykke",C0495155,"Unspecified abortion, incomplete, with other and unspecified complications",narrow,,P,ELECTTERM,PrA
Elective termination,ICD10DA,O082,"Emboli efter abort, ektopisk graviditet eller mola",C0495169,Embolism following abortion and ectopic and molar pregnancy,possible,,P,ELECTTERM,PrA
Elective termination,ICD10DA,O081G,Blødning efter abort,C0495168,Delayed or excessive hemorrhage following abortion and ectopic and molar pregnancy,narrow,,P,ELECTTERM,PrA
Elective termination,ICD10DA,O081,"Sen/excessiv blødning eft. abort, ektopisk gravid. el. mola",C0495168,Delayed or excessive hemorrhage following abortion and ectopic and molar pregnancy,possible,,P,ELECTTERM,PrA
Elective termination,ICD10DA,O061,"Prov. abort eft. 12 grav-uger, samråd v anmodning fra værge",C0156550,"Unspecified abortion, incomplete, complicated by delayed or excessive hemorrhage",narrow,,P,ELECTTERM,PrA
Elective termination,ICD10DA,O029,Abnormt graviditetsprodukt UNS,C0269274,Abnormal product of conception,possible,,P,ELECTTERM,PrA
Elective termination,ICD10DA,O069,Prov. abort før udgang af 12. graviditetsuge m. samrådstill.,C0495161,"Unspecified abortion, complete or unspecified, without complication",narrow,,P,ELECTTERM,PrA
Elective termination,ICD10DA,O068,Provokeret abort på legal indikation uden specifikation,C0495160,"Unspecified abortion, complete or unspecified, with other and unspecified complications",narrow,,P,ELECTTERM,PrA
Elective termination,ICD10DA,O079,Fortsat levende graviditet efter forsøg på provokeret abort,C0495166,"Other and unspecified failed attempted abortion, without complication",narrow,,P,ELECTTERM,PrA
Elective termination,ICD9CM,636.11,"Illegally induced abortion, complicated by delayed or excessive hemorrhage, incomplete",C0156509,"Illegally induced abortion, complicated by delayed or excessive hemorrhage, incomplete",narrow,,P,ELECTTERM,PrA
Elective termination,ICD9CM,636.02,"Illegally induced abortion, complicated by genital tract and pelvic infection, complete",C0156506,"Illegally induced abortion, complicated by genital tract and pelvic infection, complete",narrow,,P,ELECTTERM,PrA
Elective termination,ICD9CM,638.9,Failed attempted abortion without mention of complication,C0269549,Failed attempted termination of pregnancy without complication,narrow,,P,ELECTTERM,PrA
Elective termination,ICD9CM,636.01,"Illegally induced abortion, complicated by genital tract and pelvic infection, incomplete",C0156505,"Illegally induced abortion, complicated by genital tract and pelvic infection, incomplete",narrow,,P,ELECTTERM,PrA
Elective termination,ICD9CM,636.00,"Illegally induced abortion, complicated by genital tract and pelvic infection, unspecified",C0156504,"Illegally induced abortion, complicated by genital tract and pelvic infection, unspecified",narrow,,P,ELECTTERM,PrA
Elective termination,ICD9CM,636.0,Illegally induced abortion complicated by genital tract and pelvic infection,C0156504,"Illegally induced abortion, complicated by genital tract and pelvic infection, unspecified",narrow,,P,ELECTTERM,PrA
Elective termination,ICD9CM,639.5,Shock following abortion or ectopic and molar pregnancies,C0495170,Shock following abortion and ectopic and molar pregnancy,possible,,P,ELECTTERM,PrA
Elective termination,ICD9CM,639.4,Metabolic disorders following abortion or ectopic and molar pregnancies,C0495172,Metabolic disorders following abortion and ectopic and molar pregnancy,possible,,P,ELECTTERM,PrA
Elective termination,ICD9CM,639.2,Damage to pelvic organs and tissues following abortion or ectopic and molar pregnancies,C0495173,Damage to pelvic organs and tissues following abortion and ectopic and molar pregnancy,possible,,P,ELECTTERM,PrA
Elective termination,ICD9CM,636.6,Illegally induced abortion complicated by embolism,C0269534,"Illegally induced abortion, complicated by embolism, unspecified",narrow,,P,ELECTTERM,PrA
Elective termination,ICD9CM,636.60,"Illegally induced abortion, complicated by embolism, unspecified",C0269534,"Illegally induced abortion, complicated by embolism, unspecified",narrow,,P,ELECTTERM,PrA
Elective termination,ICD9CM,636.5,Illegally induced abortion complicated by shock,C0269531,"Illegally induced abortion, complicated by shock, unspecified",narrow,,P,ELECTTERM,PrA
Elective termination,ICD9CM,636.50,"Illegally induced abortion, complicated by shock, unspecified",C0269531,"Illegally induced abortion, complicated by shock, unspecified",narrow,,P,ELECTTERM,PrA
Elective termination,ICD9CM,636.51,"Illegally induced abortion, complicated by shock, incomplete",C0156525,"Illegally induced abortion, complicated by shock, incomplete",narrow,,P,ELECTTERM,PrA
Elective termination,ICD9CM,636.42,"Illegally induced abortion, complicated by metabolic disorder, complete",C0156522,"Illegally induced abortion, complicated by metabolic disorder, complete",narrow,,P,ELECTTERM,PrA
Elective termination,ICD9CM,636.40,"Illegally induced abortion, complicated by metabolic disorder, unspecified",C0269529,"Illegally induced abortion, complicated by metabolic disorder, unspecified",narrow,,P,ELECTTERM,PrA
Elective termination,ICD9CM,636.4,Illegally induced abortion complicated by metabolic disorder,C0269529,"Illegally induced abortion, complicated by metabolic disorder, unspecified",narrow,,P,ELECTTERM,PrA
Elective termination,ICD9CM,636.61,"Illegally induced abortion, complicated by embolism, incomplete",C0156529,"Illegally induced abortion, complicated by embolism, incomplete",narrow,,P,ELECTTERM,PrA
Elective termination,ICD9CM,636.52,"Illegally induced abortion, complicated by shock, complete",C0156526,"Illegally induced abortion, complicated by shock, complete",narrow,,P,ELECTTERM,PrA
Elective termination,ICD9CM,636.3,Illegally induced abortion complicated by renal failure,C0269524,"Illegally induced abortion, complicated by renal failure, unspecified",narrow,,P,ELECTTERM,PrA
Elective termination,ICD9CM,636.30,"Illegally induced abortion, complicated by renal failure, unspecified",C0269524,"Illegally induced abortion, complicated by renal failure, unspecified",narrow,,P,ELECTTERM,PrA
Elective termination,ICD9CM,636.41,"Illegally induced abortion, complicated by metabolic disorder, incomplete",C0156521,"Illegally induced abortion, complicated by metabolic disorder, incomplete",narrow,,P,ELECTTERM,PrA
Elective termination,ICD9CM,74.91,Hysterotomy to terminate pregnancy,C0195643,Hysterotomy and termination of pregnancy,exclude,,P,ELECTTERM,PrA
Elective termination,ICD9CM,636.22,"Illegally induced abortion, complicated by damage to pelvic organs or tissues, complete",C0156514,"Illegally induced abortion, complicated by damage to pelvic organs or tissues, complete",narrow,,P,ELECTTERM,PrA
Elective termination,ICD9CM,636.21,"Illegally induced abortion, complicated by damage to pelvic organs or tissues, incomplete",C0156513,"Illegally induced abortion, complicated by damage to pelvic organs or tissues, incomplete",narrow,,P,ELECTTERM,PrA
Elective termination,ICD9CM,636.32,"Illegally induced abortion, complicated by renal failure, complete",C0156518,"Illegally induced abortion, complicated by renal failure, complete",narrow,,P,ELECTTERM,PrA
Elective termination,ICD9CM,636.31,"Illegally induced abortion, complicated by renal failure, incomplete",C0156517,"Illegally induced abortion, complicated by renal failure, incomplete",narrow,,P,ELECTTERM,PrA
Elective termination,ICD9CM,779.6,Termination of pregnancy (fetus),C1704300,Induced abortion (finding),exclude,,P,ELECTTERM,PrA
Elective termination,ICD9CM,636.12,"Illegally induced abortion, complicated by delayed or excessive hemorrhage, complete",C0156510,"Illegally induced abortion, complicated by delayed or excessive hemorrhage, complete",narrow,,P,ELECTTERM,PrA
Elective termination,ICD9CM,638,Failed attempted abortion,C0392536,Failed attempted abortion,narrow,,P,ELECTTERM,PrA
Elective termination,ICD9CM,635.3,Legally induced abortion complicated by renal failure,C0269469,"Legally induced abortion, complicated by renal failure,unspecified",narrow,,P,ELECTTERM,PrA
Elective termination,ICD9CM,635.30,"Legally induced abortion, complicated by renal failure,unspecified",C0269469,"Legally induced abortion, complicated by renal failure,unspecified",narrow,,P,ELECTTERM,PrA
Elective termination,ICD9CM,635.82,"Legally induced abortion, with unspecified complication, complete",C3697208,"Legally induced abortion, with unspecified complication, complete",narrow,,P,ELECTTERM,PrA
Elective termination,ICD9CM,75.0,Intra-amniotic injection for abortion,C0565454,Injection of amnion for termination of pregnancy,exclude,,P,ELECTTERM,PrA
Elective termination,ICD9CM,635.72,"Legally induced abortion, with other specified complications, complete",C0156494,"Legally induced abortion, with other specified complications, complete",narrow,,P,ELECTTERM,PrA
Elective termination,ICD9CM,635.71,"Legally induced abortion, with other specified complications, incomplete",C0156493,"Legally induced abortion, with other specified complications, incomplete",narrow,,P,ELECTTERM,PrA
Elective termination,ICD9CM,635.7,Legally induced abortion with other specified complications,C0156492,"Legally induced abortion, with other specified complications, unspecified",narrow,,P,ELECTTERM,PrA
Elective termination,ICD9CM,635.70,"Legally induced abortion, with other specified complications, unspecified",C0156492,"Legally induced abortion, with other specified complications, unspecified",narrow,,P,ELECTTERM,PrA
Elective termination,ICD9CM,635.90,"Legally induced abortion, without mention of complication, unspecified",C0156499,"Legally induced abortion, without mention of complication, unspecified",narrow,,P,ELECTTERM,PrA
Elective termination,ICD9CM,635.9,Legally induced abortion without mention of complication,C0156499,"Legally induced abortion, without mention of complication, unspecified",narrow,,P,ELECTTERM,PrA
Elective termination,ICD9CM,635.10,"Legally induced abortion, complicated by delayed or excessive hemorrhage, unspecified",C0269450,"Legally induced abortion, complicated by delayed or excessive hemorrhage, unspecified",narrow,,P,ELECTTERM,PrA
Elective termination,ICD9CM,635.1,Legally induced abortion complicated by delayed or excessive hemorrhage,C0269450,"Legally induced abortion, complicated by delayed or excessive hemorrhage, unspecified",narrow,,P,ELECTTERM,PrA
Elective termination,ICD9CM,635.62,"Legally induced abortion, complicated by embolism, complete",C0156490,"Legally induced abortion, complicated by embolism, complete",narrow,,P,ELECTTERM,PrA
Elective termination,ICD9CM,639.8,Other specified complications following abortion or ectopic and molar pregnancy,C0156602,Other specified complications following abortion or ectopic and molar pregnancy,possible,,P,ELECTTERM,PrA
Elective termination,ICD9CM,635.8,Legally induced abortion with unspecified complication,C0269441,"Legally induced abortion, with unspecified complication, unspecified",narrow,,P,ELECTTERM,PrA
Elective termination,ICD9CM,635.80,"Legally induced abortion, with unspecified complication, unspecified",C0269441,"Legally induced abortion, with unspecified complication, unspecified",narrow,,P,ELECTTERM,PrA
Elective termination,ICD9CM,638.2,Failed attempted abortion complicated by damage to pelvic organs or tissues,C0269561,Failed attempted termination of pregnancy complicated by damage to pelvic organ and/or tissues,narrow,,P,ELECTTERM,PrA
Elective termination,ICD9CM,630,Hydatidiform mole,C0020217,Hydatidiform Mole,exclude,,P,ELECTTERM,PrA
Elective termination,ICD9CM,635.11,"Legally induced abortion, complicated by delayed or excessive hemorrhage, incomplete",C0156469,"Legally induced abortion, complicated by delayed or excessive hemorrhage, incomplete",narrow,,P,ELECTTERM,PrA
Elective termination,ICD9CM,638.5,Failed attempted abortion complicated by shock,C0156589,Failed attempted termination of pregnancy complicated by shock,narrow,,P,ELECTTERM,PrA
Elective termination,ICD9CM,638.4,Failed attempted abortion complicated by metabolic disorder,C0156588,Failed attempted termination of pregnancy complicated by metabolic disorder,narrow,,P,ELECTTERM,PrA
Elective termination,ICD9CM,636.90,"Illegally induced abortion, without mention of complication, unspecified",C0260335,"Illegally induced abortion, without mention of complication, unspecified",narrow,,P,ELECTTERM,PrA
Elective termination,ICD9CM,636.9,Illegally induced abortion without mention of complication,C0260335,"Illegally induced abortion, without mention of complication, unspecified",narrow,,P,ELECTTERM,PrA
Elective termination,ICD9CM,637.92,"Unspecified abortion, without mention of complication, complete",C0156582,"Unspecified abortion, without mention of complication, complete",possible,,P,ELECTTERM,PrA
Elective termination,ICD9CM,637.91,"Unspecified abortion, without mention of complication, incomplete",C0156581,"Unspecified abortion, without mention of complication, incomplete",possible,,P,ELECTTERM,PrA
Elective termination,ICD9CM,637.9,Unspecified abortion without mention of complication,C0156580,"Unspecified abortion, without mention of complication, unspecified",possible,,P,ELECTTERM,PrA
Elective termination,ICD9CM,637.90,"Unspecified abortion, without mention of complication, unspecified",C0156580,"Unspecified abortion, without mention of complication, unspecified",possible,,P,ELECTTERM,PrA
Elective termination,ICD9CM,635.02,"Legally induced abortion, complicated by genital tract and pelvic infection, complete",C0156466,"Legally induced abortion, complicated by genital tract and pelvic infection, complete",narrow,,P,ELECTTERM,PrA
Elective termination,ICD9CM,638.3,Failed attempted abortion complicated by renal failure,C0156587,Failed attempted termination of pregnancy complicated by renal failure,narrow,,P,ELECTTERM,PrA
Elective termination,ICD9CM,635.01,"Legally induced abortion, complicated by genital tract and pelvic infection, incomplete",C0156465,"Legally induced abortion, complicated by genital tract and pelvic infection, incomplete",narrow,,P,ELECTTERM,PrA
Elective termination,ICD9CM,635.0,Legally induced abortion complicated by genital tract and pelvic infection,C0156464,"Legally induced abortion, complicated by genital tract and pelvic infection, unspecified",narrow,,P,ELECTTERM,PrA
Elective termination,ICD9CM,635.00,"Legally induced abortion, complicated by genital tract and pelvic infection, unspecified",C0156464,"Legally induced abortion, complicated by genital tract and pelvic infection, unspecified",narrow,,P,ELECTTERM,PrA
Elective termination,ICD9CM,638.1,Failed attempted abortion complicated by delayed or excessive hemorrhage,C0156585,Failed attempted termination of pregnancy complicated by delayed and/or excessive hemorrhage,narrow,,P,ELECTTERM,PrA
Elective termination,ICD9CM,638.0,Failed attempted abortion complicated by genital tract and pelvic infection,C0156584,Failed attempted abortion complicated by genital tract and pelvic infection,narrow,,P,ELECTTERM,PrA
Elective termination,ICD9CM,69.51,Aspiration curettage of uterus for termination of pregnancy,C0004050,Aspiration curettage of uterus for termination of pregnancy,exclude,,P,ELECTTERM,PrA
Elective termination,ICD9CM,639.3,Kidney failure following abortion and ectopic and molar pregnancies,C2712637,Kidney failure following abortion and ectopic and molar pregnancies,possible,,P,ELECTTERM,PrA
Elective termination,ICD9CM,636,Illegally induced abortion,C0000804,"Abortion, Illegal",narrow,,P,ELECTTERM,PrA
Elective termination,ICD9CM,637.82,"Unspecified abortion, with unspecified complication, complete",C0156579,Abortion complete complicated,possible,,P,ELECTTERM,PrA
Elective termination,ICD9CM,637.81,"Unspecified abortion, with unspecified complication, incomplete",C0156578,Abortion incomplete complicated,possible,,P,ELECTTERM,PrA
Elective termination,ICD9CM,637.7,Unspecified abortion with other specified complications,C0156572,Unspecified abortion with other specified complications,possible,,P,ELECTTERM,PrA
Elective termination,ICD9CM,635,Legally induced abortion,C1456876,Legal abortion (finding),narrow,,P,ELECTTERM,PrA
Elective termination,ICD9CM,637.62,"Unspecified abortion, complicated by embolism, complete",C0156571,"Unspecified abortion, complicated by embolism, complete",possible,,P,ELECTTERM,PrA
Elective termination,ICD9CM,637.61,"Unspecified abortion, complicated by embolism, incomplete",C0156570,"Unspecified abortion, incomplete, complicated by embolism",possible,,P,ELECTTERM,PrA
Elective termination,ICD9CM,637.72,"Unspecified abortion, with other specified complications, complete",C0156575,"Unspecified abortion, with other specified complications, complete",possible,,P,ELECTTERM,PrA
Elective termination,ICD9CM,637.71,"Unspecified abortion, with other specified complications, incomplete",C0156574,"Unspecified abortion, with other specified complications, incomplete",possible,,P,ELECTTERM,PrA
Elective termination,ICD9CM,636.80,"Illegally induced abortion, with unspecified complication, unspecified",C0269496,"Illegally induced abortion, with unspecified complication, unspecified",narrow,,P,ELECTTERM,PrA
Elective termination,ICD9CM,636.8,Illegally induced abortion with unspecified complication,C0269496,"Illegally induced abortion, with unspecified complication, unspecified",narrow,,P,ELECTTERM,PrA
Elective termination,ICD9CM,637.70,"Unspecified abortion, with other specified complications, unspecified",C0156573,"Unspecified abortion, with other specified complications, unspecified",possible,,P,ELECTTERM,PrA
Elective termination,ICD9CM,635.91,"Legally induced abortion, without mention of complication, incomplete",C0600043,"Legally induced abortion, without mention of complication, incomplete",narrow,,P,ELECTTERM,PrA
Elective termination,ICD9CM,637.20,"Unspecified abortion, complicated by damage to pelvic organs or tissues, unspecified",C1263817,"Unspecified abortion, complicated by damage to pelvic organs or tissues, unspecified",possible,,P,ELECTTERM,PrA
Elective termination,ICD9CM,637.2,Unspecified abortion complicated by damage to pelvic organs or tissues,C1263817,"Unspecified abortion, complicated by damage to pelvic organs or tissues, unspecified",possible,,P,ELECTTERM,PrA
Elective termination,ICD9CM,635.81,"Legally induced abortion, with unspecified complication, incomplete",C0600042,"Legally induced abortion, with unspecified complication, incomplete",narrow,,P,ELECTTERM,PrA
Elective termination,ICD9CM,635.61,"Legally induced abortion, complicated by embolism, incomplete",C0156489,"Legally induced abortion, complicated by embolism, incomplete",narrow,,P,ELECTTERM,PrA
Elective termination,ICD9CM,635.42,"Legally induced abortion, complicated by metabolic disorder, complete",C0156482,"Legally induced abortion, complicated by metabolic disorder, complete",narrow,,P,ELECTTERM,PrA
Elective termination,ICD9CM,635.41,"Legally induced abortion, complicated by metabolic disorder, incomplete",C0156481,"Legally induced abortion, complicated by metabolic disorder, incomplete",narrow,,P,ELECTTERM,PrA
Elective termination,ICD9CM,635.52,"Legally induced abortion, complicated by shock, complete",C0156486,"Legally induced abortion, complicated by shock, complete",narrow,,P,ELECTTERM,PrA
Elective termination,ICD9CM,635.51,"Legally induced abortion, complicated by shock, incomplete",C0156485,"Legally induced abortion, complicated by shock, incomplete",narrow,,P,ELECTTERM,PrA
Elective termination,ICD9CM,635.32,"Legally induced abortion, complicated by renal failure, complete",C0156478,"Legally induced abortion, complicated by renal failure, complete",narrow,,P,ELECTTERM,PrA
Elective termination,ICD9CM,635.21,"Legally induced abortion, complicated by damage to pelvic organs or tissues, incomplete",C0156473,"Legally induced abortion, complicated by damage to pelvic organs or tissues, incomplete",narrow,,P,ELECTTERM,PrA
Elective termination,ICD9CM,635.20,"Legally induced abortion, complicated by damage to pelvic organs or tissues, unspecified",C0156472,"Legally induced abortion, complicated by damage to pelvic organs or tissues, unspecified",narrow,,P,ELECTTERM,PrA
Elective termination,ICD9CM,635.2,Legally induced abortion complicated by damage to pelvic organs or tissues,C0156472,"Legally induced abortion, complicated by damage to pelvic organs or tissues, unspecified",narrow,,P,ELECTTERM,PrA
Elective termination,ICD9CM,635.6,Legally induced abortion complicated by embolism,C0269479,"Legally induced abortion, complicated by embolism, unspecified",narrow,,P,ELECTTERM,PrA
Elective termination,ICD9CM,635.60,"Legally induced abortion, complicated by embolism, unspecified",C0269479,"Legally induced abortion, complicated by embolism, unspecified",narrow,,P,ELECTTERM,PrA
Elective termination,ICD9CM,638.8,Failed attempted abortion with unspecified complication,C0156592,Failed attempted termination of pregnancy with complication,narrow,,P,ELECTTERM,PrA
Elective termination,ICD9CM,635.12,"Legally induced abortion, complicated by delayed or excessive hemorrhage, complete",C0156470,"Legally induced abortion, complicated by delayed or excessive hemorrhage, complete",narrow,,P,ELECTTERM,PrA
Elective termination,ICD9CM,638.7,Failed attempted abortion with other specified complications,C0156591,Failed attempted abortion with other specified complications,narrow,,P,ELECTTERM,PrA
Elective termination,ICD9CM,635.31,"Legally induced abortion, complicated by renal failure, incomplete",C0156477,"Legally induced abortion, complicated by renal failure, incomplete",narrow,,P,ELECTTERM,PrA
Elective termination,ICD9CM,635.50,"Legally induced abortion, complicated by shock, unspecified",C0269476,"Legally induced abortion, complicated by shock, unspecified",narrow,,P,ELECTTERM,PrA
Elective termination,ICD9CM,635.5,Legally induced abortion complicated by shock,C0269476,"Legally induced abortion, complicated by shock, unspecified",narrow,,P,ELECTTERM,PrA
Elective termination,ICD9CM,635.4,Legally induced abortion complicated by metabolic disorder,C0269474,"Legally induced abortion, complicated by metabolic disorder, unspecified",narrow,,P,ELECTTERM,PrA
Elective termination,ICD9CM,635.40,"Legally induced abortion, complicated by metabolic disorder, unspecified",C0269474,"Legally induced abortion, complicated by metabolic disorder, unspecified",narrow,,P,ELECTTERM,PrA
Elective termination,ICD9CM,635.22,"Legally induced abortion, complicated by damage to pelvic organs or tissues, complete",C0156474,"Legally induced abortion, complicated by damage to pelvic organs or tissues, complete",narrow,,P,ELECTTERM,PrA
Elective termination,ICD9CM,638.6,Failed attempted abortion complicated by embolism,C0156590,Failed attempted termination of pregnancy complicated by embolism,narrow,,P,ELECTTERM,PrA
Elective termination,ICD9CM,637.02,"Unspecified abortion, complicated by genital tract and pelvic infection, complete",C0156547,"Unspecified abortion, complicated by genital tract and pelvic infection, complete",possible,,P,ELECTTERM,PrA
Elective termination,ICD9CM,637.01,"Unspecified abortion, complicated by genital tract and pelvic infection, incomplete",C0156546,"Unspecified abortion, incomplete, complicated by genital tract and pelvic infection",possible,,P,ELECTTERM,PrA
Elective termination,ICD9CM,636.2,Illegally induced abortion complicated by damage to pelvic organs or tissue,C0269509,"Illegally induced abortion, complicated by damage to pelvic organs or tissues, unspecified",narrow,,P,ELECTTERM,PrA
Elective termination,ICD9CM,636.20,"Illegally induced abortion, complicated by damage to pelvic organs or tissues, unspecified",C0269509,"Illegally induced abortion, complicated by damage to pelvic organs or tissues, unspecified",narrow,,P,ELECTTERM,PrA
Elective termination,ICD9CM,637.00,"Unspecified abortion, complicated by genital tract and pelvic infection, unspecified",C0156545,"Unspecified abortion, complicated by genital tract and pelvic infection, unspecified",possible,,P,ELECTTERM,PrA
Elective termination,ICD9CM,637.0,Unspecified abortion complicated by genital tract and pelvic infection,C0156545,"Unspecified abortion, complicated by genital tract and pelvic infection, unspecified",possible,,P,ELECTTERM,PrA
Elective termination,ICD9CM,636.10,"Illegally induced abortion, complicated by delayed or excessive hemorrhage, unspecified",C0269505,"Illegally induced abortion, complicated by delayed or excessive hemorrhage, unspecified",narrow,,P,ELECTTERM,PrA
Elective termination,ICD9CM,636.1,Illegally induced abortion complicated by delayed or excessive hemorrhage,C0269505,"Illegally induced abortion, complicated by delayed or excessive hemorrhage, unspecified",narrow,,P,ELECTTERM,PrA
Elective termination,ICD9CM,637.1,Unspecified abortion complicated by delayed or excessive hemorrhage,C0156548,"Unspecified abortion, complicated by delayed or excessive hemorrhage, unspecified",possible,,P,ELECTTERM,PrA
Elective termination,ICD9CM,637.10,"Unspecified abortion, complicated by delayed or excessive hemorrhage, unspecified",C0156548,"Unspecified abortion, complicated by delayed or excessive hemorrhage, unspecified",possible,,P,ELECTTERM,PrA
Elective termination,ICD9CM,631,Other abnormal product of conception,C0156422,Other abnormal products of conception,possible,,P,ELECTTERM,PrA
Elective termination,ICD9CM,637,Unspecified abortion,C0156543,Unspecified Abortion,possible,,P,ELECTTERM,PrA
Elective termination,ICD9CM,636.92,"Illegally induced abortion, without mention of complication, complete",C0156542,"Illegally induced abortion, without mention of complication, complete",narrow,,P,ELECTTERM,PrA
Elective termination,ICD9CM,636.91,"Illegally induced abortion, without mention of complication, incomplete",C0156541,"Illegally induced abortion, without mention of complication, incomplete",narrow,,P,ELECTTERM,PrA
Elective termination,ICD9CM,636.72,"Illegally induced abortion, with other specified complications, complete",C0156534,"Illegally induced abortion, with other specified complications, complete",narrow,,P,ELECTTERM,PrA
Elective termination,ICD9CM,636.71,"Illegally induced abortion, with other specified complications, incomplete",C0156533,"Illegally induced abortion, with other specified complications, incomplete",narrow,,P,ELECTTERM,PrA
Elective termination,ICD9CM,636.82,"Illegally induced abortion, with unspecified complication, complete",C0156538,"Illegally induced abortion, with unspecified complication, complete",narrow,,P,ELECTTERM,PrA
Elective termination,ICD9CM,636.81,"Illegally induced abortion, with unspecified complication, incomplete",C0156537,"Illegally induced abortion, with unspecified complication, incomplete",narrow,,P,ELECTTERM,PrA
Elective termination,ICD9CM,636.7,Illegally induced abortion with other specified complications,C0156532,"Illegally induced abortion, with other specified complications, unspecified",narrow,,P,ELECTTERM,PrA
Elective termination,ICD9CM,636.70,"Illegally induced abortion, with other specified complications, unspecified",C0156532,"Illegally induced abortion, with other specified complications, unspecified",narrow,,P,ELECTTERM,PrA
Elective termination,ICD9CM,636.62,"Illegally induced abortion, complicated by embolism, complete",C0156530,"Illegally induced abortion, complicated by embolism, complete",narrow,,P,ELECTTERM,PrA
Elective termination,ICD9CM,635.92,"Legally induced abortion, without mention of complication, complete",C1261319,"Legally induced abortion, without mention of complication, complete",narrow,,P,ELECTTERM,PrA
Elective termination,ICD9CM,637.80,"Unspecified abortion, with unspecified complication, unspecified",C1299558,Abortion complicated,possible,,P,ELECTTERM,PrA
Elective termination,ICD9CM,637.8,Unspecified abortion with unspecified complication,C1299558,Abortion complicated,possible,,P,ELECTTERM,PrA
Elective termination,ICD9CM,637.60,"Unspecified abortion, complicated by embolism, unspecified",C0156568,embolism; abortion,possible,,P,ELECTTERM,PrA
Elective termination,ICD9CM,637.6,Unspecified abortion complicated by embolism,C0156568,embolism; abortion,possible,,P,ELECTTERM,PrA
Elective termination,ICD9CM,637.52,"Unspecified abortion, complicated by shock, complete",C0156567,"Unspecified abortion, complicated by shock, complete",possible,,P,ELECTTERM,PrA
Elective termination,ICD9CM,637.51,"Unspecified abortion, complicated by shock, incomplete",C0156566,"Unspecified abortion, complicated by shock, incomplete",possible,,P,ELECTTERM,PrA
Elective termination,ICD9CM,637.40,"Unspecified abortion, complicated by metabolic disorder, unspecified",C0156561,"Unspecified abortion, complicated by metabolic disorder, unspecified",possible,,P,ELECTTERM,PrA
Elective termination,ICD9CM,637.4,Unspecified abortion complicated by metabolic disorder,C0156560,abortion; metabolic disorder,possible,,P,ELECTTERM,PrA
Elective termination,ICD9CM,637.5,Unspecified abortion complicated by shock,C0156564,"collapse; circulatory, following abortion (subsequent episode)",possible,,P,ELECTTERM,PrA
Elective termination,ICD9CM,637.50,"Unspecified abortion, complicated by shock, unspecified",C0156564,"collapse; circulatory, following abortion (subsequent episode)",possible,,P,ELECTTERM,PrA
Elective termination,ICD9CM,637.42,"Unspecified abortion, complicated by metabolic disorder, complete",C0156563,"Unspecified abortion, complicated by metabolic disorder, complete",possible,,P,ELECTTERM,PrA
Elective termination,ICD9CM,637.41,"Unspecified abortion, complicated by metabolic disorder, incomplete",C0156562,"Unspecified abortion, complicated by metabolic disorder, incomplete",possible,,P,ELECTTERM,PrA
Elective termination,ICD9CM,639.6,Embolism following abortion or ectopic and molar pregnancies,C0495169,Embolism following abortion and ectopic and molar pregnancy,possible,,P,ELECTTERM,PrA
Elective termination,ICD9CM,639.1,Delayed or excessive hemorrhage following abortion or ectopic and molar pregnancies,C0495168,Delayed or excessive hemorrhage following abortion and ectopic and molar pregnancy,possible,,P,ELECTTERM,PrA
Elective termination,ICD9CM,637.31,"Unspecified abortion, complicated by renal failure, incomplete",C0156558,"Unspecified abortion, complicated by renal failure, incomplete",possible,,P,ELECTTERM,PrA
Elective termination,ICD9CM,637.3,Unspecified abortion complicated by renal failure,C0156556,"Unspecified abortion, complicated by renal failure, unspecified",possible,,P,ELECTTERM,PrA
Elective termination,ICD9CM,637.30,"Unspecified abortion, complicated by renal failure, unspecified",C0156556,"Unspecified abortion, complicated by renal failure, unspecified",possible,,P,ELECTTERM,PrA
Elective termination,ICD9CM,637.22,"Unspecified abortion, complicated by damage to pelvic organs or tissues, complete",C0156555,"Unspecified abortion, complicated by damage to pelvic organs or tissues, complete",possible,,P,ELECTTERM,PrA
Elective termination,ICD9CM,637.32,"Unspecified abortion, complicated by renal failure, complete",C0156559,"Unspecified abortion, complicated by renal failure, complete",possible,,P,ELECTTERM,PrA
Elective termination,ICD9CM,637.11,"Unspecified abortion, complicated by delayed or excessive hemorrhage, incomplete",C0156550,"Unspecified abortion, incomplete, complicated by delayed or excessive hemorrhage",possible,,P,ELECTTERM,PrA
Elective termination,ICD9CM,637.21,"Unspecified abortion, complicated by damage to pelvic organs or tissues, incomplete",C0156554,"Unspecified abortion, complicated by damage to pelvic organs or tissues, incomplete",possible,,P,ELECTTERM,PrA
Elective termination,ICD9CM,637.12,"Unspecified abortion, complicated by delayed or excessive hemorrhage, complete",C0156551,"Unspecified abortion, complicated by delayed or excessive hemorrhage, complete",possible,,P,ELECTTERM,PrA
Elective termination,ICD10/CM,O08.3,Shock following abortion and ectopic and molar pregnancy,C0495170,Shock following abortion and ectopic and molar pregnancy,possible,,P,ELECTTERM,PrA
Elective termination,ICD10/CM,O08.5,Metabolic disorders following abortion and ectopic and molar pregnancy,C0495172,Metabolic disorders following abortion and ectopic and molar pregnancy,possible,,P,ELECTTERM,PrA
Elective termination,ICD10/CM,O08.6,Damage to pelvic organs and tissues following abortion and ectopic and molar pregnancy,C0495173,Damage to pelvic organs and tissues following abortion and ectopic and molar pregnancy,possible,,P,ELECTTERM,PrA
Elective termination,ICD10/CM,P96.4,"Termination of pregnancy, fetus and newborn",C1704300,Induced abortion (finding),exclude,,P,ELECTTERM,PrA
Elective termination,ICD10/CM,O04,Medical abortion,C3146283,Medical abortion (finding),narrow,,P,ELECTTERM,PrA
Elective termination,ICD10/CM,O08.2,Embolism following abortion and ectopic and molar pregnancy,C0495169,Embolism following abortion and ectopic and molar pregnancy,possible,,P,ELECTTERM,PrA
Elective termination,ICD10/CM,O08.1,Delayed or excessive haemorrhage following abortion and ectopic and molar pregnancy,C0495168,Delayed or excessive hemorrhage following abortion and ectopic and molar pregnancy,possible,,P,ELECTTERM,PrA
Elective termination,SCTSPA,198692001,aborto legal no especificado con infección pélvica o del aparato genital,C0404925,Unspecified legal abortion with genital tract or pelvic infection,narrow,,P,ELECTTERM,PrA
Elective termination,SCTSPA,198816004,intento fallido de aborto sin mención de complicación,C0269549,Failed attempted termination of pregnancy without complication,possible,,P,ELECTTERM,PrA
Elective termination,SCTSPA,90645002,intento fallido de aborto sin complicación,C0269549,Failed attempted termination of pregnancy without complication,narrow,,P,ELECTTERM,PrA
Elective termination,SCTSPA,1156973008,mola hidatiforme completa benigna,C5548499,Benign complete hydatidiform mole,exclude,,P,ELECTTERM,PrA
Elective termination,SCTSPA,399479003,"tumor maligno trofoblástico, no se puede determinar el tipo",C1302439,"Malignant trophoblastic tumor, type cannot be determined",exclude,,P,ELECTTERM,PrA
Elective termination,SCTSPA,1220657009,daño de órganos y/o tejidos de pelvis debido a interrupción completa inducida de embarazo y debido a ella,C5688300,Damage to pelvic organs and/or tissue due to and following complete induced termination of pregnancy,narrow,,P,ELECTTERM,PrA
Elective termination,SCTSPA,399669007,"coriocarcinoma, monofásico",C1275871,"Choriocarcinoma, monophasic",exclude,,P,ELECTTERM,PrA
Elective termination,SCTSPA,198738005,aborto ilegal no especificado con embolia,C0269534,"Illegally induced abortion, complicated by embolism, unspecified",narrow,,P,ELECTTERM,PrA
Elective termination,SCTSPA,26743002,aborto ilegal complicado por embolia,C0269534,"Illegally induced abortion, complicated by embolism, unspecified",narrow,,P,ELECTTERM,PrA
Elective termination,SCTSPA,69302000,petición de aborto,C5551315,Termination of pregnancy on demand (finding),possible,,P,ELECTTERM,PrA
Elective termination,SCTSPA,61752008,aborto ilegal complicado por choque,C0269531,"Illegally induced abortion, complicated by shock, unspecified",narrow,,P,ELECTTERM,PrA
Elective termination,SCTSPA,198737000,aborto ilegal no especificado con choque,C0269531,"Illegally induced abortion, complicated by shock, unspecified",narrow,,P,ELECTTERM,PrA
Elective termination,SCTSPA,417570003,coriocarcinoma gestacional,C0349557,Gestational choriocarcinoma,exclude,,P,ELECTTERM,PrA
Elective termination,SCTSPA,198808008,intento fallido de aborto con lesión de órganos o tejidos pélvicos,C0404948,Failed attempted termination of pregnancy with damage to pelvic organ or tissues,possible,,P,ELECTTERM,PrA
Elective termination,SCTSPA,198807003,intento fallido de aborto con hemorragia tardía o excesiva,C0404949,Failed attempted termination of pregnancy with delayed or excessive hemorrhage,narrow,,P,ELECTTERM,PrA
Elective termination,SCTSPA,198810005,intento fallido de aborto con trastorno metabólico,C0404946,Failed attempted termination of pregnancy with metabolic disorder,possible,,P,ELECTTERM,PrA
Elective termination,SCTSPA,198809000,intento fallido de aborto con insuficiencia renal,C0404947,Failed attempted termination of pregnancy with renal failure,possible,,P,ELECTTERM,PrA
Elective termination,SCTSPA,198736009,aborto ilegal no especificado con trastorno metabólico,C0269529,"Illegally induced abortion, complicated by metabolic disorder, unspecified",narrow,,P,ELECTTERM,PrA
Elective termination,SCTSPA,18684002,aborto ilegal complicado por trastorno metabólico,C0269529,"Illegally induced abortion, complicated by metabolic disorder, unspecified",narrow,,P,ELECTTERM,PrA
Elective termination,SCTSPA,785867009,hemorragia excesiva debida a interrupción inducida de embarazo y posterior a ella,C5191875,Excessive hemorrhage due to and following induced termination of pregnancy,narrow,,P,ELECTTERM,PrA
Elective termination,SCTSPA,198735008,aborto ilegal no especificado con insuficiencia renal,C0269524,"Illegally induced abortion, complicated by renal failure, unspecified",narrow,,P,ELECTTERM,PrA
Elective termination,SCTSPA,8996006,aborto ilegal complicado por insuficiencia renal,C0269524,"Illegally induced abortion, complicated by renal failure, unspecified",narrow,,P,ELECTTERM,PrA
Elective termination,SCTSPA,609446006,terminación inducida del embarazo con complicación,C3662201,Termination of pregnancy with complication,narrow,,P,ELECTTERM,PrA
Elective termination,SCTSPA,609450004,interrupción inducida del embarazo complicada por infección genitopélvica,C3662207,Induced termination of pregnancy complicated by genital-pelvic infection,narrow,,P,ELECTTERM,PrA
Elective termination,SCTSPA,198812002,intento fallido de aborto con embolia,C0404944,Failed attempted termination of pregnancy with embolism,possible,,P,ELECTTERM,PrA
Elective termination,SCTSPA,237013006,embriotomía,C0013951,Embryotomy,narrow,,P,ELECTTERM,PrA
Elective termination,SCTSPA,70186003,embriotomía,C0013951,Embryotomy,narrow,,P,ELECTTERM,PrA
Elective termination,SCTSPA,115234004,neoplasia trofoblástica,C0041182,Trophoblastic Neoplasms,exclude,,P,ELECTTERM,PrA
Elective termination,SCTSPA,271954000,intento fallido de aborto realizado con métodos no quirúrgicos,C0404943,Failed attempted medical termination of pregnancy,possible,,P,ELECTTERM,PrA
Elective termination,SCTSPA,44979007,mola carnosa,C0701846,Carneous mole,exclude,,P,ELECTTERM,PrA
Elective termination,SCTSPA,18799007,mola hidatiforme invasora,C0008493,"Hydatidiform Mole, Invasive",exclude,,P,ELECTTERM,PrA
Elective termination,SCTSPA,416669000,mola hidatiforme invasora,C0008493,"Hydatidiform Mole, Invasive",exclude,,P,ELECTTERM,PrA
Elective termination,SCTSPA,75320001,tumor trofoblástico de sitio placentario,C0206666,"Trophoblastic Tumor, Placental Site",exclude,,P,ELECTTERM,PrA
Elective termination,SCTSPA,237252008,tumor trofoblástico en el sitio placentario,C0206666,"Trophoblastic Tumor, Placental Site",exclude,,P,ELECTTERM,PrA
Elective termination,SCTSPA,267195006,nueva admisión por aborto (códigos del NHS),C0404958,Readmission for abortive pregnancy (NHS codes),possible,,P,ELECTTERM,PrA
Elective termination,SCTSPA,399380001,coriocarcinoma bifásico,C1275855,"Choriocarcinoma, biphasic",exclude,,P,ELECTTERM,PrA
Elective termination,SCTSPA,52660002,"aborto inducido luego de inyección intramniótica, con histerotomía",C0195644,Induced termination of pregnancy following intra-amniotic injection with hysterotomy,narrow,,P,ELECTTERM,PrA
Elective termination,SCTSPA,1156971005,coriocarcinoma,C0008497,Choriocarcinoma,exclude,,P,ELECTTERM,PrA
Elective termination,SCTSPA,18302006,aborto terapéutico por histerotomía,C0195643,Hysterotomy and termination of pregnancy,narrow,,P,ELECTTERM,PrA
Elective termination,SCTSPA,57797005,interrupción inducida del embarazo,C1704300,Induced abortion (finding),narrow,,P,ELECTTERM,PrA
Elective termination,SCTSPA,8734000,coriocarcinoma combinado con teratoma,C0334527,Choriocarcinoma combined with other germ cell elements,exclude,,P,ELECTTERM,PrA
Elective termination,SCTSPA,198806007,intento fallido de aborto con infección pélvica o del tracto genital,C0404950,Failed attempted termination of pregnancy with genital tract or pelvic infection,possible,,P,ELECTTERM,PrA
Elective termination,SCTSPA,65646006,teratoma trofoblástico maligno,C0334528,Malignant Trophoblastic Teratoma,exclude,,P,ELECTTERM,PrA
Elective termination,SCTSPA,51793002,mola hidatiforme parcial,C0334529,"Hydatidiform Mole, Partial",exclude,,P,ELECTTERM,PrA
Elective termination,SCTSPA,237250000,mola hidatiforme parcial,C0334529,"Hydatidiform Mole, Partial",exclude,,P,ELECTTERM,PrA
Elective termination,SCTSPA,49416000,intento fallido de aborto,C0392536,Failed attempted abortion,narrow,,P,ELECTTERM,PrA
Elective termination,SCTSPA,198817008,"intento de aborto frustrado, SAI",C0392536,Failed attempted abortion,possible,,P,ELECTTERM,PrA
Elective termination,SCTSPA,386639001,terminación del embarazo,C0392535,Termination of pregnancy (procedure),exclude,,P,ELECTTERM,PrA
Elective termination,SCTSPA,10455003,remoción de un embarazo cervical ectópico por evacuación,C0195635,Removal of ectopic cervical pregnancy by evacuation,narrow,,P,ELECTTERM,PrA
Elective termination,SCTSPA,4576001,aborto legal complicado por falla renal,C0269469,"Legally induced abortion, complicated by renal failure,unspecified",narrow,,P,ELECTTERM,PrA
Elective termination,SCTSPA,198695004,aborto legal no especificado con insuficiencia renal,C0269469,"Legally induced abortion, complicated by renal failure,unspecified",narrow,,P,ELECTTERM,PrA
Elective termination,SCTSPA,198878009,"fracaso de aborto médico, sin complicación",C0451793,"Failed medical abortion, without complication",possible,,P,ELECTTERM,PrA
Elective termination,SCTSPA,698636009,aborto legal completo con complicación,C3697208,"Legally induced abortion, with unspecified complication, complete",narrow,,P,ELECTTERM,PrA
Elective termination,SCTSPA,198726001,"aborto legal completo con complicación, SAI",C3697208,"Legally induced abortion, with unspecified complication, complete",narrow,,P,ELECTTERM,PrA
Elective termination,SCTSPA,275423001,aborto fallido,C0558369,Failed abortion,possible,,P,ELECTTERM,PrA
Elective termination,SCTSPA,198811009,intento fallido de aborto con choque,C3536798,Failed attempted termination of pregnancy with shock,possible,,P,ELECTTERM,PrA
Elective termination,SCTSPA,288045002,inyección de sustancia en cavidad amniótica para interrupción de embarazo,C0565454,Injection of amnion for termination of pregnancy,narrow,,P,ELECTTERM,PrA
Elective termination,SCTSPA,198725002,aborto legal completo con otra complicación especificada,C0156494,"Legally induced abortion, with other specified complications, complete",narrow,,P,ELECTTERM,PrA
Elective termination,SCTSPA,198712005,aborto legal incompleto con otra complicación especificada,C0156493,"Legally induced abortion, with other specified complications, incomplete",narrow,,P,ELECTTERM,PrA
Elective termination,SCTSPA,198699005,aborto legal no especificado con otra complicación especificada,C0156492,"Legally induced abortion, with other specified complications, unspecified",narrow,,P,ELECTTERM,PrA
Elective termination,SCTSPA,59859005,aborto legal con desgarro de vejiga,C0269455,Legal abortion with laceration of bladder,narrow,,P,ELECTTERM,PrA
Elective termination,SCTSPA,198702003,aborto legal no especificado sin mención de complicación,C0156499,"Legally induced abortion, without mention of complication, unspecified",narrow,,P,ELECTTERM,PrA
Elective termination,SCTSPA,288042004,histerectomía y remoción fetal,C0565451,Hysterectomy and fetus removal,possible,,P,ELECTTERM,PrA
Elective termination,SCTSPA,58071009,aborto legal complicado por hemorragia tardía o excesiva,C0269450,"Legally induced abortion, complicated by delayed or excessive hemorrhage, unspecified",narrow,,P,ELECTTERM,PrA
Elective termination,SCTSPA,198693006,aborto legal no especificado con hemorragia tardía o excesiva,C0269450,"Legally induced abortion, complicated by delayed or excessive hemorrhage, unspecified",narrow,,P,ELECTTERM,PrA
Elective termination,SCTSPA,184005004,solicita interrupción del embarazo,C0581121,Requests pregnancy termination,possible,,P,ELECTTERM,PrA
Elective termination,SCTSPA,198724003,aborto legal completo con embolia,C0156490,"Legally induced abortion, complicated by embolism, complete",narrow,,P,ELECTTERM,PrA
Elective termination,SCTSPA,714812005,"terminación del embarazo, inducida",C4049831,Induced termination of pregnancy,narrow,,P,ELECTTERM,PrA
Elective termination,SCTSPA,1220656000,infección genitopélvica debida a interrupción completa inducida de embarazo y posterior a ella,C5688299,Genital-pelvic infection due to and following complete induced termination of pregnancy,narrow,,P,ELECTTERM,PrA
Elective termination,SCTSPA,1220653008,hemorragia excesiva debida a interrupción completa inducida de embarazo y posterior a ella,C5688297,Excessive hemorrhage due to and following complete induced termination of pregnancy,narrow,,P,ELECTTERM,PrA
Elective termination,SCTSPA,200483009,[X]otro aborto provocado,C0477801,Other abortion,possible,,P,ELECTTERM,PrA
Elective termination,SCTSPA,1220651005,aborto completo inducido complicado por enfermedad metabólica,C5688295,Metabolic disease due to and following complete induced termination of pregnancy,narrow,,P,ELECTTERM,PrA
Elective termination,SCTSPA,200485002,"aborto terapéutico fallido, con otras complicaciones y complicaciones no especificadas",C0477802,"Failed medical abortion, with other and unspecified complications",possible,,P,ELECTTERM,PrA
Elective termination,SCTSPA,1220652003,aborto completo inducido complicado por embolia,C5688296,Embolism due to and following complete induced termination of pregnancy,narrow,,P,ELECTTERM,PrA
Elective termination,SCTSPA,1220648003,insuficiencia renal debida a interrupción completa inducida de embarazo y posterior a ella,C5688292,Renal failure due to and following complete induced termination of pregnancy,narrow,,P,ELECTTERM,PrA
Elective termination,SCTSPA,1220645000,shock debido a interrupción completa inducida de embarazo y posterior a ella,C5688290,Shock due to and following complete induced termination of pregnancy,narrow,,P,ELECTTERM,PrA
Elective termination,SCTSPA,609515005,tumor trofoblástico epitelioide,C1266159,"Trophoblastic tumor, epithelioid",exclude,,P,ELECTTERM,PrA
Elective termination,SCTSPA,128767001,tumor trofoblástico epitelioide,C1266159,"Trophoblastic tumor, epithelioid",exclude,,P,ELECTTERM,PrA
Elective termination,SCTSPA,198701005,"aborto legal no especificado con complicación, SAI",C0269441,"Legally induced abortion, with unspecified complication, unspecified",narrow,,P,ELECTTERM,PrA
Elective termination,SCTSPA,48433002,aborto legal complicado,C0269441,"Legally induced abortion, with unspecified complication, unspecified",narrow,,P,ELECTTERM,PrA
Elective termination,SCTSPA,34500003,aborto legal no complicado,C0269440,Legal abortion without complication,narrow,,P,ELECTTERM,PrA
Elective termination,SCTSPA,7822001,intento fallido de aborto complicado por lesión de tejidos Y/U órganos pélvicos,C0269561,Failed attempted termination of pregnancy complicated by damage to pelvic organ and/or tissues,possible,,P,ELECTTERM,PrA
Elective termination,SCTSPA,1220641009,aborto completo inducido complicado,C5688287,Complete induced termination of pregnancy with complication,narrow,,P,ELECTTERM,PrA
Elective termination,SCTSPA,417044008,"mola hidatiforme, benigna",C0549315,"Hydatidiform mole, benign",exclude,,P,ELECTTERM,PrA
Elective termination,SCTSPA,417271000,mola hidatiforme benigna,C0549315,"Hydatidiform mole, benign",exclude,,P,ELECTTERM,PrA
Elective termination,SCTSPA,18391007,aborto electivo,C0269439,Elective abortion,narrow,,P,ELECTTERM,PrA
Elective termination,SCTSPA,189857001,coriocarcinoma combinado con teratoma,C0600067,Choriocarcinoma combined with teratoma,exclude,,P,ELECTTERM,PrA
Elective termination,SCTSPA,1220632004,interrupción inducida del embarazo incompleta complicada por daño a órganos o tejidos pélvicos,C5688277,Incomplete induced termination of pregnancy complicated by damage to pelvic organs or tissues,narrow,,P,ELECTTERM,PrA
Elective termination,SCTSPA,1220631006,interrupción inducida del embarazo incompleta complicada por hemorragia retrasada o excesiva,C5688276,Incomplete induced termination of pregnancy complicated by delayed or excessive hemorrhage,narrow,,P,ELECTTERM,PrA
Elective termination,SCTSPA,198706000,aborto legal incompleto con hemorragia retardada o excesiva,C0156469,"Legally induced abortion, complicated by delayed or excessive hemorrhage, incomplete",narrow,,P,ELECTTERM,PrA
Elective termination,SCTSPA,67042008,intento fallido de aborto complicado por choque,C0156589,Failed attempted termination of pregnancy complicated by shock,possible,,P,ELECTTERM,PrA
Elective termination,SCTSPA,237249000,mola hidatídica completa,C0678213,Complete hydatidiform mole,exclude,,P,ELECTTERM,PrA
Elective termination,SCTSPA,5939002,intento fallido de aborto complicado por trastorno metabólico,C0156588,Failed attempted termination of pregnancy complicated by metabolic disorder,possible,,P,ELECTTERM,PrA
Elective termination,SCTSPA,198741001,aborto ilegal no especificado sin mención de complicación,C0260335,"Illegally induced abortion, without mention of complication, unspecified",narrow,,P,ELECTTERM,PrA
Elective termination,SCTSPA,7802000,aborto ilegal no complicado,C0260335,"Illegally induced abortion, without mention of complication, unspecified",narrow,,P,ELECTTERM,PrA
Elective termination,SCTSPA,609517002,neoplasia trofoblástica gestacional,C1135868,Gestational Trophoblastic Neoplasms,exclude,,P,ELECTTERM,PrA
Elective termination,SCTSPA,609519004,neoplasia trofoblástica gestacional,C1135868,Gestational Trophoblastic Neoplasms,exclude,,P,ELECTTERM,PrA
Elective termination,SCTSPA,198718009,aborto legal completo con infección pélvica o del tracto genital,C0156466,"Legally induced abortion, complicated by genital tract and pelvic infection, complete",narrow,,P,ELECTTERM,PrA
Elective termination,SCTSPA,29421008,intento fallido de aborto complicado por insuficiencia renal,C0156587,Failed attempted termination of pregnancy complicated by renal failure,possible,,P,ELECTTERM,PrA
Elective termination,SCTSPA,198705001,aborto legal incompleto con infección pélvica o del tracto genital,C0156465,"Legally induced abortion, complicated by genital tract and pelvic infection, incomplete",narrow,,P,ELECTTERM,PrA
Elective termination,SCTSPA,26623000,intento fallido de aborto complicado por hemorragia tardía y/o excesiva,C0156585,Failed attempted termination of pregnancy complicated by delayed and/or excessive hemorrhage,possible,,P,ELECTTERM,PrA
Elective termination,SCTSPA,391897002,legrado uterino por aspiración para interrupción de embarazo,C0004050,Aspiration curettage of uterus for termination of pregnancy,exclude,,P,ELECTTERM,PrA
Elective termination,SCTSPA,60330007,aborto terapéutico mediante curetaje por aspiración,C0004050,Aspiration curettage of uterus for termination of pregnancy,exclude,,P,ELECTTERM,PrA
Elective termination,SCTSPA,391896006,aborto terapéutico mediante legrado por aspiración,C0004050,Aspiration curettage of uterus for termination of pregnancy,exclude,,P,ELECTTERM,PrA
Elective termination,SCTSPA,1204036002,trastorno posterior a interrupción inducida de embarazo,C5686653,Disorder following induced termination of pregnancy,narrow,,P,ELECTTERM,PrA
Elective termination,SCTSPA,1220625008,interrupción inducida del embarazo incompleta complicada por trastorno metabólico,C5688264,Incomplete induced termination of pregnancy complicated by metabolic disorder,narrow,,P,ELECTTERM,PrA
Elective termination,SCTSPA,1220626009,interrupción inducida del embarazo incompleta complicada por infección genitopélvica,C5688265,Incomplete induced termination of pregnancy complicated by genital-pelvic infection,narrow,,P,ELECTTERM,PrA
Elective termination,SCTSPA,198742008,"aborto ilegal no especificado, SAI",C0000804,"Abortion, Illegal",narrow,,P,ELECTTERM,PrA
Elective termination,SCTSPA,49632008,aborto criminal,C0000804,"Abortion, Illegal",narrow,,P,ELECTTERM,PrA
Elective termination,SCTSPA,198731004,"aborto ilegal, no especificado",C0000804,"Abortion, Illegal",narrow,,P,ELECTTERM,PrA
Elective termination,SCTSPA,198767006,"aborto ilegal inducido, SAI",C0000804,"Abortion, Illegal",narrow,,P,ELECTTERM,PrA
Elective termination,SCTSPA,609518007,enfermedad trofoblática gestacional,C2931618,Gestational trophoblastic disease,exclude,,P,ELECTTERM,PrA
Elective termination,SCTSPA,416402001,enfermedad trofoblástica gestacional,C2931618,Gestational trophoblastic disease,exclude,,P,ELECTTERM,PrA
Elective termination,SCTSPA,198691008,aborto legal no especificado,C1456876,Legal abortion (finding),narrow,,P,ELECTTERM,PrA
Elective termination,SCTSPA,198729008,"aborto inducido por razones legales, SAI",C1456876,Legal abortion (finding),narrow,,P,ELECTTERM,PrA
Elective termination,SCTSPA,39406005,aborto legal,C1456876,Legal abortion (finding),narrow,,P,ELECTTERM,PrA
Elective termination,SCTSPA,198703008,"aborto legal no especificado, SAI",C1456876,Legal abortion (finding),narrow,,P,ELECTTERM,PrA
Elective termination,SCTSPA,609453002,interrupción inducida del embarazo complicada por choque,C3662158,Induced termination of pregnancy complicated by shock,narrow,,P,ELECTTERM,PrA
Elective termination,SCTSPA,609485004,interrupción inducida del embarazo complicada por sepsis,C3662156,Induced termination of pregnancy complicated by sepsis,narrow,,P,ELECTTERM,PrA
Elective termination,SCTSPA,16101000119107,interrupción inducida del embarazo incompleta con complicación,C2048759,incomplete abortion with complication,narrow,,P,ELECTTERM,PrA
Elective termination,SCTSPA,74978008,aborto ilegal complicado,C0269496,"Illegally induced abortion, with unspecified complication, unspecified",narrow,,P,ELECTTERM,PrA
Elective termination,SCTSPA,198740000,"aborto ilegal no especificado con complicación, SAI",C0269496,"Illegally induced abortion, with unspecified complication, unspecified",narrow,,P,ELECTTERM,PrA
Elective termination,SCTSPA,198715007,aborto legal incompleto sin mención de complicación,C0600043,"Legally induced abortion, without mention of complication, incomplete",narrow,,P,ELECTTERM,PrA
Elective termination,SCTSPA,67313008,muerte fetal por interrupción de embarazo,C0270277,"Fetal death due to termination of pregnancy, NOS",exclude,,P,ELECTTERM,PrA
Elective termination,SCTSPA,198714006,"aborto legal incompleto con complicación, SAI",C0600042,"Legally induced abortion, with unspecified complication, incomplete",narrow,,P,ELECTTERM,PrA
Elective termination,SCTSPA,46101000119101,asesoramiento sobre interrupción del embarazo realizado,C3839599,Counseling for termination of pregnancy done,possible,,P,ELECTTERM,PrA
Elective termination,SCTSPA,609449004,interrupción inducida del embarazo complicada por embolia,C3662169,Induced termination of pregnancy complicated by embolism,narrow,,P,ELECTTERM,PrA
Elective termination,SCTSPA,198722004,aborto legal completo con metabolopatía,C0156482,"Legally induced abortion, complicated by metabolic disorder, complete",narrow,,P,ELECTTERM,PrA
Elective termination,SCTSPA,198709007,aborto legal incompleto con metabolopatía,C0156481,"Legally induced abortion, complicated by metabolic disorder, incomplete",narrow,,P,ELECTTERM,PrA
Elective termination,SCTSPA,198723009,aborto legal completo con choque,C0156486,"Legally induced abortion, complicated by shock, complete",narrow,,P,ELECTTERM,PrA
Elective termination,SCTSPA,198710002,aborto legal incompleto con choque,C0156485,"Legally induced abortion, complicated by shock, incomplete",narrow,,P,ELECTTERM,PrA
Elective termination,SCTSPA,111432008,aborto legal con embolia gaseosa,C0269480,Legal abortion with air embolism,narrow,,P,ELECTTERM,PrA
Elective termination,SCTSPA,198721006,aborto legal completo con insuficiencia renal,C0156478,"Legally induced abortion, complicated by renal failure, complete",narrow,,P,ELECTTERM,PrA
Elective termination,SCTSPA,386641000,procedimiento de aborto terapéutico,C0000820,Therapeutic abortion procedure,exclude,,P,ELECTTERM,PrA
Elective termination,SCTSPA,1321008,procedimiento abortivo terapéutico,C0000820,Therapeutic abortion procedure,exclude,,P,ELECTTERM,PrA
Elective termination,SCTSPA,198707009,aborto legal incompleto con lesión de los órganos o tejidos pélvicos,C0156473,"Legally induced abortion, complicated by damage to pelvic organs or tissues, incomplete",narrow,,P,ELECTTERM,PrA
Elective termination,SCTSPA,111431001,aborto legal complicado por lesión de órganos y tejidos pélvicos,C0156472,"Legally induced abortion, complicated by damage to pelvic organs or tissues, unspecified",narrow,,P,ELECTTERM,PrA
Elective termination,SCTSPA,198694000,aborto legal no especificado con lesión de órganos o tejidos pélvicos,C0156472,"Legally induced abortion, complicated by damage to pelvic organs or tissues, unspecified",narrow,,P,ELECTTERM,PrA
Elective termination,SCTSPA,198698002,aborto legal no especificado con embolia,C0269479,"Legally induced abortion, complicated by embolism, unspecified",narrow,,P,ELECTTERM,PrA
Elective termination,SCTSPA,57734001,aborto legal complicado por embolia,C0269479,"Legally induced abortion, complicated by embolism, unspecified",narrow,,P,ELECTTERM,PrA
Elective termination,SCTSPA,198815000,"intento de aborto frustrado con complicación, SAI",C0156592,Failed attempted termination of pregnancy with complication,possible,,P,ELECTTERM,PrA
Elective termination,SCTSPA,59919008,intento fallido de aborto con complicación,C0156592,Failed attempted termination of pregnancy with complication,narrow,,P,ELECTTERM,PrA
Elective termination,SCTSPA,198719001,aborto legal completo con hemorragia retardada o excesiva,C0156470,"Legally induced abortion, complicated by delayed or excessive hemorrhage, complete",narrow,,P,ELECTTERM,PrA
Elective termination,SCTSPA,198814001,intento de aborto frustrado con otra complicación especificada,C0156591,Failed attempted abortion with other specified complications,possible,,P,ELECTTERM,PrA
Elective termination,SCTSPA,21280005,aborto legal con choque postoperatorio,C0269477,Legal abortion with postoperative shock,narrow,,P,ELECTTERM,PrA
Elective termination,SCTSPA,198708004,aborto legal incompleto con insuficiencia renal,C0156477,"Legally induced abortion, complicated by renal failure, incomplete",narrow,,P,ELECTTERM,PrA
Elective termination,SCTSPA,27169005,aborto legal complicado por choque,C0269476,"Legally induced abortion, complicated by shock, unspecified",narrow,,P,ELECTTERM,PrA
Elective termination,SCTSPA,198697007,aborto legal no especificado con choque,C0269476,"Legally induced abortion, complicated by shock, unspecified",narrow,,P,ELECTTERM,PrA
Elective termination,SCTSPA,3634007,aborto legal complicado por trastorno metabólico,C0269474,"Legally induced abortion, complicated by metabolic disorder, unspecified",narrow,,P,ELECTTERM,PrA
Elective termination,SCTSPA,198696003,aborto legal no especificado con trastorno metabólico,C0269474,"Legally induced abortion, complicated by metabolic disorder, unspecified",narrow,,P,ELECTTERM,PrA
Elective termination,SCTSPA,198720007,aborto legal completo con daño de órganos o tejidos pélvicos,C0156474,"Legally induced abortion, complicated by damage to pelvic organs or tissues, complete",narrow,,P,ELECTTERM,PrA
Elective termination,SCTSPA,13943000,intento fallido de aborto complicado por embolia,C0156590,Failed attempted termination of pregnancy complicated by embolism,possible,,P,ELECTTERM,PrA
Elective termination,SCTSPA,1204037006,sepsis posterior a interrupción inducida de embarazo,C2903332,Sepsis following induced termination of pregnancy,narrow,,P,ELECTTERM,PrA
Elective termination,SCTSPA,198734007,aborto ilegal no especificado con lesión de órganos o tejidos pélvicos,C0269509,"Illegally induced abortion, complicated by damage to pelvic organs or tissues, unspecified",narrow,,P,ELECTTERM,PrA
Elective termination,SCTSPA,38784004,aborto ilegal complicado por daño de órganos y tejidos pélvicos,C0269509,"Illegally induced abortion, complicated by damage to pelvic organs or tissues, unspecified",narrow,,P,ELECTTERM,PrA
Elective termination,SCTSPA,267194005,aborto legal completo,C0341902,Complete legal abortion,narrow,,P,ELECTTERM,PrA
Elective termination,SCTSPA,198733001,aborto ilegal no especificado con hemorragia tardía o excesiva,C0269505,"Illegally induced abortion, complicated by delayed or excessive hemorrhage, unspecified",narrow,,P,ELECTTERM,PrA
Elective termination,SCTSPA,86891002,aborto ilegal complicado por hemorragia tardía o excesiva,C0269505,"Illegally induced abortion, complicated by delayed or excessive hemorrhage, unspecified",narrow,,P,ELECTTERM,PrA
Elective termination,SCTSPA,156079001,Abortion NOS,C0156543,Unspecified Abortion,possible,,P,ELECTTERM,PrA
Elective termination,SCTSPA,198780009,"aborto no especificado, SAI",C0156543,Unspecified Abortion,possible,,P,ELECTTERM,PrA
Elective termination,SCTSPA,198880003,"embarazo y aborto, SAI",C0156543,Unspecified Abortion,possible,,P,ELECTTERM,PrA
Elective termination,SCTSPA,156096000,"embarazo y aborto, SAI",C0156543,Unspecified Abortion,possible,,P,ELECTTERM,PrA
Elective termination,SCTSPA,198769009,aborto no especificado,C0156543,Unspecified Abortion,possible,,P,ELECTTERM,PrA
Elective termination,SCTSPA,70317007,aborto,C0156543,Unspecified Abortion,possible,,P,ELECTTERM,PrA
Elective termination,SCTSPA,363681007,embarazo con aborto como desenlace,C0156543,Unspecified Abortion,possible,,P,ELECTTERM,PrA
Elective termination,SCTSPA,267297005,"aborto, SAI",C0156543,Unspecified Abortion,possible,,P,ELECTTERM,PrA
Elective termination,SCTSPA,198805006,"aborto no especificado, SAI",C0156543,Unspecified Abortion,possible,,P,ELECTTERM,PrA
Elective termination,SCTSPA,198768001,aborto no especificado,C0156543,Unspecified Abortion,possible,,P,ELECTTERM,PrA
Elective termination,SCTSPA,370079006,"coriocarcinoma, metastásico",C1298201,"Choriocarcinoma, metastatic",exclude,,P,ELECTTERM,PrA
Elective termination,SCTSPA,1220586000,interrupción inducida del embarazo incompleta complicada por insuficiencia renal,C5688222,Incomplete induced termination of pregnancy complicated by renal failure,narrow,,P,ELECTTERM,PrA
Elective termination,SCTSPA,707207004,interrupción inducida del embarazo incompleta,C0854685,Incomplete induced termination of pregnancy,narrow,,P,ELECTTERM,PrA
Elective termination,SCTSPA,609452007,interrupción inducida del embarazo complicada por insuficiencia renal,C3662191,Induced termination of pregnancy complicated by renal failure,narrow,,P,ELECTTERM,PrA
Elective termination,SCTSPA,198763005,aborto ilegal completo con otra complicación especificada,C0156534,"Illegally induced abortion, with other specified complications, complete",narrow,,P,ELECTTERM,PrA
Elective termination,SCTSPA,198751000,aborto ilegal incompleto con otra complicación especificada,C0156533,"Illegally induced abortion, with other specified complications, incomplete",narrow,,P,ELECTTERM,PrA
Elective termination,SCTSPA,609447002,interrupción inducida del embarazo complicada por daño de órganos y/o tejidos pélvicos,C3662197,Induced termination of pregnancy complicated by damage to pelvic organs and/or tissues,narrow,,P,ELECTTERM,PrA
Elective termination,SCTSPA,198739002,aborto ilegal no especificado con otra complicación especificada,C0156532,"Illegally induced abortion, with other specified complications, unspecified",narrow,,P,ELECTTERM,PrA
Elective termination,SCTSPA,198727005,aborto legal completo sin mención de complicación,C1261319,"Legally induced abortion, without mention of complication, complete",narrow,,P,ELECTTERM,PrA
Elective termination,SCTSPA,1220564001,interrupción inducida del embarazo incompleta complicada por shock,C5688211,Incomplete induced termination of pregnancy complicated by shock,narrow,,P,ELECTTERM,PrA
Elective termination,SCTSPA,285409006,interrupción del embarazo por medios no quirúrgicos,C3146282,Medical termination of pregnancy,narrow,,P,ELECTTERM,PrA
Elective termination,SCTSPA,53638009,aborto terapéutico,C3146284,Therapeutic Abortion Finding,narrow,,P,ELECTTERM,PrA
Elective termination,SCTSPA,445149007,enfermedad trofoblástica residual,C2919458,Residual trophoblastic disease,exclude,,P,ELECTTERM,PrA
Elective termination,SCTSPA,302375005,interrupción quirúrgica de embarazo,C0404068,Operative termination of pregnancy,possible,,P,ELECTTERM,PrA
Elective termination,SCTSPA,287955003,"operación para finalización del embarazo, SAI",C0404068,Operative termination of pregnancy,narrow,,P,ELECTTERM,PrA
Elective termination,SCTSPA,149998006,"operación para finalización del embarazo, SAI",C0404068,Operative termination of pregnancy,narrow,,P,ELECTTERM,PrA
Elective termination,RCD2,L0500,Legal ab.unsp.+genit/pelv.inf.,C0404925,Unspecified legal abortion with genital tract or pelvic infection,narrow,,P,ELECTTERM,PrA
Elective termination,RCD2,L08y.,Failed att.ab.+no complication,C0269549,Failed attempted termination of pregnancy without complication,narrow,,P,ELECTTERM,PrA
Elective termination,RCD2,L0606,Illegal ab.unsp. + embolism,C0269534,"Illegally induced abortion, complicated by embolism, unspecified",narrow,,P,ELECTTERM,PrA
Elective termination,RCD2,L0605,Illegal ab.unsp. + shock,C0269531,"Illegally induced abortion, complicated by shock, unspecified",narrow,,P,ELECTTERM,PrA
Elective termination,RCD2,L0604,Illegal ab.unsp.+metab.disord.,C0269529,"Illegally induced abortion, complicated by metabolic disorder, unspecified",narrow,,P,ELECTTERM,PrA
Elective termination,RCD2,L0603,Illegal ab.unsp.+renal failure,C0269524,"Illegally induced abortion, complicated by renal failure, unspecified",narrow,,P,ELECTTERM,PrA
Elective termination,RCD2,7E066,Hysterot termination pregnancy,C0195643,Hysterotomy and termination of pregnancy,narrow,,P,ELECTTERM,PrA
Elective termination,RCD2,L08..,Failed attempted abortion,C0392536,Failed attempted abortion,narrow,,P,ELECTTERM,PrA
Elective termination,RCD2,L08z.,Failed attempted abortion NOS,C0392536,Failed attempted abortion,narrow,,P,ELECTTERM,PrA
Elective termination,RCD2,L0503,Legal ab.unsp.+renal failure,C0269469,"Legally induced abortion, complicated by renal failure,unspecified",narrow,,P,ELECTTERM,PrA
Elective termination,RCD2,L0A4.,Fail med abort wthout complctn,C0451793,"Failed medical abortion, without complication",possible,,P,ELECTTERM,PrA
Elective termination,RCD2,L052x,Complete legal abortion with complication NOS,C3697208,"Legally induced abortion, with unspecified complication, complete",narrow,,P,ELECTTERM,PrA
Elective termination,RCD2,L052w,Complete legal abortion with other specified complication,C0156494,"Legally induced abortion, with other specified complications, complete",narrow,,P,ELECTTERM,PrA
Elective termination,RCD2,L051w,Incomplete legal abortion with other specified complication,C0156493,"Legally induced abortion, with other specified complications, incomplete",narrow,,P,ELECTTERM,PrA
Elective termination,RCD2,L050w,Legal ab.unsp.+other complic.,C0156492,"Legally induced abortion, with other specified complications, unspecified",narrow,,P,ELECTTERM,PrA
Elective termination,RCD2,L050y,Legal ab.unsp.+no complicat.,C0156499,"Legally induced abortion, without mention of complication, unspecified",narrow,,P,ELECTTERM,PrA
Elective termination,RCD2,L0501,Legal ab.unsp.+h'ge problem,C0269450,"Legally induced abortion, complicated by delayed or excessive hemorrhage, unspecified",narrow,,P,ELECTTERM,PrA
Elective termination,RCD2,8M6..,Requests pregnancy termination,C0581121,Requests pregnancy termination,possible,,P,ELECTTERM,PrA
Elective termination,RCD2,L0526,Complete legal abortion with embolism,C0156490,"Legally induced abortion, complicated by embolism, complete",narrow,,P,ELECTTERM,PrA
Elective termination,RCD2,Lyu02,[X]Other abortion,C0477801,Other abortion,possible,,P,ELECTTERM,PrA
Elective termination,RCD2,Lyu03,"[X]Fail med abrt,wth o+uns cmp",C0477802,"Failed medical abortion, with other and unspecified complications",possible,,P,ELECTTERM,PrA
Elective termination,RCD2,L050x,Legal ab.unsp.+complicat.NOS,C0269441,"Legally induced abortion, with unspecified complication, unspecified",narrow,,P,ELECTTERM,PrA
Elective termination,RCD2,L000.,Classical hydatidiform mole,C0020217,Hydatidiform Mole,exclude,,P,ELECTTERM,PrA
Elective termination,RCD2,L0511,Incomplete legal abortion + delayed or excessive haemorrhage,C0156469,"Legally induced abortion, complicated by delayed or excessive hemorrhage, incomplete",narrow,,P,ELECTTERM,PrA
Elective termination,RCD2,L060y,Illegal ab.unsp.+no complicat.,C0260335,"Illegally induced abortion, without mention of complication, unspecified",narrow,,P,ELECTTERM,PrA
Elective termination,RCD2,L0520,Complete legal abortion + genital tract or pelvic infection,C0156466,"Legally induced abortion, complicated by genital tract and pelvic infection, complete",narrow,,P,ELECTTERM,PrA
Elective termination,RCD2,L0510,Incomplete legal abortion + genital tract/pelvic infection,C0156465,"Legally induced abortion, complicated by genital tract and pelvic infection, incomplete",narrow,,P,ELECTTERM,PrA
Elective termination,RCD2,7E084,Suction termination of pregnancy,C0004050,Aspiration curettage of uterus for termination of pregnancy,exclude,,P,ELECTTERM,PrA
Elective termination,RCD2,L06z.,Illegally induced abortion NOS,C0000804,"Abortion, Illegal",narrow,,P,ELECTTERM,PrA
Elective termination,RCD2,L060.,Illegal abortion unspecified,C0000804,"Abortion, Illegal",narrow,,P,ELECTTERM,PrA
Elective termination,RCD2,L060z,Illegal abortion unspecif.NOS,C0000804,"Abortion, Illegal",narrow,,P,ELECTTERM,PrA
Elective termination,RCD2,L05z.,Legally induced abortion NOS,C1456876,Legal abortion (finding),narrow,,P,ELECTTERM,PrA
Elective termination,RCD2,L050.,Legal abortion unspecified,C1456876,Legal abortion (finding),narrow,,P,ELECTTERM,PrA
Elective termination,RCD2,L050z,Legal abortion unspecified NOS,C1456876,Legal abortion (finding),narrow,,P,ELECTTERM,PrA
Elective termination,RCD2,L060x,Illegal ab.unsp.+complicat.NOS,C0269496,"Illegally induced abortion, with unspecified complication, unspecified",narrow,,P,ELECTTERM,PrA
Elective termination,RCD2,L051y,Incomplete legal abortion with no mention of complication,C0600043,"Legally induced abortion, without mention of complication, incomplete",narrow,,P,ELECTTERM,PrA
Elective termination,RCD2,Q486.,Fetal death due to TOP,C0270277,"Fetal death due to termination of pregnancy, NOS",exclude,,P,ELECTTERM,PrA
Elective termination,RCD2,L051x,Incomplete legal abortion with complication NOS,C0600042,"Legally induced abortion, with unspecified complication, incomplete",narrow,,P,ELECTTERM,PrA
Elective termination,RCD2,L0524,Complete legal abortion with metabolic disorder,C0156482,"Legally induced abortion, complicated by metabolic disorder, complete",narrow,,P,ELECTTERM,PrA
Elective termination,RCD2,L0514,Incomplete legal abortion with metabolic disorder,C0156481,"Legally induced abortion, complicated by metabolic disorder, incomplete",narrow,,P,ELECTTERM,PrA
Elective termination,RCD2,L0525,Complete legal abortion with shock,C0156486,"Legally induced abortion, complicated by shock, complete",narrow,,P,ELECTTERM,PrA
Elective termination,RCD2,L0515,Incomplete legal abortion with shock,C0156485,"Legally induced abortion, complicated by shock, incomplete",narrow,,P,ELECTTERM,PrA
Elective termination,RCD2,L0523,Complete legal abortion with renal failure,C0156478,"Legally induced abortion, complicated by renal failure, complete",narrow,,P,ELECTTERM,PrA
Elective termination,RCD2,L0512,Incomplete legal abortion + damage to pelvic organs/tissues,C0156473,"Legally induced abortion, complicated by damage to pelvic organs or tissues, incomplete",narrow,,P,ELECTTERM,PrA
Elective termination,RCD2,L0502,Legal ab.unsp.+pelvic damage,C0156472,"Legally induced abortion, complicated by damage to pelvic organs or tissues, unspecified",narrow,,P,ELECTTERM,PrA
Elective termination,RCD2,L0506,Legal ab.unsp. + embolism,C0269479,"Legally induced abortion, complicated by embolism, unspecified",narrow,,P,ELECTTERM,PrA
Elective termination,RCD2,L08x.,Failed att.ab.+complicat.NOS,C0156592,Failed attempted termination of pregnancy with complication,narrow,,P,ELECTTERM,PrA
Elective termination,RCD2,L0521,Complete legal abortion with delayed or excessive haemorrhage,C0156470,"Legally induced abortion, complicated by delayed or excessive hemorrhage, complete",narrow,,P,ELECTTERM,PrA
Elective termination,RCD2,L08w.,Failed att.ab.+other complicat,C0156591,Failed attempted abortion with other specified complications,narrow,,P,ELECTTERM,PrA
Elective termination,RCD2,L0513,Incomplete legal abortion with renal failure,C0156477,"Legally induced abortion, complicated by renal failure, incomplete",narrow,,P,ELECTTERM,PrA
Elective termination,RCD2,L0505,Legal ab.unsp. + shock,C0269476,"Legally induced abortion, complicated by shock, unspecified",narrow,,P,ELECTTERM,PrA
Elective termination,RCD2,L0504,Legal ab.unsp.+metab.disorder,C0269474,"Legally induced abortion, complicated by metabolic disorder, unspecified",narrow,,P,ELECTTERM,PrA
Elective termination,RCD2,L0522,Complete legal abortion + damage to pelvic organs or tissues,C0156474,"Legally induced abortion, complicated by damage to pelvic organs or tissues, complete",narrow,,P,ELECTTERM,PrA
Elective termination,RCD2,L0602,Illegal ab.unsp.+pelvic damage,C0269509,"Illegally induced abortion, complicated by damage to pelvic organs or tissues, unspecified",narrow,,P,ELECTTERM,PrA
Elective termination,RCD2,L0601,Illegal ab.unsp.+h'ge problem,C0269505,"Illegally induced abortion, complicated by delayed or excessive hemorrhage, unspecified",narrow,,P,ELECTTERM,PrA
Elective termination,RCD2,L0z..,Pregnancy with abortive outcome NOS,C0156543,Unspecified Abortion,possible,,P,ELECTTERM,PrA
Elective termination,RCD2,L07..,Unspecified abortion,C0156543,Unspecified Abortion,possible,,P,ELECTTERM,PrA
Elective termination,RCD2,L070z,Unspecified abortion NOS,C0156543,Unspecified Abortion,possible,,P,ELECTTERM,PrA
Elective termination,RCD2,L0...,Pregnancy + abortive outcome,C0156543,Unspecified Abortion,possible,,P,ELECTTERM,PrA
Elective termination,RCD2,L062w,Complete illegal abortion with other specified complication,C0156534,"Illegally induced abortion, with other specified complications, complete",narrow,,P,ELECTTERM,PrA
Elective termination,RCD2,L061w,Illegal ab.incom.+other compl.,C0156533,"Illegally induced abortion, with other specified complications, incomplete",narrow,,P,ELECTTERM,PrA
Elective termination,RCD2,L060w,Illegal ab.unsp.+other complic,C0156532,"Illegally induced abortion, with other specified complications, unspecified",narrow,,P,ELECTTERM,PrA
Elective termination,RCD2,L052y,Complete legal abortion with no mention of complication,C1261319,"Legally induced abortion, without mention of complication, complete",narrow,,P,ELECTTERM,PrA
Elective termination,SNOMEDCT_US,198692001,Unspecified legal abortion with genital tract or pelvic infection,C0404925,Unspecified legal abortion with genital tract or pelvic infection,narrow,,P,ELECTTERM,PrA
Elective termination,SNOMEDCT_US,198816004,Failed attempted abortion with no mention of complication,C0269549,Failed attempted termination of pregnancy without complication,narrow,,P,ELECTTERM,PrA
Elective termination,SNOMEDCT_US,90645002,Failed attempted termination of pregnancy without complication,C0269549,Failed attempted termination of pregnancy without complication,narrow,,P,ELECTTERM,PrA
Elective termination,SNOMEDCT_US,1156973008,Benign complete hydatidiform mole,C5548499,Benign complete hydatidiform mole,exclude,,P,ELECTTERM,PrA
Elective termination,SNOMEDCT_US,399479003,"Malignant trophoblastic tumor, type cannot be determined",C1302439,"Malignant trophoblastic tumor, type cannot be determined",exclude,,P,ELECTTERM,PrA
Elective termination,SNOMEDCT_US,1220657009,Damage to pelvic organs and/or tissue due to and following complete induced termination of pregnancy,C5688300,Damage to pelvic organs and/or tissue due to and following complete induced termination of pregnancy,narrow,,P,ELECTTERM,PrA
Elective termination,SNOMEDCT_US,399669007,"Choriocarcinoma, monophasic",C1275871,"Choriocarcinoma, monophasic",exclude,,P,ELECTTERM,PrA
Elective termination,SNOMEDCT_US,198738005,Unspecified illegal abortion with embolism,C0269534,"Illegally induced abortion, complicated by embolism, unspecified",narrow,,P,ELECTTERM,PrA
Elective termination,SNOMEDCT_US,26743002,Illegal abortion complicated by embolism,C0269534,"Illegally induced abortion, complicated by embolism, unspecified",narrow,,P,ELECTTERM,PrA
Elective termination,SNOMEDCT_US,69302000,Termination of pregnancy on demand,C5551315,Termination of pregnancy on demand (finding),possible,,P,ELECTTERM,PrA
Elective termination,SNOMEDCT_US,61752008,Illegal abortion complicated by shock,C0269531,"Illegally induced abortion, complicated by shock, unspecified",narrow,,P,ELECTTERM,PrA
Elective termination,SNOMEDCT_US,198737000,Unspecified illegal abortion with shock,C0269531,"Illegally induced abortion, complicated by shock, unspecified",narrow,,P,ELECTTERM,PrA
Elective termination,SNOMEDCT_US,417570003,Gestational choriocarcinoma,C0349557,Gestational choriocarcinoma,exclude,,P,ELECTTERM,PrA
Elective termination,SNOMEDCT_US,417057000,Gestational choriocarcinoma,C0349557,Gestational choriocarcinoma,exclude,,P,ELECTTERM,PrA
Elective termination,SNOMEDCT_US,198808008,Failed attempted termination of pregnancy with damage to pelvic organ or tissues,C0404948,Failed attempted termination of pregnancy with damage to pelvic organ or tissues,narrow,,P,ELECTTERM,PrA
Elective termination,SNOMEDCT_US,198807003,Failed attempted termination of pregnancy with delayed or excessive hemorrhage,C0404949,Failed attempted termination of pregnancy with delayed or excessive hemorrhage,narrow,,P,ELECTTERM,PrA
Elective termination,SNOMEDCT_US,198810005,Failed attempted termination of pregnancy with metabolic disorder,C0404946,Failed attempted termination of pregnancy with metabolic disorder,narrow,,P,ELECTTERM,PrA
Elective termination,SNOMEDCT_US,198809000,Failed attempted termination of pregnancy with renal failure,C0404947,Failed attempted termination of pregnancy with renal failure,narrow,,P,ELECTTERM,PrA
Elective termination,SNOMEDCT_US,198736009,Unspecified illegal abortion with metabolic disorder,C0269529,"Illegally induced abortion, complicated by metabolic disorder, unspecified",narrow,,P,ELECTTERM,PrA
Elective termination,SNOMEDCT_US,18684002,Illegal abortion complicated by metabolic disorder,C0269529,"Illegally induced abortion, complicated by metabolic disorder, unspecified",narrow,,P,ELECTTERM,PrA
Elective termination,SNOMEDCT_US,785867009,Excessive hemorrhage due to and following induced termination of pregnancy,C5191875,Excessive hemorrhage due to and following induced termination of pregnancy,narrow,,P,ELECTTERM,PrA
Elective termination,SNOMEDCT_US,198735008,Unspecified illegal abortion with renal failure,C0269524,"Illegally induced abortion, complicated by renal failure, unspecified",narrow,,P,ELECTTERM,PrA
Elective termination,SNOMEDCT_US,8996006,Illegal abortion complicated by renal failure,C0269524,"Illegally induced abortion, complicated by renal failure, unspecified",narrow,,P,ELECTTERM,PrA
Elective termination,SNOMEDCT_US,609446006,Induced termination of pregnancy with complication,C3662201,Termination of pregnancy with complication,narrow,,P,ELECTTERM,PrA
Elective termination,SNOMEDCT_US,609450004,Induced termination of pregnancy complicated by genital-pelvic infection,C3662207,Induced termination of pregnancy complicated by genital-pelvic infection,narrow,,P,ELECTTERM,PrA
Elective termination,SNOMEDCT_US,198812002,Failed attempted termination of pregnancy with embolism,C0404944,Failed attempted termination of pregnancy with embolism,narrow,,P,ELECTTERM,PrA
Elective termination,SNOMEDCT_US,237013006,Embryotomy,C0013951,Embryotomy,narrow,,P,ELECTTERM,PrA
Elective termination,SNOMEDCT_US,70186003,Embryotomy,C0013951,Embryotomy,narrow,,P,ELECTTERM,PrA
Elective termination,SNOMEDCT_US,115234004,Trophoblastic neoplasm,C0041182,Trophoblastic Neoplasms,exclude,,P,ELECTTERM,PrA
Elective termination,SNOMEDCT_US,271954000,Failed attempted medical termination of pregnancy,C0404943,Failed attempted medical termination of pregnancy,narrow,,P,ELECTTERM,PrA
Elective termination,SNOMEDCT_US,44979007,Carneous mole,C0701846,Carneous mole,exclude,,P,ELECTTERM,PrA
Elective termination,SNOMEDCT_US,18799007,Invasive hydatidiform mole,C0008493,"Hydatidiform Mole, Invasive",exclude,,P,ELECTTERM,PrA
Elective termination,SNOMEDCT_US,416669000,Invasive hydatidiform mole,C0008493,"Hydatidiform Mole, Invasive",exclude,,P,ELECTTERM,PrA
Elective termination,SNOMEDCT_US,75320001,Placental site trophoblastic tumor,C0206666,"Trophoblastic Tumor, Placental Site",exclude,,P,ELECTTERM,PrA
Elective termination,SNOMEDCT_US,237252008,Placental site trophoblastic tumor,C0206666,"Trophoblastic Tumor, Placental Site",exclude,,P,ELECTTERM,PrA
Elective termination,SNOMEDCT_US,267195006,Readmission for abortive pregnancy National Health Service codes,C0404958,Readmission for abortive pregnancy (NHS codes),possible,,P,ELECTTERM,PrA
Elective termination,SNOMEDCT_US,198860004,Readmission for abortive pregnancy (NHS codes),C0404958,Readmission for abortive pregnancy (NHS codes),possible,,P,ELECTTERM,PrA
Elective termination,SNOMEDCT_US,399380001,"Choriocarcinoma, biphasic",C1275855,"Choriocarcinoma, biphasic",exclude,,P,ELECTTERM,PrA
Elective termination,SNOMEDCT_US,52660002,Induced termination of pregnancy following intra-amniotic injection with hysterotomy,C0195644,Induced termination of pregnancy following intra-amniotic injection with hysterotomy,narrow,,P,ELECTTERM,PrA
Elective termination,SNOMEDCT_US,1156971005,Choriocarcinoma,C0008497,Choriocarcinoma,exclude,,P,ELECTTERM,PrA
Elective termination,SNOMEDCT_US,18302006,Hysterotomy and termination of pregnancy,C0195643,Hysterotomy and termination of pregnancy,narrow,,P,ELECTTERM,PrA
Elective termination,SNOMEDCT_US,267295002,Induced abortion,C1704300,Induced abortion (finding),narrow,,P,ELECTTERM,PrA
Elective termination,SNOMEDCT_US,156075007,Induced abortion,C1704300,Induced abortion (finding),narrow,,P,ELECTTERM,PrA
Elective termination,SNOMEDCT_US,57797005,Termination of pregnancy,C1704300,Induced abortion (finding),narrow,,P,ELECTTERM,PrA
Elective termination,SNOMEDCT_US,8734000,Choriocarcinoma combined with teratoma,C0334527,Choriocarcinoma combined with other germ cell elements,exclude,,P,ELECTTERM,PrA
Elective termination,SNOMEDCT_US,198806007,Failed attempted termination of pregnancy with genital tract or pelvic infection,C0404950,Failed attempted termination of pregnancy with genital tract or pelvic infection,narrow,,P,ELECTTERM,PrA
Elective termination,SNOMEDCT_US,65646006,"Malignant teratoma, trophoblastic",C0334528,Malignant Trophoblastic Teratoma,exclude,,P,ELECTTERM,PrA
Elective termination,SNOMEDCT_US,51793002,Partial hydatidiform mole,C0334529,"Hydatidiform Mole, Partial",exclude,,P,ELECTTERM,PrA
Elective termination,SNOMEDCT_US,237250000,Partial hydatidiform mole,C0334529,"Hydatidiform Mole, Partial",exclude,,P,ELECTTERM,PrA
Elective termination,SNOMEDCT_US,49416000,Failed attempted termination of pregnancy,C0392536,Failed attempted abortion,narrow,,P,ELECTTERM,PrA
Elective termination,SNOMEDCT_US,156078009,Failed attempted abortion,C0392536,Failed attempted abortion,narrow,,P,ELECTTERM,PrA
Elective termination,SNOMEDCT_US,198873000,Failed attempted abortion,C0392536,Failed attempted abortion,narrow,,P,ELECTTERM,PrA
Elective termination,SNOMEDCT_US,198817008,Failed attempted abortion NOS,C0392536,Failed attempted abortion,narrow,,P,ELECTTERM,PrA
Elective termination,SNOMEDCT_US,198690009,Legally induced abortion,C0392535,Termination of pregnancy (procedure),narrow,,P,ELECTTERM,PrA
Elective termination,SNOMEDCT_US,386639001,Termination of pregnancy,C0392535,Termination of pregnancy (procedure),exclude,,P,ELECTTERM,PrA
Elective termination,SNOMEDCT_US,1321008,Termination of pregnancy,C0392535,Termination of pregnancy (procedure),exclude,,P,ELECTTERM,PrA
Elective termination,SNOMEDCT_US,267296001,Abortion - legal,C0392535,Termination of pregnancy (procedure),exclude,,P,ELECTTERM,PrA
Elective termination,SNOMEDCT_US,156076008,Abortion - legal,C0392535,Termination of pregnancy (procedure),exclude,,P,ELECTTERM,PrA
Elective termination,SNOMEDCT_US,10455003,Removal of ectopic cervical pregnancy by evacuation,C0195635,Removal of ectopic cervical pregnancy by evacuation,narrow,,P,ELECTTERM,PrA
Elective termination,SNOMEDCT_US,4576001,Legal abortion complicated by renal failure,C0269469,"Legally induced abortion, complicated by renal failure,unspecified",narrow,,P,ELECTTERM,PrA
Elective termination,SNOMEDCT_US,198695004,Unspecified legal abortion with renal failure,C0269469,"Legally induced abortion, complicated by renal failure,unspecified",narrow,,P,ELECTTERM,PrA
Elective termination,SNOMEDCT_US,198878009,"Failed medical abortion, without complication",C0451793,"Failed medical abortion, without complication",possible,,P,ELECTTERM,PrA
Elective termination,SNOMEDCT_US,698636009,Complete legal abortion with complication,C3697208,"Legally induced abortion, with unspecified complication, complete",narrow,,P,ELECTTERM,PrA
Elective termination,SNOMEDCT_US,198726001,Complete legal abortion with complication NOS,C3697208,"Legally induced abortion, with unspecified complication, complete",narrow,,P,ELECTTERM,PrA
Elective termination,SNOMEDCT_US,275423001,Failed abortion,C0558369,Failed abortion,possible,,P,ELECTTERM,PrA
Elective termination,SNOMEDCT_US,198811009,Failed attempted termination of pregnancy with shock,C3536798,Failed attempted termination of pregnancy with shock,narrow,,P,ELECTTERM,PrA
Elective termination,SNOMEDCT_US,288045002,Injection of amnion for termination of pregnancy,C0565454,Injection of amnion for termination of pregnancy,narrow,,P,ELECTTERM,PrA
Elective termination,SNOMEDCT_US,149996005,TOP - amniotic injection,C0565454,Injection of amnion for termination of pregnancy,exclude,,P,ELECTTERM,PrA
Elective termination,SNOMEDCT_US,198725002,Complete legal abortion with other specified complication,C0156494,"Legally induced abortion, with other specified complications, complete",narrow,,P,ELECTTERM,PrA
Elective termination,SNOMEDCT_US,198712005,Incomplete legal abortion with other specified complication,C0156493,"Legally induced abortion, with other specified complications, incomplete",narrow,,P,ELECTTERM,PrA
Elective termination,SNOMEDCT_US,198699005,Unspecified legal abortion with other specified complication,C0156492,"Legally induced abortion, with other specified complications, unspecified",narrow,,P,ELECTTERM,PrA
Elective termination,SNOMEDCT_US,59859005,Legal abortion with laceration of bladder,C0269455,Legal abortion with laceration of bladder,narrow,,P,ELECTTERM,PrA
Elective termination,SNOMEDCT_US,198702003,Unspecified legal abortion with no mention of complication,C0156499,"Legally induced abortion, without mention of complication, unspecified",narrow,,P,ELECTTERM,PrA
Elective termination,SNOMEDCT_US,58071009,Legal abortion complicated by delayed AND/OR excessive haemorrhage,C0269450,"Legally induced abortion, complicated by delayed or excessive hemorrhage, unspecified",narrow,,P,ELECTTERM,PrA
Elective termination,SNOMEDCT_US,198693006,Unspecified legal abortion with delayed or excessive haemorrhage,C0269450,"Legally induced abortion, complicated by delayed or excessive hemorrhage, unspecified",narrow,,P,ELECTTERM,PrA
Elective termination,SNOMEDCT_US,152229008,Requests pregnancy termination,C0581121,Requests pregnancy termination,possible,,P,ELECTTERM,PrA
Elective termination,SNOMEDCT_US,184005004,Requests pregnancy termination,C0581121,Requests pregnancy termination,possible,,P,ELECTTERM,PrA
Elective termination,SNOMEDCT_US,198724003,Complete legal abortion with embolism,C0156490,"Legally induced abortion, complicated by embolism, complete",narrow,,P,ELECTTERM,PrA
Elective termination,SNOMEDCT_US,714812005,Induced termination of pregnancy,C4049831,Induced termination of pregnancy,narrow,,P,ELECTTERM,PrA
Elective termination,SNOMEDCT_US,1220656000,Genital-pelvic infection due to and following complete induced termination of pregnancy,C5688299,Genital-pelvic infection due to and following complete induced termination of pregnancy,narrow,,P,ELECTTERM,PrA
Elective termination,SNOMEDCT_US,1220653008,Excessive hemorrhage due to and following complete induced termination of pregnancy,C5688297,Excessive hemorrhage due to and following complete induced termination of pregnancy,narrow,,P,ELECTTERM,PrA
Elective termination,SNOMEDCT_US,200483009,[X]Other abortion,C0477801,Other abortion,possible,,P,ELECTTERM,PrA
Elective termination,SNOMEDCT_US,1220651005,Metabolic disease due to and following complete induced termination of pregnancy,C5688295,Metabolic disease due to and following complete induced termination of pregnancy,narrow,,P,ELECTTERM,PrA
Elective termination,SNOMEDCT_US,200485002,"[X]Failed medical abortion, with other and unspecified complications",C0477802,"Failed medical abortion, with other and unspecified complications",possible,,P,ELECTTERM,PrA
Elective termination,SNOMEDCT_US,1220652003,Embolism due to and following complete induced termination of pregnancy,C5688296,Embolism due to and following complete induced termination of pregnancy,narrow,,P,ELECTTERM,PrA
Elective termination,SNOMEDCT_US,1220648003,Renal failure due to and following complete induced termination of pregnancy,C5688292,Renal failure due to and following complete induced termination of pregnancy,narrow,,P,ELECTTERM,PrA
Elective termination,SNOMEDCT_US,1220645000,Shock due to and following complete induced termination of pregnancy,C5688290,Shock due to and following complete induced termination of pregnancy,narrow,,P,ELECTTERM,PrA
Elective termination,SNOMEDCT_US,609515005,Epithelioid trophoblastic tumor,C1266159,"Trophoblastic tumor, epithelioid",exclude,,P,ELECTTERM,PrA
Elective termination,SNOMEDCT_US,128767001,"Trophoblastic tumor, epithelioid",C1266159,"Trophoblastic tumor, epithelioid",exclude,,P,ELECTTERM,PrA
Elective termination,SNOMEDCT_US,198701005,Unspecified legal abortion with complication NOS,C0269441,"Legally induced abortion, with unspecified complication, unspecified",narrow,,P,ELECTTERM,PrA
Elective termination,SNOMEDCT_US,48433002,Legal abortion with complication,C0269441,"Legally induced abortion, with unspecified complication, unspecified",narrow,,P,ELECTTERM,PrA
Elective termination,SNOMEDCT_US,34500003,Legal abortion without complication,C0269440,Legal abortion without complication,narrow,,P,ELECTTERM,PrA
Elective termination,SNOMEDCT_US,7822001,Failed attempted termination of pregnancy complicated by damage to pelvic organ and/or tissues,C0269561,Failed attempted termination of pregnancy complicated by damage to pelvic organ and/or tissues,narrow,,P,ELECTTERM,PrA
Elective termination,SNOMEDCT_US,1220641009,Complete induced termination of pregnancy with complication,C5688287,Complete induced termination of pregnancy with complication,narrow,,P,ELECTTERM,PrA
Elective termination,SNOMEDCT_US,417044008,"Hydatidiform mole, benign",C0549315,"Hydatidiform mole, benign",exclude,,P,ELECTTERM,PrA
Elective termination,SNOMEDCT_US,417271000,"Hydatidiform mole, benign",C0549315,"Hydatidiform mole, benign",exclude,,P,ELECTTERM,PrA
Elective termination,SNOMEDCT_US,18391007,Elective termination of pregnancy,C0269439,Elective abortion,narrow,,P,ELECTTERM,PrA
Elective termination,SNOMEDCT_US,189857001,Choriocarcinoma combined with teratoma,C0600067,Choriocarcinoma combined with teratoma,exclude,,P,ELECTTERM,PrA
Elective termination,SNOMEDCT_US,1220632004,Incomplete induced termination of pregnancy complicated by damage to pelvic organs or tissues,C5688277,Incomplete induced termination of pregnancy complicated by damage to pelvic organs or tissues,narrow,,P,ELECTTERM,PrA
Elective termination,SNOMEDCT_US,1220631006,Incomplete induced termination of pregnancy complicated by delayed or excessive hemorrhage,C5688276,Incomplete induced termination of pregnancy complicated by delayed or excessive hemorrhage,narrow,,P,ELECTTERM,PrA
Elective termination,SNOMEDCT_US,198706000,Incomplete legal abortion with delayed or excessive haemorrhage,C0156469,"Legally induced abortion, complicated by delayed or excessive hemorrhage, incomplete",narrow,,P,ELECTTERM,PrA
Elective termination,SNOMEDCT_US,67042008,Failed attempted termination of pregnancy complicated by shock,C0156589,Failed attempted termination of pregnancy complicated by shock,narrow,,P,ELECTTERM,PrA
Elective termination,SNOMEDCT_US,237249000,Complete hydatidiform mole,C0678213,Complete hydatidiform mole,exclude,,P,ELECTTERM,PrA
Elective termination,SNOMEDCT_US,5939002,Failed attempted termination of pregnancy complicated by metabolic disorder,C0156588,Failed attempted termination of pregnancy complicated by metabolic disorder,narrow,,P,ELECTTERM,PrA
Elective termination,SNOMEDCT_US,198741001,Unspecified illegal abortion with no mention of complication,C0260335,"Illegally induced abortion, without mention of complication, unspecified",narrow,,P,ELECTTERM,PrA
Elective termination,SNOMEDCT_US,7802000,Illegal abortion without complication,C0260335,"Illegally induced abortion, without mention of complication, unspecified",narrow,,P,ELECTTERM,PrA
Elective termination,SNOMEDCT_US,609517002,Gestational trophoblastic neoplasia,C1135868,Gestational Trophoblastic Neoplasms,exclude,,P,ELECTTERM,PrA
Elective termination,SNOMEDCT_US,609519004,Gestational trophoblastic neoplasia,C1135868,Gestational Trophoblastic Neoplasms,exclude,,P,ELECTTERM,PrA
Elective termination,SNOMEDCT_US,198730003,Criminal abortion,C1563326,Abortion: [illegally induced] or [criminal] or [self-induced],narrow,,P,ELECTTERM,PrA
Elective termination,SNOMEDCT_US,198718009,Complete legal abortion with genital tract or pelvic infection,C0156466,"Legally induced abortion, complicated by genital tract and pelvic infection, complete",narrow,,P,ELECTTERM,PrA
Elective termination,SNOMEDCT_US,29421008,Failed attempted termination of pregnancy complicated by renal failure,C0156587,Failed attempted termination of pregnancy complicated by renal failure,narrow,,P,ELECTTERM,PrA
Elective termination,SNOMEDCT_US,198705001,Incomplete legal abortion with genital tract or pelvic infection,C0156465,"Legally induced abortion, complicated by genital tract and pelvic infection, incomplete",narrow,,P,ELECTTERM,PrA
Elective termination,SNOMEDCT_US,26623000,Failed attempted termination of pregnancy complicated by delayed and/or excessive hemorrhage,C0156585,Failed attempted termination of pregnancy complicated by delayed and/or excessive hemorrhage,narrow,,P,ELECTTERM,PrA
Elective termination,SNOMEDCT_US,391897002,Aspiration curettage of uterus for termination of pregnancy,C0004050,Aspiration curettage of uterus for termination of pregnancy,exclude,,P,ELECTTERM,PrA
Elective termination,SNOMEDCT_US,60330007,Aspiration curettage of uterus for termination of pregnancy,C0004050,Aspiration curettage of uterus for termination of pregnancy,exclude,,P,ELECTTERM,PrA
Elective termination,SNOMEDCT_US,149997001,Suction termination of pregnancy,C0004050,Aspiration curettage of uterus for termination of pregnancy,exclude,,P,ELECTTERM,PrA
Elective termination,SNOMEDCT_US,391896006,Therapeutic termination of pregnancy by aspiration curettage,C0004050,Aspiration curettage of uterus for termination of pregnancy,exclude,,P,ELECTTERM,PrA
Elective termination,SNOMEDCT_US,1204036002,Disorder following induced termination of pregnancy,C5686653,Disorder following induced termination of pregnancy,narrow,,P,ELECTTERM,PrA
Elective termination,SNOMEDCT_US,1220625008,Incomplete induced termination of pregnancy complicated by metabolic disorder,C5688264,Incomplete induced termination of pregnancy complicated by metabolic disorder,narrow,,P,ELECTTERM,PrA
Elective termination,SNOMEDCT_US,1220626009,Incomplete induced termination of pregnancy complicated by genital-pelvic infection,C5688265,Incomplete induced termination of pregnancy complicated by genital-pelvic infection,narrow,,P,ELECTTERM,PrA
Elective termination,SNOMEDCT_US,198742008,Unspecified illegal abortion NOS,C0000804,"Abortion, Illegal",narrow,,P,ELECTTERM,PrA
Elective termination,SNOMEDCT_US,49632008,Criminal abortion,C0000804,"Abortion, Illegal",narrow,,P,ELECTTERM,PrA
Elective termination,SNOMEDCT_US,198731004,Illegal abortion unspecified,C0000804,"Abortion, Illegal",narrow,,P,ELECTTERM,PrA
Elective termination,SNOMEDCT_US,156077004,Illegally induced abortion,C0000804,"Abortion, Illegal",narrow,,P,ELECTTERM,PrA
Elective termination,SNOMEDCT_US,198767006,Illegally induced abortion NOS,C0000804,"Abortion, Illegal",narrow,,P,ELECTTERM,PrA
Elective termination,SNOMEDCT_US,609518007,Gestational trophoblastic disease,C2931618,Gestational trophoblastic disease,exclude,,P,ELECTTERM,PrA
Elective termination,SNOMEDCT_US,416402001,Gestational trophoblastic disease,C2931618,Gestational trophoblastic disease,exclude,,P,ELECTTERM,PrA
Elective termination,SNOMEDCT_US,198691008,Legal abortion unspecified,C1456876,Legal abortion (finding),narrow,,P,ELECTTERM,PrA
Elective termination,SNOMEDCT_US,198729008,Legally induced abortion NOS,C1456876,Legal abortion (finding),narrow,,P,ELECTTERM,PrA
Elective termination,SNOMEDCT_US,39406005,Legal abortion,C1456876,Legal abortion (finding),narrow,,P,ELECTTERM,PrA
Elective termination,SNOMEDCT_US,198703008,Unspecified legal abortion NOS,C1456876,Legal abortion (finding),narrow,,P,ELECTTERM,PrA
Elective termination,SNOMEDCT_US,267192009,Legal abortion,C1456876,Legal abortion (finding),narrow,,P,ELECTTERM,PrA
Elective termination,SNOMEDCT_US,609453002,Induced termination of pregnancy complicated by shock,C3662158,Induced termination of pregnancy complicated by shock,narrow,,P,ELECTTERM,PrA
Elective termination,SNOMEDCT_US,609485004,Induced termination of pregnancy complicated by sepsis,C3662156,Induced termination of pregnancy complicated by sepsis,narrow,,P,ELECTTERM,PrA
Elective termination,SNOMEDCT_US,16101000119107,Incomplete abortion with complication,C2048759,incomplete abortion with complication,narrow,,P,ELECTTERM,PrA
Elective termination,SNOMEDCT_US,74978008,Illegal abortion with complication,C0269496,"Illegally induced abortion, with unspecified complication, unspecified",narrow,,P,ELECTTERM,PrA
Elective termination,SNOMEDCT_US,198740000,Unspecified illegal abortion with complication NOS,C0269496,"Illegally induced abortion, with unspecified complication, unspecified",narrow,,P,ELECTTERM,PrA
Elective termination,SNOMEDCT_US,198715007,Incomplete legal abortion with no mention of complication,C0600043,"Legally induced abortion, without mention of complication, incomplete",narrow,,P,ELECTTERM,PrA
Elective termination,SNOMEDCT_US,67313008,Fetal death due to termination of pregnancy,C0270277,"Fetal death due to termination of pregnancy, NOS",exclude,,P,ELECTTERM,PrA
Elective termination,SNOMEDCT_US,206574009,Fetal death due to termination of pregnancy,C0270277,"Fetal death due to termination of pregnancy, NOS",exclude,,P,ELECTTERM,PrA
Elective termination,SNOMEDCT_US,198714006,Incomplete legal abortion with complication NOS,C0600042,"Legally induced abortion, with unspecified complication, incomplete",narrow,,P,ELECTTERM,PrA
Elective termination,SNOMEDCT_US,46101000119101,Counseling for termination of pregnancy done,C3839599,Counseling for termination of pregnancy done,possible,,P,ELECTTERM,PrA
Elective termination,SNOMEDCT_US,609449004,Induced termination of pregnancy complicated by embolism,C3662169,Induced termination of pregnancy complicated by embolism,narrow,,P,ELECTTERM,PrA
Elective termination,SNOMEDCT_US,198722004,Complete legal abortion with metabolic disorder,C0156482,"Legally induced abortion, complicated by metabolic disorder, complete",narrow,,P,ELECTTERM,PrA
Elective termination,SNOMEDCT_US,198709007,Incomplete legal abortion with metabolic disorder,C0156481,"Legally induced abortion, complicated by metabolic disorder, incomplete",narrow,,P,ELECTTERM,PrA
Elective termination,SNOMEDCT_US,198723009,Complete legal abortion with shock,C0156486,"Legally induced abortion, complicated by shock, complete",narrow,,P,ELECTTERM,PrA
Elective termination,SNOMEDCT_US,198710002,Incomplete legal abortion with shock,C0156485,"Legally induced abortion, complicated by shock, incomplete",narrow,,P,ELECTTERM,PrA
Elective termination,SNOMEDCT_US,111432008,Legal abortion with air embolism,C0269480,Legal abortion with air embolism,narrow,,P,ELECTTERM,PrA
Elective termination,SNOMEDCT_US,198721006,Complete legal abortion with renal failure,C0156478,"Legally induced abortion, complicated by renal failure, complete",narrow,,P,ELECTTERM,PrA
Elective termination,SNOMEDCT_US,386641000,Therapeutic termination of pregnancy procedure,C0000820,Therapeutic abortion procedure,exclude,,P,ELECTTERM,PrA
Elective termination,SNOMEDCT_US,198707009,Incomplete legal abortion with damage to pelvic organs or tissues,C0156473,"Legally induced abortion, complicated by damage to pelvic organs or tissues, incomplete",narrow,,P,ELECTTERM,PrA
Elective termination,SNOMEDCT_US,111431001,Legal abortion complicated by damage to pelvic organs AND/OR tissues,C0156472,"Legally induced abortion, complicated by damage to pelvic organs or tissues, unspecified",narrow,,P,ELECTTERM,PrA
Elective termination,SNOMEDCT_US,198694000,Unspecified legal abortion with damage to pelvic organs or tissues,C0156472,"Legally induced abortion, complicated by damage to pelvic organs or tissues, unspecified",narrow,,P,ELECTTERM,PrA
Elective termination,SNOMEDCT_US,198698002,Unspecified legal abortion with embolism,C0269479,"Legally induced abortion, complicated by embolism, unspecified",narrow,,P,ELECTTERM,PrA
Elective termination,SNOMEDCT_US,57734001,Legal abortion complicated by embolism,C0269479,"Legally induced abortion, complicated by embolism, unspecified",narrow,,P,ELECTTERM,PrA
Elective termination,SNOMEDCT_US,198815000,Failed attempted abortion with complication NOS,C0156592,Failed attempted termination of pregnancy with complication,narrow,,P,ELECTTERM,PrA
Elective termination,SNOMEDCT_US,59919008,Failed attempted termination of pregnancy with complication,C0156592,Failed attempted termination of pregnancy with complication,narrow,,P,ELECTTERM,PrA
Elective termination,SNOMEDCT_US,198719001,Complete legal abortion with delayed or excessive haemorrhage,C0156470,"Legally induced abortion, complicated by delayed or excessive hemorrhage, complete",narrow,,P,ELECTTERM,PrA
Elective termination,SNOMEDCT_US,198814001,Failed attempted abortion with other specified complication,C0156591,Failed attempted abortion with other specified complications,narrow,,P,ELECTTERM,PrA
Elective termination,SNOMEDCT_US,21280005,Legal abortion with postoperative shock,C0269477,Legal abortion with postoperative shock,narrow,,P,ELECTTERM,PrA
Elective termination,SNOMEDCT_US,198708004,Incomplete legal abortion with renal failure,C0156477,"Legally induced abortion, complicated by renal failure, incomplete",narrow,,P,ELECTTERM,PrA
Elective termination,SNOMEDCT_US,27169005,Legal abortion complicated by shock,C0269476,"Legally induced abortion, complicated by shock, unspecified",narrow,,P,ELECTTERM,PrA
Elective termination,SNOMEDCT_US,198697007,Unspecified legal abortion with shock,C0269476,"Legally induced abortion, complicated by shock, unspecified",narrow,,P,ELECTTERM,PrA
Elective termination,SNOMEDCT_US,3634007,Legal abortion complicated by metabolic disorder,C0269474,"Legally induced abortion, complicated by metabolic disorder, unspecified",narrow,,P,ELECTTERM,PrA
Elective termination,SNOMEDCT_US,198696003,Unspecified legal abortion with metabolic disorder,C0269474,"Legally induced abortion, complicated by metabolic disorder, unspecified",narrow,,P,ELECTTERM,PrA
Elective termination,SNOMEDCT_US,198720007,Complete legal abortion with damage to pelvic organs or tissues,C0156474,"Legally induced abortion, complicated by damage to pelvic organs or tissues, complete",narrow,,P,ELECTTERM,PrA
Elective termination,SNOMEDCT_US,13943000,Failed attempted termination of pregnancy complicated by embolism,C0156590,Failed attempted termination of pregnancy complicated by embolism,narrow,,P,ELECTTERM,PrA
Elective termination,SNOMEDCT_US,1204037006,Sepsis following induced termination of pregnancy,C2903332,Sepsis following induced termination of pregnancy,narrow,,P,ELECTTERM,PrA
Elective termination,SNOMEDCT_US,198734007,Unspecified illegal abortion with damage to pelvic organs or tissues,C0269509,"Illegally induced abortion, complicated by damage to pelvic organs or tissues, unspecified",narrow,,P,ELECTTERM,PrA
Elective termination,SNOMEDCT_US,38784004,Illegal abortion complicated by damage to pelvic organs AND/OR tissues,C0269509,"Illegally induced abortion, complicated by damage to pelvic organs or tissues, unspecified",narrow,,P,ELECTTERM,PrA
Elective termination,SNOMEDCT_US,267194005,Complete legal abortion,C0341902,Complete legal abortion,narrow,,P,ELECTTERM,PrA
Elective termination,SNOMEDCT_US,198733001,Unspecified illegal abortion with delayed or excessive haemorrhage,C0269505,"Illegally induced abortion, complicated by delayed or excessive hemorrhage, unspecified",narrow,,P,ELECTTERM,PrA
Elective termination,SNOMEDCT_US,86891002,Illegal abortion complicated by delayed AND/OR excessive haemorrhage,C0269505,"Illegally induced abortion, complicated by delayed or excessive hemorrhage, unspecified",narrow,,P,ELECTTERM,PrA
Elective termination,SNOMEDCT_US,156079001,Abortion NOS,C0156543,Unspecified Abortion,possible,,P,ELECTTERM,PrA
Elective termination,SNOMEDCT_US,198780009,Unspecified abortion NOS,C0156543,Unspecified Abortion,possible,,P,ELECTTERM,PrA
Elective termination,SNOMEDCT_US,198880003,Pregnancy with abortive outcome NOS,C0156543,Unspecified Abortion,possible,,P,ELECTTERM,PrA
Elective termination,SNOMEDCT_US,198769009,Unspecified abortion,C0156543,Unspecified Abortion,possible,,P,ELECTTERM,PrA
Elective termination,SNOMEDCT_US,70317007,Abortion,C0156543,Unspecified Abortion,possible,,P,ELECTTERM,PrA
Elective termination,SNOMEDCT_US,363681007,Pregnancy with abortive outcome,C0156543,Unspecified Abortion,possible,,P,ELECTTERM,PrA
Elective termination,SNOMEDCT_US,198805006,Unspecified abortion NOS,C0156543,Unspecified Abortion,possible,,P,ELECTTERM,PrA
Elective termination,SNOMEDCT_US,198768001,Unspecified abortion,C0156543,Unspecified Abortion,possible,,P,ELECTTERM,PrA
Elective termination,SNOMEDCT_US,156070002,Pregnancy with abortive outcome,C0156543,Unspecified Abortion,possible,,P,ELECTTERM,PrA
Elective termination,SNOMEDCT_US,200480007,Pregnancy with abortive outcome,C0156543,Unspecified Abortion,possible,,P,ELECTTERM,PrA
Elective termination,SNOMEDCT_US,156096000,Pregnancy with abortive outcome NOS,C0156543,Unspecified Abortion,possible,,P,ELECTTERM,PrA
Elective termination,SNOMEDCT_US,267297005,Abortion NOS,C0156543,Unspecified Abortion,possible,,P,ELECTTERM,PrA
Elective termination,SNOMEDCT_US,370079006,"Choriocarcinoma, metastatic",C1298201,"Choriocarcinoma, metastatic",exclude,,P,ELECTTERM,PrA
Elective termination,SNOMEDCT_US,1220586000,Incomplete induced termination of pregnancy complicated by renal failure,C5688222,Incomplete induced termination of pregnancy complicated by renal failure,narrow,,P,ELECTTERM,PrA
Elective termination,SNOMEDCT_US,707207004,Incomplete induced termination of pregnancy,C0854685,Incomplete induced termination of pregnancy,narrow,,P,ELECTTERM,PrA
Elective termination,SNOMEDCT_US,609452007,Induced termination of pregnancy complicated by renal failure,C3662191,Induced termination of pregnancy complicated by renal failure,narrow,,P,ELECTTERM,PrA
Elective termination,SNOMEDCT_US,198763005,Complete illegal abortion with other specified complication,C0156534,"Illegally induced abortion, with other specified complications, complete",narrow,,P,ELECTTERM,PrA
Elective termination,SNOMEDCT_US,198751000,Incomplete illegal abortion with other specified complication,C0156533,"Illegally induced abortion, with other specified complications, incomplete",narrow,,P,ELECTTERM,PrA
Elective termination,SNOMEDCT_US,609447002,Induced termination of pregnancy complicated by damage to pelvic organs and/or tissues,C3662197,Induced termination of pregnancy complicated by damage to pelvic organs and/or tissues,narrow,,P,ELECTTERM,PrA
Elective termination,SNOMEDCT_US,198739002,Unspecified illegal abortion with other specified complication,C0156532,"Illegally induced abortion, with other specified complications, unspecified",narrow,,P,ELECTTERM,PrA
Elective termination,SNOMEDCT_US,198727005,Complete legal abortion with no mention of complication,C1261319,"Legally induced abortion, without mention of complication, complete",narrow,,P,ELECTTERM,PrA
Elective termination,SNOMEDCT_US,1220564001,Incomplete induced termination of pregnancy complicated by shock,C5688211,Incomplete induced termination of pregnancy complicated by shock,narrow,,P,ELECTTERM,PrA
Elective termination,SNOMEDCT_US,285409006,Medical termination of pregnancy,C3146282,Medical termination of pregnancy,narrow,,P,ELECTTERM,PrA
Elective termination,SNOMEDCT_US,53638009,Therapeutic termination of pregnancy,C3146284,Therapeutic Abortion Finding,narrow,,P,ELECTTERM,PrA
Elective termination,SNOMEDCT_US,445149007,Residual trophoblastic disease,C2919458,Residual trophoblastic disease,exclude,,P,ELECTTERM,PrA
Elective termination,SNOMEDCT_US,302375005,Operative termination of pregnancy,C0404068,Operative termination of pregnancy,narrow,,P,ELECTTERM,PrA
Elective termination,SNOMEDCT_US,149995009,Operative termination of pregnancy,C0404068,Operative termination of pregnancy,narrow,,P,ELECTTERM,PrA
Elective termination,SNOMEDCT_US,287955003,Termination of pregnancy operation NOS,C0404068,Operative termination of pregnancy,narrow,,P,ELECTTERM,PrA
Elective termination,SNOMEDCT_US,149998006,Termination of pregnancy operation NOS,C0404068,Operative termination of pregnancy,narrow,,P,ELECTTERM,PrA
Elective termination,Free_text,ELECTTERM_narrow,(missing name),C0000000,Unassociated custom codes,narrow,,P,ELECTTERM,PrA
Elective termination,MTHICD9,74.91,Therapeutic abortion by hysterotomy,C0195643,Hysterotomy and termination of pregnancy,exclude,,P,ELECTTERM,PrA
Elective termination,MTHICD9,779.6,Termination of fetus,C0392535,Termination of pregnancy (procedure),exclude,,P,ELECTTERM,PrA
Elective termination,MTHICD9,75.0,Termination of pregnancy by intrauterine injection,C0565454,Injection of amnion for termination of pregnancy,exclude,,P,ELECTTERM,PrA
Elective termination,MTHICD9,630,Trophoblastic disease NOS,C0020217,Hydatidiform Mole,exclude,,P,ELECTTERM,PrA
Elective termination,MTHICD9,639.3,Kidney failure following abortion or ectopic and molar pregnancies,C2712637,Kidney failure following abortion and ectopic and molar pregnancies,narrow,,P,ELECTTERM,PrA
Elective termination,MTHICD9,637,Unspecified type of abortion- unspecified- complicated by genital tract and pelvic infection,C0000000,Unassociated custom codes,possible,,P,ELECTTERM,PrA
Elective termination,MTHICD9,69.51,Therapeutic abortion NOS,C0000820,Therapeutic abortion procedure,exclude,,P,ELECTTERM,PrA
Elective termination,MTHICD9,637.00,"Unspecified type of abortion, unspecified, complicated by genital tract and pelvic infection",C0156545,"Unspecified abortion, complicated by genital tract and pelvic infection, unspecified",possible,,P,ELECTTERM,PrA
Elective termination,PROCDA,BKHD41,Medically induced early abortion with prostaglandin,C0000000,Unassociated custom codes,narrow,,P,ELECTTERM,PrA
Elective termination,PROCDA,BKHD42,Medically induced early abortion with antiprogesterone and prostaglandin,C0000000,Unassociated custom codes,narrow,,P,ELECTTERM,PrA
Elective termination,PROCDA,BKHD40,Medically induced early abortion with antiprogesterone,C0000000,Unassociated custom codes,narrow,,P,ELECTTERM,PrA
Elective termination,PROCDA,BKHD45,Medically induced late abortion with prostaglandin,C0000000,Unassociated custom codes,narrow,,P,ELECTTERM,PrA
Elective termination,PROCDA,BKHD46,Medically induced late abortion with antiprogesterone and prostaglandin,C0000000,Unassociated custom codes,narrow,,P,ELECTTERM,PrA
Elective termination,PROCDA,BKHD44,Medically induced late abortion with antiprogesterone,C0000000,Unassociated custom codes,narrow,,P,ELECTTERM,PrA
Elective termination,PROCDA,BKHD4,Medically induced abortion,C0000000,Unassociated custom codes,narrow,,P,ELECTTERM,PrA
Gestational diabetes,ICD9CMP,648.83,Abnormal glucose tolerance of mother- antepartum condition or complication,C0000000,Unassociated custom codes,possible,,P,GESTDIAB,PrA
Gestational diabetes,ICD9CMP,648.8,Abnormal glucose tolerance of mother- unspecified as to episode of care or not applicable,C0000000,Unassociated custom codes,possible,,P,GESTDIAB,PrA
Gestational diabetes,ICD9CMP,648.03,Diabetes mellitus of mother- complicating pregnancy- childbirth- or the puerperium- antepartum condition or complication,C0000000,Unassociated custom codes,possible,,P,GESTDIAB,PrA
Gestational diabetes,ICD10CM,O24.82,Other pre-existing diabetes mellitus in childbirth,C2903694,Other pre-existing diabetes mellitus in childbirth,exclude,,P,GESTDIAB,PrA
Gestational diabetes,ICD10CM,O24.83,Other pre-existing diabetes mellitus in the puerperium,C2903695,Other pre-existing diabetes mellitus in the puerperium,exclude,,P,GESTDIAB,PrA
Gestational diabetes,ICD10CM,O24.81,Other pre-existing diabetes mellitus in pregnancy,C2903693,"Other pre-existing diabetes mellitus in pregnancy, unspecified trimester",exclude,,P,GESTDIAB,PrA
Gestational diabetes,ICD10CM,O24.0,"Pre-existing type 1 diabetes mellitus, in pregnancy, childbirth and the puerperium",C2903658,"Pre-existing type 1 diabetes mellitus, in pregnancy, childbirth and the puerperium",exclude,,P,GESTDIAB,PrA
Gestational diabetes,ICD10CM,O24.92,Unspecified diabetes mellitus in childbirth,C2903699,Unspecified diabetes mellitus in childbirth,exclude,,P,GESTDIAB,PrA
Gestational diabetes,ICD10CM,R81,Glycosuria,C0017979,Glycosuria,exclude,,P,GESTDIAB,PrA
Gestational diabetes,ICD10CM,O24.43,Gestational diabetes mellitus in the puerperium,C2903685,Gestational diabetes mellitus in the puerperium,exclude,,P,GESTDIAB,PrA
Gestational diabetes,ICD10CM,O24.430,"Gestational diabetes mellitus in the puerperium, diet controlled",C2903686,"Gestational diabetes mellitus in the puerperium, diet controlled",exclude,,P,GESTDIAB,PrA
Gestational diabetes,ICD10CM,O24.424,"Gestational diabetes mellitus in childbirth, insulin controlled",C2903683,"Gestational diabetes mellitus in childbirth, insulin controlled",narrow,,P,GESTDIAB,PrA
Gestational diabetes,ICD10CM,O24.429,"Gestational diabetes mellitus in childbirth, unspecified control",C2903684,"Gestational diabetes mellitus in childbirth, unspecified control",narrow,,P,GESTDIAB,PrA
Gestational diabetes,ICD10CM,O24.42,Gestational diabetes mellitus in childbirth,C2903681,Gestational diabetes mellitus in childbirth,narrow,,P,GESTDIAB,PrA
Gestational diabetes,ICD10CM,O24.420,"Gestational diabetes mellitus in childbirth, diet controlled",C2903682,"Gestational diabetes mellitus in childbirth, diet controlled",narrow,,P,GESTDIAB,PrA
Gestational diabetes,ICD10CM,O24.419,"Gestational diabetes mellitus in pregnancy, unspecified control",C2903680,"Gestational diabetes mellitus in pregnancy, unspecified control",narrow,,P,GESTDIAB,PrA
Gestational diabetes,ICD10CM,O24.8,"Other pre-existing diabetes mellitus in pregnancy, childbirth, and the puerperium",C2903689,"Other pre-existing diabetes mellitus in pregnancy, childbirth, and the puerperium",exclude,,P,GESTDIAB,PrA
Gestational diabetes,ICD10CM,O24.434,"Gestational diabetes mellitus in the puerperium, insulin controlled",C2903687,"Gestational diabetes mellitus in the puerperium, insulin controlled",exclude,,P,GESTDIAB,PrA
Gestational diabetes,ICD10CM,O24.439,"Gestational diabetes mellitus in the puerperium, unspecified control",C2903688,"Gestational diabetes mellitus in the puerperium, unspecified control",exclude,,P,GESTDIAB,PrA
Gestational diabetes,ICD10CM,O24.2,Diabetes mellitus in pregnancy: Pre-existing malnutrition-related diabetes mellitus,C0000000,Unassociated custom codes,exclude,,P,GESTDIAB,PrA
Gestational diabetes,ICD10CM,O24.91,Unspecified diabetes mellitus in pregnancy,C0032969,Pregnancy in Diabetics,possible,,P,GESTDIAB,PrA
Gestational diabetes,ICD10CM,O24.919,"Unspecified diabetes mellitus in pregnancy, unspecified trimester",C0032969,Pregnancy in Diabetics,possible,,P,GESTDIAB,PrA
Gestational diabetes,ICD10CM,O24.31,Unspecified pre-existing diabetes mellitus in pregnancy,C0851217,"Pre-existing diabetes mellitus, unspecified, in pregnancy",exclude,,P,GESTDIAB,PrA
Gestational diabetes,ICD10CM,O24.32,Unspecified pre-existing diabetes mellitus in childbirth,C2903675,Unspecified pre-existing diabetes mellitus in childbirth,exclude,,P,GESTDIAB,PrA
Gestational diabetes,ICD10CM,O24.13,"Pre-existing type 2 diabetes mellitus, in the puerperium",C2903670,"Pre-existing type 2 diabetes mellitus, in the puerperium",exclude,,P,GESTDIAB,PrA
Gestational diabetes,ICD10CM,O24.3,"Unspecified pre-existing diabetes mellitus in pregnancy, childbirth and the puerperium",C2903671,"Unspecified pre-existing diabetes mellitus in pregnancy, childbirth and the puerperium",exclude,,P,GESTDIAB,PrA
Gestational diabetes,ICD10CM,E74.9,"Disorder of carbohydrate metabolism, unspecified",C0149670,Disorder of carbohydrate metabolism,exclude,,P,GESTDIAB,PrA
Gestational diabetes,ICD10CM,O24.4,Diabetes mellitus arising in pregnancy,C0085207,Gestational Diabetes,narrow,,P,GESTDIAB,PrA
Gestational diabetes,ICD10CM,O24.410,"Gestational diabetes mellitus in pregnancy, diet controlled",C2903678,"Gestational diabetes mellitus in pregnancy, diet controlled",narrow,,P,GESTDIAB,PrA
Gestational diabetes,ICD10CM,O24.414,"Gestational diabetes mellitus in pregnancy, insulin controlled",C2903679,"Gestational diabetes mellitus in pregnancy, insulin controlled",narrow,,P,GESTDIAB,PrA
Gestational diabetes,ICD10CM,O24.33,Unspecified pre-existing diabetes mellitus in the puerperium,C2903676,Unspecified pre-existing diabetes mellitus in the puerperium,exclude,,P,GESTDIAB,PrA
Gestational diabetes,ICD10CM,O24.41,Gestational diabetes mellitus in pregnancy,C2903677,Gestational diabetes mellitus in pregnancy,narrow,,P,GESTDIAB,PrA
Gestational diabetes,ICD10CM,O24.11,"Pre-existing type 2 diabetes mellitus, in pregnancy",C0851208,"Pre-existing diabetes mellitus, Type 2, in pregnancy",exclude,,P,GESTDIAB,PrA
Gestational diabetes,ICD10CM,O24.01,"Pre-existing type 1 diabetes mellitus, in pregnancy",C0851207,"Pre-existing diabetes mellitus, Type 1, in pregnancy",exclude,,P,GESTDIAB,PrA
Gestational diabetes,ICD10CM,O24.03,"Pre-existing type 1 diabetes mellitus, in the puerperium",C2903663,"Pre-existing type 1 diabetes mellitus, in the puerperium",exclude,,P,GESTDIAB,PrA
Gestational diabetes,ICD10CM,O24.02,"Pre-existing type 1 diabetes mellitus, in childbirth",C2903662,"Pre-existing type 1 diabetes mellitus, in childbirth",exclude,,P,GESTDIAB,PrA
Gestational diabetes,ICD10CM,O24.12,"Pre-existing type 2 diabetes mellitus, in childbirth",C2903669,"Pre-existing type 2 diabetes mellitus, in childbirth",exclude,,P,GESTDIAB,PrA
Gestational diabetes,ICD10CM,O24.93,Unspecified diabetes mellitus in the puerperium,C2903700,Unspecified diabetes mellitus in the puerperium,exclude,,P,GESTDIAB,PrA
Gestational diabetes,ICD10CM,R73.9,"Hyperglycemia, unspecified",C0020456,Hyperglycemia,exclude,,P,GESTDIAB,PrA
Gestational diabetes,ICD10CM,O24.1,"Pre-existing type 2 diabetes mellitus, in pregnancy, childbirth and the puerperium",C2903665,"Pre-existing type 2 diabetes mellitus, in pregnancy, childbirth and the puerperium",exclude,,P,GESTDIAB,PrA
Gestational diabetes,ICD10CM,O24,"Diabetes in pregnancy, childbirth, and the puerperium",C0341893,"Diabetes mellitus in mother complicating pregnancy, childbirth AND/OR puerperium",exclude,,P,GESTDIAB,PrA
Gestational diabetes,ICD10CM,O24.9,"Unsp diabetes in pregnancy, childbirth and the puerperium",C0341893,"Diabetes mellitus in mother complicating pregnancy, childbirth AND/OR puerperium",possible,,P,GESTDIAB,PrA
Gestational diabetes,ICPC2EENG,W85,Gestational diabetes,C0085207,Gestational Diabetes,narrow,,P,GESTDIAB,PrA
Gestational diabetes,ICD10_2019,R81,Glycosuria,C0017979,Glycosuria,exclude,,P,GESTDIAB,PrA
Gestational diabetes,ICD10_2019,O24.03,"Pre-existing type 1 diabetes mellitus, in the puerperium",C0000000,Unassociated custom codes,exclude,,P,GESTDIAB,PrA
Gestational diabetes,ICD10_2019,O24.8,"Other pre-existing diabetes mellitus in pregnancy, childbirth, and the puerperium",C0000000,Unassociated custom codes,exclude,,P,GESTDIAB,PrA
Gestational diabetes,ICD10_2019,O24.82,Other pre-existing diabetes mellitus in childbirth,C0000000,Unassociated custom codes,exclude,,P,GESTDIAB,PrA
Gestational diabetes,ICD10_2019,O24.93,Unspecified diabetes mellitus in the puerperium,C0000000,Unassociated custom codes,exclude,,P,GESTDIAB,PrA
Gestational diabetes,ICD10_2019,O24.81,Other pre-existing diabetes mellitus in pregnancy,C0000000,Unassociated custom codes,exclude,,P,GESTDIAB,PrA
Gestational diabetes,ICD10_2019,O24.92,Unspecified diabetes mellitus in childbirth,C0000000,Unassociated custom codes,exclude,,P,GESTDIAB,PrA
Gestational diabetes,ICD10_2019,O24.91,Unspecified diabetes mellitus in pregnancy,C0000000,Unassociated custom codes,narrow,,P,GESTDIAB,PrA
Gestational diabetes,ICD10_2019,O24.02,"Pre-existing type 1 diabetes mellitus, in childbirth",C0000000,Unassociated custom codes,exclude,,P,GESTDIAB,PrA
Gestational diabetes,ICD10_2019,O24.13,"Pre-existing type 2 diabetes mellitus, in the puerperium",C0000000,Unassociated custom codes,exclude,,P,GESTDIAB,PrA
Gestational diabetes,ICD10_2019,O24.01,"Pre-existing type 1 diabetes mellitus, in pregnancy",C0000000,Unassociated custom codes,exclude,,P,GESTDIAB,PrA
Gestational diabetes,ICD10_2019,O24.12,"Pre-existing type 2 diabetes mellitus, in childbirth",C0000000,Unassociated custom codes,exclude,,P,GESTDIAB,PrA
Gestational diabetes,ICD10_2019,O24.11,"Pre-existing type 2 diabetes mellitus, in pregnancy",C0000000,Unassociated custom codes,exclude,,P,GESTDIAB,PrA
Gestational diabetes,ICD10_2019,O24.33,Unspecified pre-existing diabetes mellitus in the puerperium,C0000000,Unassociated custom codes,exclude,,P,GESTDIAB,PrA
Gestational diabetes,ICD10_2019,O24.43,Gestational diabetes mellitus in the puerperium,C0000000,Unassociated custom codes,exclude,,P,GESTDIAB,PrA
Gestational diabetes,ICD10_2019,O24.32,Unspecified pre-existing diabetes mellitus in childbirth,C0000000,Unassociated custom codes,exclude,,P,GESTDIAB,PrA
Gestational diabetes,ICD10_2019,O24.42,Gestational diabetes mellitus in childbirth,C0000000,Unassociated custom codes,exclude,,P,GESTDIAB,PrA
Gestational diabetes,ICD10_2019,O24.31,Unspecified pre-existing diabetes mellitus in pregnancy,C0000000,Unassociated custom codes,exclude,,P,GESTDIAB,PrA
Gestational diabetes,ICD10_2019,O24.41,Gestational diabetes mellitus in pregnancy,C0000000,Unassociated custom codes,narrow,,P,GESTDIAB,PrA
Gestational diabetes,ICD10_2019,O24.83,Other pre-existing diabetes mellitus in the puerperium,C0000000,Unassociated custom codes,exclude,,P,GESTDIAB,PrA
Gestational diabetes,ICD10_2019,O24,Diabetes mellitus in pregnancy,C0032969,Pregnancy in Diabetics,possible,,P,GESTDIAB,PrA
Gestational diabetes,ICD10_2019,O24.4,Diabetes mellitus arising in pregnancy,C0032969,Pregnancy in Diabetics,narrow,,P,GESTDIAB,PrA
Gestational diabetes,ICD10_2019,O24.9,"Diabetes mellitus in pregnancy, unspecified",C0032969,Pregnancy in Diabetics,possible,,P,GESTDIAB,PrA
Gestational diabetes,ICD10_2019,E14,Unspecified diabetes mellitus,C0011849,Diabetes Mellitus,exclude,,P,GESTDIAB,PrA
Gestational diabetes,ICD10_2019,E74.9,"Disorder of carbohydrate metabolism, unspecified",C0149670,Disorder of carbohydrate metabolism,exclude,,P,GESTDIAB,PrA
Gestational diabetes,ICD10_2019,O24.0,"Diabetes mellitus in pregnancy: Pre-existing diabetes mellitus, insulin-dependent",C0853010,Diabetes complicating pregnancy,possible,,P,GESTDIAB,PrA
Gestational diabetes,ICD10_2019,O24.1,"Diabetes mellitus in pregnancy: Pre-existing diabetes mellitus, non-insulin-dependent",C0853010,Diabetes complicating pregnancy,possible,,P,GESTDIAB,PrA
Gestational diabetes,ICD10_2019,O24.2,Diabetes mellitus in pregnancy: Pre-existing malnutrition-related diabetes mellitus,C0853010,Diabetes complicating pregnancy,exclude,,P,GESTDIAB,PrA
Gestational diabetes,ICD10_2019,O24.3,"Diabetes mellitus in pregnancy: Pre-existing diabetes mellitus, unspecified",C0853010,Diabetes complicating pregnancy,possible,,P,GESTDIAB,PrA
Gestational diabetes,ICD10_2019,R73.9,"Hyperglycaemia, unspecified",C0020456,Hyperglycemia,exclude,,P,GESTDIAB,PrA
Gestational diabetes,ICPC2P,U98005,Glycosuria,C0017979,Glycosuria,exclude,,P,GESTDIAB,PrA
Gestational diabetes,ICPC2P,T88001,Glycosuria,C0017979,Glycosuria,exclude,,P,GESTDIAB,PrA
Gestational diabetes,ICPC2P,T90002,Diabetes mellitus,C0011849,Diabetes Mellitus,exclude,,P,GESTDIAB,PrA
Gestational diabetes,ICPC2P,T99027,Disorder;carbohydrate metabol,C0149670,Disorder of carbohydrate metabolism,exclude,,P,GESTDIAB,PrA
Gestational diabetes,ICPC2P,W77004,Diabetes;during pregnancy,C0085207,Gestational Diabetes,narrow,,P,GESTDIAB,PrA
Gestational diabetes,ICPC2P,W85001,Diabetes;during pregnancy,C0085207,Gestational Diabetes,narrow,,P,GESTDIAB,PrA
Gestational diabetes,ICPC2P,T99045,Hyperglycaemia,C0020456,Hyperglycemia,exclude,,P,GESTDIAB,PrA
Gestational diabetes,ICD10,R81,Glycosuria,C0017979,Glycosuria,exclude,,P,GESTDIAB,PrA
Gestational diabetes,ICD10,O24.91,Unspecified diabetes mellitus in pregnancy,C0000000,Unassociated custom codes,narrow,,P,GESTDIAB,PrA
Gestational diabetes,ICD10,O24.41,Gestational diabetes mellitus in pregnancy,C0000000,Unassociated custom codes,narrow,,P,GESTDIAB,PrA
Gestational diabetes,ICD10,O24,Diabetes mellitus in pregnancy,C0032969,Pregnancy in Diabetics,possible,,P,GESTDIAB,PrA
Gestational diabetes,ICD10,O24.9,"Diabetes mellitus in pregnancy, unspecified",C0032969,Pregnancy in Diabetics,possible,,P,GESTDIAB,PrA
Gestational diabetes,ICD10,E14,Unspecified diabetes mellitus,C0011849,Diabetes Mellitus,exclude,,P,GESTDIAB,PrA
Gestational diabetes,ICD10,O24.3,"Pre-existing diabetes mellitus, unspecified",C0851217,"Pre-existing diabetes mellitus, unspecified, in pregnancy",possible,,P,GESTDIAB,PrA
Gestational diabetes,ICD10,E74.9,"Disorder of carbohydrate metabolism, unspecified",C0149670,Disorder of carbohydrate metabolism,exclude,,P,GESTDIAB,PrA
Gestational diabetes,ICD10,O24.4,Diabetes mellitus arising in pregnancy,C0085207,Gestational Diabetes,narrow,,P,GESTDIAB,PrA
Gestational diabetes,ICD10,O24.1,"Pre-existing diabetes mellitus, non-insulin-dependent",C0851208,"Pre-existing diabetes mellitus, Type 2, in pregnancy",possible,,P,GESTDIAB,PrA
Gestational diabetes,ICD10,O24.0,"Pre-existing diabetes mellitus, insulin-dependent",C0851207,"Pre-existing diabetes mellitus, Type 1, in pregnancy",possible,,P,GESTDIAB,PrA
Gestational diabetes,ICD10,R73.9,"Hyperglycaemia, unspecified",C0020456,Hyperglycemia,exclude,,P,GESTDIAB,PrA
Gestational diabetes,ICPC,W84,Pregancy high risk,C0242786,High-Risk Pregnancy,narrow,,P,GESTDIAB,PrA
Gestational diabetes,ICPC,T90,Diabetes mellitus,C0011849,Diabetes Mellitus,exclude,,P,GESTDIAB,PrA
Gestational diabetes,RCD,X80U3,HbA1 - Glycated haemoglobin,C0017853,"Hemoglobin, Glycosylated",exclude,,P,GESTDIAB,PrA
Gestational diabetes,RCD,R115.,[D]Glycosuria,C0017979,Glycosuria,exclude,,P,GESTDIAB,PrA
Gestational diabetes,RCD,Xa1pb,Glycosuria,C0017979,Glycosuria,exclude,,P,GESTDIAB,PrA
Gestational diabetes,RCD,X76xp,Glucose concentration,C1287281,"Finding of glucose concentration, dipstick",exclude,,P,GESTDIAB,PrA
Gestational diabetes,RCD,f11..,Soluble insulin,C0021641,Insulin,exclude,,P,GESTDIAB,PrA
Gestational diabetes,RCD,X795r,Insulin,C0021641,Insulin,exclude,,P,GESTDIAB,PrA
Gestational diabetes,RCD,x006f,Insulin product,C0021641,Insulin,exclude,,P,GESTDIAB,PrA
Gestational diabetes,RCD,X772q,Haemoglobin A1c level,C1261236,Hemoglobin A1c level,exclude,,P,GESTDIAB,PrA
Gestational diabetes,RCD,C10..,Diabetes mellitus,C0011849,Diabetes Mellitus,exclude,,P,GESTDIAB,PrA
Gestational diabetes,RCD,C31..,Disorder of carbohydrate metabolism,C0149670,Disorder of carbohydrate metabolism,exclude,,P,GESTDIAB,PrA
Gestational diabetes,RCD,L1808,Gestational diabetes mellitus,C0085207,Gestational Diabetes,narrow,,P,GESTDIAB,PrA
Gestational diabetes,RCD,X772z,Blood glucose level,C0428554,Finding of blood glucose level,exclude,,P,GESTDIAB,PrA
Gestational diabetes,RCD,XE25Y,Blood glucose result,C0428554,Finding of blood glucose level,exclude,,P,GESTDIAB,PrA
Gestational diabetes,RCD,XaDZH,Antidiabetic agent,C0935929,Antidiabetics,exclude,,P,GESTDIAB,PrA
Gestational diabetes,RCD,L1804,Diabetes mellitus in pueperium - baby previously delivered,C0341894,"Diabetes mellitus, postpartum",exclude,,P,GESTDIAB,PrA
Gestational diabetes,RCD,L1802,Diabetes mellitus in puerperium - baby delivered,C0341896,"Diabetes mellitus of mother, complicating pregnancy, childbirth, or the puerperium, delivered, with mention of postpartum complication",exclude,,P,GESTDIAB,PrA
Gestational diabetes,RCD,L1801,Diabetes mellitus during pregnancy - baby delivered,C0341897,"Diabetes mellitus of mother, complicating pregnancy, childbirth, or the puerperium, delivered, with or without mention of antepartum condition",exclude,,P,GESTDIAB,PrA
Gestational diabetes,RCD,R1057,[D]Hyperglycaemia,C0020456,Hyperglycemia,exclude,,P,GESTDIAB,PrA
Gestational diabetes,RCD,Ryu8A,"[X]Hyperglycaemia, unspecified",C0020456,Hyperglycemia,exclude,,P,GESTDIAB,PrA
Gestational diabetes,RCD,X40J2,Hyperglycaemia,C0020456,Hyperglycemia,exclude,,P,GESTDIAB,PrA
Gestational diabetes,RCD,X40J3,Hyperglycaemic disorder,C0020456,Hyperglycemia,exclude,,P,GESTDIAB,PrA
Gestational diabetes,RCD,L180.,"Diabetes mellitus during pregnancy, childbirth and the puerperium",C0341893,"Diabetes mellitus in mother complicating pregnancy, childbirth AND/OR puerperium",exclude,,P,GESTDIAB,PrA
Gestational diabetes,RCD,L180z,"Diabetes mellitus during pregnancy, childbirth or the puerperium NOS",C0341893,"Diabetes mellitus in mother complicating pregnancy, childbirth AND/OR puerperium",exclude,,P,GESTDIAB,PrA
Gestational diabetes,RCD,f13..,Insulin lispro,C0293359,insulin lispro,exclude,,P,GESTDIAB,PrA
Gestational diabetes,SNM,F-11826,Glycosuria,C0017979,Glycosuria,exclude,,P,GESTDIAB,PrA
Gestational diabetes,SNM,F-27310,Insulin,C0021641,Insulin,exclude,,P,GESTDIAB,PrA
Gestational diabetes,SNM,NOCODE,Diseases of Carbohydrate Metabolism,C0028715,Nutritional and Metabolic Diseases,exclude,,P,GESTDIAB,PrA
Gestational diabetes,SNM,D2410,Maternal diabetes,C0000000,Unassociated custom codes,narrow,,P,GESTDIAB,PrA
Gestational diabetes,SNM,D2403,Diabetes mellitus- pregnancy related,C0000000,Unassociated custom codes,narrow,,P,GESTDIAB,PrA
Gestational diabetes,SNM,D-2381,Diabetes mellitus,C0011849,Diabetes Mellitus,exclude,,P,GESTDIAB,PrA
Gestational diabetes,SNM,F-11823,Hyperglycemia,C0017747,Glucose level above reference range,exclude,,P,GESTDIAB,PrA
Gestational diabetes,SNM,F-19470,Hemoglobin A1c,C0019018,Glycosylated hemoglobin A,exclude,,P,GESTDIAB,PrA
Gestational diabetes,SNM,D-1250,Disease of carbohydrate metabolism,C0149670,Disorder of carbohydrate metabolism,exclude,,P,GESTDIAB,PrA
Gestational diabetes,SNM,D-2410,Maternal diabetes,C0085207,Gestational Diabetes,narrow,,P,GESTDIAB,PrA
Gestational diabetes,SNM,D-2403,"Diabetes mellitus, pregnancy related",C0085207,Gestational Diabetes,narrow,,P,GESTDIAB,PrA
Gestational diabetes,ICD10DA,R819,Glukosuri,C0017979,Glycosuria,exclude,,P,GESTDIAB,PrA
Gestational diabetes,ICD10DA,R81,Sukker i urinen,C0017979,Glycosuria,exclude,,P,GESTDIAB,PrA
Gestational diabetes,ICD10DA,O24,"Diabetes under graviditet, fødsel og barsel",C0032969,Pregnancy in Diabetics,possible,,P,GESTDIAB,PrA
Gestational diabetes,ICD10DA,O245,Nyopdaget manifest diabetes i graviditeten,C0032969,Pregnancy in Diabetics,narrow,,P,GESTDIAB,PrA
Gestational diabetes,ICD10DA,O249A,Graviditet med diabetes UNS,C0032969,Pregnancy in Diabetics,possible,,P,GESTDIAB,PrA
Gestational diabetes,ICD10DA,O249B,Fødsel med diabetes UNS,C0032969,Pregnancy in Diabetics,possible,,P,GESTDIAB,PrA
Gestational diabetes,ICD10DA,O249C,Barsel med diabetes UNS,C0032969,Pregnancy in Diabetics,exclude,,P,GESTDIAB,PrA
Gestational diabetes,ICD10DA,O249,"Graviditet, fødsel eller barsel med diabetes UNS",C0032969,Pregnancy in Diabetics,possible,,P,GESTDIAB,PrA
Gestational diabetes,ICD10DA,E14,Ikke spec. diabetes,C0011849,Diabetes Mellitus,exclude,,P,GESTDIAB,PrA
Gestational diabetes,ICD10DA,O243,"Gravid., fødsel el. barsel med forud bestående diabetes UNS",C0851217,"Pre-existing diabetes mellitus, unspecified, in pregnancy",narrow,,P,GESTDIAB,PrA
Gestational diabetes,ICD10DA,O243A,Graviditet med forud bestående diabetes UNS,C0851217,"Pre-existing diabetes mellitus, unspecified, in pregnancy",possible,,P,GESTDIAB,PrA
Gestational diabetes,ICD10DA,E749,Forstyrrelse i kulhydratomsætningen UNS,C0149670,Disorder of carbohydrate metabolism,exclude,,P,GESTDIAB,PrA
Gestational diabetes,ICD10DA,O244C,Barsel med gestationel diabetes,C0085207,Gestational Diabetes,narrow,,P,GESTDIAB,PrA
Gestational diabetes,ICD10DA,O244D,Graviditet med gestationel diabetes,C0085207,Gestational Diabetes,narrow,,P,GESTDIAB,PrA
Gestational diabetes,ICD10DA,O244E,Graviditet med insulinbehandlet gestationel diabetes,C0085207,Gestational Diabetes,narrow,,P,GESTDIAB,PrA
Gestational diabetes,ICD10DA,O244,"Graviditet, fødsel eller barsel med gestationel diabetes",C0085207,Gestational Diabetes,narrow,,P,GESTDIAB,PrA
Gestational diabetes,ICD10DA,O244B,Fødsel med gestationel diabetes,C0085207,Gestational Diabetes,narrow,,P,GESTDIAB,PrA
Gestational diabetes,ICD10DA,O241A,Graviditet med forud bestående type 2-diabetes,C0851208,"Pre-existing diabetes mellitus, Type 2, in pregnancy",possible,,P,GESTDIAB,PrA
Gestational diabetes,ICD10DA,O241B,Fødsel med forud bestående type 2-diabetes,C0851208,"Pre-existing diabetes mellitus, Type 2, in pregnancy",possible,,P,GESTDIAB,PrA
Gestational diabetes,ICD10DA,O241C,Barsel med forud bestående type 2-diabetes,C0851208,"Pre-existing diabetes mellitus, Type 2, in pregnancy",possible,,P,GESTDIAB,PrA
Gestational diabetes,ICD10DA,O241,"Graviditet, fødsel el. barsel m. forud best. type 2-diabetes",C0851208,"Pre-existing diabetes mellitus, Type 2, in pregnancy",narrow,,P,GESTDIAB,PrA
Gestational diabetes,ICD10DA,O240A,Graviditet med forud bestående type 1-diabetes,C0851207,"Pre-existing diabetes mellitus, Type 1, in pregnancy",possible,,P,GESTDIAB,PrA
Gestational diabetes,ICD10DA,O240B,Fødsel med forud bestående type 1-diabetes,C0851207,"Pre-existing diabetes mellitus, Type 1, in pregnancy",possible,,P,GESTDIAB,PrA
Gestational diabetes,ICD10DA,O240C,Barsel med forud bestående type 1-diabetes,C0851207,"Pre-existing diabetes mellitus, Type 1, in pregnancy",possible,,P,GESTDIAB,PrA
Gestational diabetes,ICD10DA,O240,"Graviditet, fødsel el. barsel m. forud best. type 1-diabetes",C0851207,"Pre-existing diabetes mellitus, Type 1, in pregnancy",narrow,,P,GESTDIAB,PrA
Gestational diabetes,ICD10DA,O242A,Graviditet med forud bestående diabetes f.a. underernæring,C0851209,"Pre-existing malnutrition-related diabetes mellitus, predominantly related to pregnancy",possible,,P,GESTDIAB,PrA
Gestational diabetes,ICD10DA,R739,Hyperglykæmi UNS,C0020456,Hyperglycemia,exclude,,P,GESTDIAB,PrA
Gestational diabetes,ICD9CM,791.5,Glycosuria,C0017979,Glycosuria,exclude,,P,GESTDIAB,PrA
Gestational diabetes,ICD9CM,648.03,"Diabetes mellitus of mother, complicating pregnancy, childbirth, or the puerperium, antepartum condition or complication",C0032969,Pregnancy in Diabetics,possible,,P,GESTDIAB,PrA
Gestational diabetes,ICD9CM,250,Diabetes mellitus,C0011849,Diabetes Mellitus,exclude,,P,GESTDIAB,PrA
Gestational diabetes,ICD9CM,648.81,"Abnormal glucose tolerance of mother, delivered, with or without mention of antepartum condition",C0156880,"Abnormal glucose tolerance of mother, delivered, with or without mention of antepartum condition",exclude,,P,GESTDIAB,PrA
Gestational diabetes,ICD9CM,648.84,"Abnormal glucose tolerance of mother, postpartum condition or complication",C0156883,"Abnormal glucose tolerance of mother, postpartum",exclude,,P,GESTDIAB,PrA
Gestational diabetes,ICD9CM,648.83,"Abnormal glucose tolerance of mother, antepartum condition or complication",C0156882,"Abnormal glucose tolerance of mother, antepartum",possible,,P,GESTDIAB,PrA
Gestational diabetes,ICD9CM,648.82,"Abnormal glucose tolerance of mother, delivered, with mention of postpartum complication",C0156881,"Abnormal glucose tolerance of mother, delivered, with mention of postpartum complication",exclude,,P,GESTDIAB,PrA
Gestational diabetes,ICD9CM,648.04,"Diabetes mellitus of mother, complicating pregnancy, childbirth, or the puerperium, postpartum condition or complication",C0341894,"Diabetes mellitus, postpartum",exclude,,P,GESTDIAB,PrA
Gestational diabetes,ICD9CM,648.02,"Diabetes mellitus of mother, complicating pregnancy, childbirth, or the puerperium, delivered, with mention of postpartum complication",C0341896,"Diabetes mellitus of mother, complicating pregnancy, childbirth, or the puerperium, delivered, with mention of postpartum complication",exclude,,P,GESTDIAB,PrA
Gestational diabetes,ICD9CM,648.01,"Diabetes mellitus of mother, complicating pregnancy, childbirth, or the puerperium, delivered, with or without mention of antepartum condition",C0341897,"Diabetes mellitus of mother, complicating pregnancy, childbirth, or the puerperium, delivered, with or without mention of antepartum condition",exclude,,P,GESTDIAB,PrA
Gestational diabetes,ICD9CM,648.80,"Abnormal glucose tolerance of mother, unspecified as to episode of care or not applicable",C0156879,"Abnormal glucose tolerance of mother, unspecified as to episode of care or not applicable",possible,,P,GESTDIAB,PrA
Gestational diabetes,ICD9CM,648.8,"Abnormal glucose tolerance of mother, complicating pregnancy, childbirth, or the puerperium",C0156878,"Abnormal glucose tolerance in mother complicating pregnancy, childbirth AND/OR puerperium",exclude,,P,GESTDIAB,PrA
Gestational diabetes,ICD9CM,648.00,"Diabetes mellitus of mother, complicating pregnancy, childbirth, or the puerperium, unspecified as to episode of care or not applicable",C0341893,"Diabetes mellitus in mother complicating pregnancy, childbirth AND/OR puerperium",exclude,,P,GESTDIAB,PrA
Gestational diabetes,ICD9CM,648.0,"Diabetes mellitus complicating pregnancy, childbirth, or the puerperium",C0341893,"Diabetes mellitus in mother complicating pregnancy, childbirth AND/OR puerperium",exclude,,P,GESTDIAB,PrA
Gestational diabetes,ICD10/CM,R81,Glycosuria,C0017979,Glycosuria,exclude,,P,GESTDIAB,PrA
Gestational diabetes,ICD10/CM,O24.43,Gestational diabetes mellitus in the puerperium,C2903685,Gestational diabetes mellitus in the puerperium,exclude,,P,GESTDIAB,PrA
Gestational diabetes,ICD10/CM,O24.430,"Gestational diabetes mellitus in the puerperium, diet controlled",C2903686,"Gestational diabetes mellitus in the puerperium, diet controlled",exclude,,P,GESTDIAB,PrA
Gestational diabetes,ICD10/CM,O24.424,"Gestational diabetes mellitus in childbirth, insulin controlled",C2903683,"Gestational diabetes mellitus in childbirth, insulin controlled",narrow,,P,GESTDIAB,PrA
Gestational diabetes,ICD10/CM,O24.429,"Gestational diabetes mellitus in childbirth, unspecified control",C2903684,"Gestational diabetes mellitus in childbirth, unspecified control",narrow,,P,GESTDIAB,PrA
Gestational diabetes,ICD10/CM,O24.42,Gestational diabetes mellitus in childbirth,C2903681,Gestational diabetes mellitus in childbirth,narrow,,P,GESTDIAB,PrA
Gestational diabetes,ICD10/CM,O24.420,"Gestational diabetes mellitus in childbirth, diet controlled",C2903682,"Gestational diabetes mellitus in childbirth, diet controlled",narrow,,P,GESTDIAB,PrA
Gestational diabetes,ICD10/CM,O24.419,"Gestational diabetes mellitus in pregnancy, unspecified control",C2903680,"Gestational diabetes mellitus in pregnancy, unspecified control",narrow,,P,GESTDIAB,PrA
Gestational diabetes,ICD10/CM,O24.434,"Gestational diabetes mellitus in the puerperium, insulin controlled",C2903687,"Gestational diabetes mellitus in the puerperium, insulin controlled",exclude,,P,GESTDIAB,PrA
Gestational diabetes,ICD10/CM,O24.439,"Gestational diabetes mellitus in the puerperium, unspecified control",C2903688,"Gestational diabetes mellitus in the puerperium, unspecified control",exclude,,P,GESTDIAB,PrA
Gestational diabetes,ICD10/CM,O24,Diabetes mellitus in pregnancy,C0032969,Pregnancy in Diabetics,possible,,P,GESTDIAB,PrA
Gestational diabetes,ICD10/CM,O24.91,Unspecified diabetes mellitus in pregnancy,C0032969,Pregnancy in Diabetics,possible,,P,GESTDIAB,PrA
Gestational diabetes,ICD10/CM,O24.919,"Unspecified diabetes mellitus in pregnancy, unspecified trimester",C0032969,Pregnancy in Diabetics,possible,,P,GESTDIAB,PrA
Gestational diabetes,ICD10/CM,O24.9,"Diabetes mellitus in pregnancy, unspecified",C0032969,Pregnancy in Diabetics,possible,,P,GESTDIAB,PrA
Gestational diabetes,ICD10/CM,E14,Unspecified diabetes mellitus,C0011849,Diabetes Mellitus,exclude,,P,GESTDIAB,PrA
Gestational diabetes,ICD10/CM,E74.9,"Disorder of carbohydrate metabolism, unspecified",C0149670,Disorder of carbohydrate metabolism,exclude,,P,GESTDIAB,PrA
Gestational diabetes,ICD10/CM,O24.4,Diabetes mellitus arising in pregnancy,C0085207,Gestational Diabetes,narrow,,P,GESTDIAB,PrA
Gestational diabetes,ICD10/CM,O24.410,"Gestational diabetes mellitus in pregnancy, diet controlled",C2903678,"Gestational diabetes mellitus in pregnancy, diet controlled",narrow,,P,GESTDIAB,PrA
Gestational diabetes,ICD10/CM,O24.414,"Gestational diabetes mellitus in pregnancy, insulin controlled",C2903679,"Gestational diabetes mellitus in pregnancy, insulin controlled",narrow,,P,GESTDIAB,PrA
Gestational diabetes,ICD10/CM,O24.41,Gestational diabetes mellitus in pregnancy,C2903677,Gestational diabetes mellitus in pregnancy,narrow,,P,GESTDIAB,PrA
Gestational diabetes,ICD10/CM,R73.9,"Hyperglycaemia, unspecified",C0020456,Hyperglycemia,exclude,,P,GESTDIAB,PrA
Gestational diabetes,SCTSPA,207320006,[D]glucosuria,C0017979,Glycosuria,exclude,,P,GESTDIAB,PrA
Gestational diabetes,SCTSPA,45154002,glucosuria,C0017979,Glycosuria,exclude,,P,GESTDIAB,PrA
Gestational diabetes,SCTSPA,31649001,presencia anormal de glucosa,C0017745,Abnormal presence of glucose,exclude,,P,GESTDIAB,PrA
Gestational diabetes,SCTSPA,10753491000119101,diabetes mellitus gestacional en el momento del nacimiento,C2903681,Gestational diabetes mellitus in childbirth,narrow,,P,GESTDIAB,PrA
Gestational diabetes,SCTSPA,365657003,"concentración de glucosa, tira reactiva - hallazgo",C1287281,"Finding of glucose concentration, dipstick",exclude,,P,GESTDIAB,PrA
Gestational diabetes,SCTSPA,412222002,insulina regular,C0021641,Insulin,exclude,,P,GESTDIAB,PrA
Gestational diabetes,SCTSPA,39487003,producto con insulina,C0021641,Insulin,exclude,,P,GESTDIAB,PrA
Gestational diabetes,SCTSPA,67866001,insulina,C0021641,Insulin,exclude,,P,GESTDIAB,PrA
Gestational diabetes,SCTSPA,73211009,diabetes mellitus,C0011849,Diabetes Mellitus,exclude,,P,GESTDIAB,PrA
Gestational diabetes,SCTSPA,68256003,nivel de glucosa por encima del rango de referencia,C0017747,Glucose level above reference range,exclude,,P,GESTDIAB,PrA
Gestational diabetes,SCTSPA,40801000119106,diabetes mellitus gestacional que complica el embarazo,C4074798,Gestational diabetes mellitus complicating pregnancy,narrow,,P,GESTDIAB,PrA
Gestational diabetes,SCTSPA,126877002,trastorno del metabolismo de la glucosa,C1257958,Glucose Metabolism Disorders,exclude,,P,GESTDIAB,PrA
Gestational diabetes,SCTSPA,33601001,HbA1c,C0019018,Glycosylated hemoglobin A,exclude,,P,GESTDIAB,PrA
Gestational diabetes,SCTSPA,103232008,HbA1c,C0019018,Glycosylated hemoglobin A,exclude,,P,GESTDIAB,PrA
Gestational diabetes,SCTSPA,20957000,trastorno del metabolismo de los carbohidratos,C0149670,Disorder of carbohydrate metabolism,exclude,,P,GESTDIAB,PrA
Gestational diabetes,SCTSPA,11687002,diabetes mellitus gestacional,C0085207,Gestational Diabetes,narrow,,P,GESTDIAB,PrA
Gestational diabetes,SCTSPA,359964007,diabetes mellitus gestacional,C0085207,Gestational Diabetes,narrow,,P,GESTDIAB,PrA
Gestational diabetes,SCTSPA,365812005,hallazgo relacionado con el nivel de glucemia,C0428554,Finding of blood glucose level,exclude,,P,GESTDIAB,PrA
Gestational diabetes,SCTSPA,47034004,preparado de agente antidiabético,C0935929,Antidiabetics,exclude,,P,GESTDIAB,PrA
Gestational diabetes,SCTSPA,384953001,agente antidiabético,C0935929,Antidiabetics,exclude,,P,GESTDIAB,PrA
Gestational diabetes,SCTSPA,373245004,agente antidiabético,C0935929,Antidiabetics,exclude,,P,GESTDIAB,PrA
Gestational diabetes,SCTSPA,360254001,agente antidiabético,C0935929,Antidiabetics,exclude,,P,GESTDIAB,PrA
Gestational diabetes,SCTSPA,38206000,feto gigante,C0015938,Fetal Macrosomia,exclude,,P,GESTDIAB,PrA
Gestational diabetes,SCTSPA,199228009,diabetes mellitus en el puerperio - niño nacido durante atención previa,C0341894,"Diabetes mellitus, postpartum",exclude,,P,GESTDIAB,PrA
Gestational diabetes,SCTSPA,199226008,diabetes mellitus en el puerperio - niño nacido durante atención actual,C0341896,"Diabetes mellitus of mother, complicating pregnancy, childbirth, or the puerperium, delivered, with mention of postpartum complication",exclude,,P,GESTDIAB,PrA
Gestational diabetes,SCTSPA,199225007,diabetes mellitus durante el embarazo - niño nacido,C0341897,"Diabetes mellitus of mother, complicating pregnancy, childbirth, or the puerperium, delivered, with or without mention of antepartum condition",exclude,,P,GESTDIAB,PrA
Gestational diabetes,SCTSPA,315299009,[D]hiperglucemia,C0020456,Hyperglycemia,exclude,,P,GESTDIAB,PrA
Gestational diabetes,SCTSPA,237598005,trastorno hiperglucémico,C0020456,Hyperglycemia,exclude,,P,GESTDIAB,PrA
Gestational diabetes,SCTSPA,207643008,"[X]hiperglucemia, no especificada",C0020456,Hyperglycemia,exclude,,P,GESTDIAB,PrA
Gestational diabetes,SCTSPA,80394007,hiperglucemia,C0020456,Hyperglycemia,exclude,,P,GESTDIAB,PrA
Gestational diabetes,SCTSPA,39763004,"tolerancia anormal a la glucosa en la madre, que complica el embarazo, el parto Y/O el puerperio",C0156878,"Abnormal glucose tolerance in mother complicating pregnancy, childbirth AND/OR puerperium",exclude,,P,GESTDIAB,PrA
Gestational diabetes,SCTSPA,75022004,diabetes mellitus gestacional clase A1,C0271662,Gestational diabetes mellitus class A1,narrow,,P,GESTDIAB,PrA
Gestational diabetes,SCTSPA,76751001,"diabetes mellitus en la madre, que complica el embarazo, el parto Y/O el puerperio",C0341893,"Diabetes mellitus in mother complicating pregnancy, childbirth AND/OR puerperium",exclude,,P,GESTDIAB,PrA
Gestational diabetes,SCTSPA,199223000,"diabetes mellitus durante el embarazo, el parto y el puerperio",C0341893,"Diabetes mellitus in mother complicating pregnancy, childbirth AND/OR puerperium",exclude,,P,GESTDIAB,PrA
Gestational diabetes,SCTSPA,199234002,"diabetes mellitus durante el embarazo, parto o puerperio, SAI",C0341893,"Diabetes mellitus in mother complicating pregnancy, childbirth AND/OR puerperium",exclude,,P,GESTDIAB,PrA
Gestational diabetes,SCTSPA,46894009,diabetes mellitus gestacional clase A2,C0271663,Gestational diabetes mellitus class A2,narrow,,P,GESTDIAB,PrA
Gestational diabetes,SCTSPA,388454007,producto con insulina lispro,C0293359,insulin lispro,exclude,,P,GESTDIAB,PrA
Gestational diabetes,SCTSPA,412210000,insulina lispro,C0293359,insulin lispro,exclude,,P,GESTDIAB,PrA
Gestational diabetes,RCD2,R115.,[D]Glycosuria,C0017979,Glycosuria,exclude,,P,GESTDIAB,PrA
Gestational diabetes,RCD2,44TB.,Haemoglobin A1c level,C1261236,Hemoglobin A1c level,exclude,,P,GESTDIAB,PrA
Gestational diabetes,RCD2,C10..,Diabetes mellitus,C0011849,Diabetes Mellitus,exclude,,P,GESTDIAB,PrA
Gestational diabetes,RCD2,C31..,Disorders carbohyd trans/metab,C0149670,Disorder of carbohydrate metabolism,exclude,,P,GESTDIAB,PrA
Gestational diabetes,RCD2,L1808,Diabetes mel aris in pregnancy,C0085207,Gestational Diabetes,narrow,,P,GESTDIAB,PrA
Gestational diabetes,RCD2,44TJ.,Blood glucose level,C0428554,Finding of blood glucose level,exclude,,P,GESTDIAB,PrA
Gestational diabetes,RCD2,L1804,Diabetes mellitus in pueperium - baby previously delivered,C0341894,"Diabetes mellitus, postpartum",exclude,,P,GESTDIAB,PrA
Gestational diabetes,RCD2,L1802,Diabetes mellitus in puerperium - baby delivered,C0341896,"Diabetes mellitus of mother, complicating pregnancy, childbirth, or the puerperium, delivered, with mention of postpartum complication",exclude,,P,GESTDIAB,PrA
Gestational diabetes,RCD2,L1801,Diabetes mellitus during pregnancy - baby delivered,C0341897,"Diabetes mellitus of mother, complicating pregnancy, childbirth, or the puerperium, delivered, with or without mention of antepartum condition",exclude,,P,GESTDIAB,PrA
Gestational diabetes,RCD2,R10C.,[D]Drug induced hyperglycaemia,C0020456,Hyperglycemia,exclude,,P,GESTDIAB,PrA
Gestational diabetes,RCD2,R1057,"[D]Glucose,blood level abnorm.",C0020456,Hyperglycemia,exclude,,P,GESTDIAB,PrA
Gestational diabetes,RCD2,Ryu8A,"[X]Hyperglycaemia, unspecified",C0020456,Hyperglycemia,exclude,,P,GESTDIAB,PrA
Gestational diabetes,RCD2,L180.,"Diabetes mellitus during pregnancy, childbirth and the puerperium",C0341893,"Diabetes mellitus in mother complicating pregnancy, childbirth AND/OR puerperium",exclude,,P,GESTDIAB,PrA
Gestational diabetes,RCD2,L180z,"Diabetes mellitus during pregnancy, childbirth or the puerperium NOS",C0341893,"Diabetes mellitus in mother complicating pregnancy, childbirth AND/OR puerperium",exclude,,P,GESTDIAB,PrA
Gestational diabetes,SNOMEDCT_US,259689004,HbA1 - Glycated haemoglobin,C0017853,"Hemoglobin, Glycosylated",exclude,,P,GESTDIAB,PrA
Gestational diabetes,SNOMEDCT_US,167519007,Sugars in urine,C0017979,Glycosuria,exclude,,P,GESTDIAB,PrA
Gestational diabetes,SNOMEDCT_US,167268008,Glycosuria,C0017979,Glycosuria,exclude,,P,GESTDIAB,PrA
Gestational diabetes,SNOMEDCT_US,207320006,[D]Glycosuria,C0017979,Glycosuria,exclude,,P,GESTDIAB,PrA
Gestational diabetes,SNOMEDCT_US,144504009,Glycosuria,C0017979,Glycosuria,exclude,,P,GESTDIAB,PrA
Gestational diabetes,SNOMEDCT_US,45154002,Glycosuria,C0017979,Glycosuria,exclude,,P,GESTDIAB,PrA
Gestational diabetes,SNOMEDCT_US,158574007,[D]Glycosuria,C0017979,Glycosuria,exclude,,P,GESTDIAB,PrA
Gestational diabetes,SNOMEDCT_US,31649001,Abnormal presence of glucose,C0017745,Abnormal presence of glucose,exclude,,P,GESTDIAB,PrA
Gestational diabetes,SNOMEDCT_US,10753491000119101,Gestational diabetes mellitus in childbirth,C2903681,Gestational diabetes mellitus in childbirth,narrow,,P,GESTDIAB,PrA
Gestational diabetes,SNOMEDCT_US,365657003,"Glucose concentration, dipstick - finding",C1287281,"Finding of glucose concentration, dipstick",exclude,,P,GESTDIAB,PrA
Gestational diabetes,SNOMEDCT_US,325014006,Soluble insulin,C0021641,Insulin,exclude,,P,GESTDIAB,PrA
Gestational diabetes,SNOMEDCT_US,412222002,Regular insulin,C0021641,Insulin,exclude,,P,GESTDIAB,PrA
Gestational diabetes,SNOMEDCT_US,39487003,Insulin-containing product,C0021641,Insulin,exclude,,P,GESTDIAB,PrA
Gestational diabetes,SNOMEDCT_US,67866001,Insulin,C0021641,Insulin,exclude,,P,GESTDIAB,PrA
Gestational diabetes,SNOMEDCT_US,267467004,Diabetes mellitus,C0011849,Diabetes Mellitus,exclude,,P,GESTDIAB,PrA
Gestational diabetes,SNOMEDCT_US,191044006,Diabetes mellitus,C0011849,Diabetes Mellitus,exclude,,P,GESTDIAB,PrA
Gestational diabetes,SNOMEDCT_US,73211009,Diabetes mellitus,C0011849,Diabetes Mellitus,exclude,,P,GESTDIAB,PrA
Gestational diabetes,SNOMEDCT_US,154671004,Diabetes mellitus,C0011849,Diabetes Mellitus,exclude,,P,GESTDIAB,PrA
Gestational diabetes,SNOMEDCT_US,68256003,Glucose level above reference range,C0017747,Glucose level above reference range,exclude,,P,GESTDIAB,PrA
Gestational diabetes,SNOMEDCT_US,126877002,Disorder of glucose metabolism,C1257958,Glucose Metabolism Disorders,exclude,,P,GESTDIAB,PrA
Gestational diabetes,SNOMEDCT_US,33601001,Glycosylated haemoglobin A,C0019018,Glycosylated hemoglobin A,exclude,,P,GESTDIAB,PrA
Gestational diabetes,SNOMEDCT_US,103232008,Haemoglobin A1c,C0019018,Glycosylated hemoglobin A,exclude,,P,GESTDIAB,PrA
Gestational diabetes,SNOMEDCT_US,20957000,Disorder of carbohydrate metabolism,C0149670,Disorder of carbohydrate metabolism,exclude,,P,GESTDIAB,PrA
Gestational diabetes,SNOMEDCT_US,11687002,Gestational diabetes mellitus,C0085207,Gestational Diabetes,narrow,,P,GESTDIAB,PrA
Gestational diabetes,SNOMEDCT_US,199232003,Gestational diabetes mellitus,C0085207,Gestational Diabetes,narrow,,P,GESTDIAB,PrA
Gestational diabetes,SNOMEDCT_US,237629002,Gestational diabetes mellitus,C0085207,Gestational Diabetes,narrow,,P,GESTDIAB,PrA
Gestational diabetes,SNOMEDCT_US,359964007,Maternal gestational diabetes mellitus,C0085207,Gestational Diabetes,narrow,,P,GESTDIAB,PrA
Gestational diabetes,SNOMEDCT_US,393568003,Gestational diabetes mellitus,C0085207,Gestational Diabetes,narrow,,P,GESTDIAB,PrA
Gestational diabetes,SNOMEDCT_US,144187006,Blood glucose result,C0428554,Finding of blood glucose level,exclude,,P,GESTDIAB,PrA
Gestational diabetes,SNOMEDCT_US,270004003,Blood glucose result,C0428554,Finding of blood glucose level,exclude,,P,GESTDIAB,PrA
Gestational diabetes,SNOMEDCT_US,269864005,Blood glucose result,C0428554,Finding of blood glucose level,exclude,,P,GESTDIAB,PrA
Gestational diabetes,SNOMEDCT_US,166910005,Blood glucose level,C0428554,Finding of blood glucose level,exclude,,P,GESTDIAB,PrA
Gestational diabetes,SNOMEDCT_US,166913007,Blood glucose result,C0428554,Finding of blood glucose level,exclude,,P,GESTDIAB,PrA
Gestational diabetes,SNOMEDCT_US,365812005,Blood glucose level - finding,C0428554,Finding of blood glucose level,exclude,,P,GESTDIAB,PrA
Gestational diabetes,SNOMEDCT_US,144184004,Blood glucose level,C0428554,Finding of blood glucose level,exclude,,P,GESTDIAB,PrA
Gestational diabetes,SNOMEDCT_US,365813000,Blood glucose result,C0428554,Finding of blood glucose level,exclude,,P,GESTDIAB,PrA
Gestational diabetes,SNOMEDCT_US,47034004,Antidiabetic agent preparation,C0935929,Antidiabetics,exclude,,P,GESTDIAB,PrA
Gestational diabetes,SNOMEDCT_US,384953001,Antidiabetic agent,C0935929,Antidiabetics,exclude,,P,GESTDIAB,PrA
Gestational diabetes,SNOMEDCT_US,373245004,Antidiabetic agent,C0935929,Antidiabetics,exclude,,P,GESTDIAB,PrA
Gestational diabetes,SNOMEDCT_US,360254001,Antidiabetic agent,C0935929,Antidiabetics,exclude,,P,GESTDIAB,PrA
Gestational diabetes,SNOMEDCT_US,38206000,Fetal giant,C0015938,Fetal Macrosomia,exclude,,P,GESTDIAB,PrA
Gestational diabetes,SNOMEDCT_US,199228009,Diabetes mellitus in the pueperium - baby delivered during previous episode of care,C0341894,"Diabetes mellitus, postpartum",exclude,,P,GESTDIAB,PrA
Gestational diabetes,SNOMEDCT_US,199226008,Diabetes mellitus in the puerperium - baby delivered during current episode of care,C0341896,"Diabetes mellitus of mother, complicating pregnancy, childbirth, or the puerperium, delivered, with mention of postpartum complication",exclude,,P,GESTDIAB,PrA
Gestational diabetes,SNOMEDCT_US,199225007,Diabetes mellitus during pregnancy - baby delivered,C0341897,"Diabetes mellitus of mother, complicating pregnancy, childbirth, or the puerperium, delivered, with or without mention of antepartum condition",exclude,,P,GESTDIAB,PrA
Gestational diabetes,SNOMEDCT_US,207289007,[D]Hyperglycaemia,C0020456,Hyperglycemia,exclude,,P,GESTDIAB,PrA
Gestational diabetes,SNOMEDCT_US,154719004,Hyperglycaemia,C0020456,Hyperglycemia,exclude,,P,GESTDIAB,PrA
Gestational diabetes,SNOMEDCT_US,390730002,[D]Hyperglycaemia,C0020456,Hyperglycemia,exclude,,P,GESTDIAB,PrA
Gestational diabetes,SNOMEDCT_US,315299009,[D]Hyperglycaemia,C0020456,Hyperglycemia,exclude,,P,GESTDIAB,PrA
Gestational diabetes,SNOMEDCT_US,237598005,Hyperglycemic disorder,C0020456,Hyperglycemia,exclude,,P,GESTDIAB,PrA
Gestational diabetes,SNOMEDCT_US,207643008,"[X]Hyperglycaemia, unspecified",C0020456,Hyperglycemia,exclude,,P,GESTDIAB,PrA
Gestational diabetes,SNOMEDCT_US,80394007,Hyperglycemia,C0020456,Hyperglycemia,exclude,,P,GESTDIAB,PrA
Gestational diabetes,SNOMEDCT_US,39763004,"Abnormal glucose tolerance in mother complicating pregnancy, childbirth AND/OR puerperium",C0156878,"Abnormal glucose tolerance in mother complicating pregnancy, childbirth AND/OR puerperium",exclude,,P,GESTDIAB,PrA
Gestational diabetes,SNOMEDCT_US,75022004,Gestational diabetes mellitus class A1,C0271662,Gestational diabetes mellitus class A1,narrow,,P,GESTDIAB,PrA
Gestational diabetes,SNOMEDCT_US,76751001,"Diabetes mellitus in mother complicating pregnancy, childbirth AND/OR puerperium",C0341893,"Diabetes mellitus in mother complicating pregnancy, childbirth AND/OR puerperium",exclude,,P,GESTDIAB,PrA
Gestational diabetes,SNOMEDCT_US,156138000,"Diabetes mellitus during pregnancy, childbirth and the puerperium",C0341893,"Diabetes mellitus in mother complicating pregnancy, childbirth AND/OR puerperium",exclude,,P,GESTDIAB,PrA
Gestational diabetes,SNOMEDCT_US,199223000,"Diabetes mellitus during pregnancy, childbirth and the puerperium",C0341893,"Diabetes mellitus in mother complicating pregnancy, childbirth AND/OR puerperium",exclude,,P,GESTDIAB,PrA
Gestational diabetes,SNOMEDCT_US,199234002,"Diabetes mellitus during pregnancy, childbirth or the puerperium NOS",C0341893,"Diabetes mellitus in mother complicating pregnancy, childbirth AND/OR puerperium",exclude,,P,GESTDIAB,PrA
Gestational diabetes,SNOMEDCT_US,388454007,Insulin lispro-containing product,C0293359,insulin lispro,exclude,,P,GESTDIAB,PrA
Gestational diabetes,SNOMEDCT_US,412210000,Insulin lispro,C0293359,insulin lispro,exclude,,P,GESTDIAB,PrA
Gestational diabetes,SNOMEDCT_US,125703000,Insulin lispro,C0293359,insulin lispro,exclude,,P,GESTDIAB,PrA
Gestational diabetes,MDR,10018473,Glycosuria,C0017979,Glycosuria,exclude,,P,GESTDIAB,PrA
Gestational diabetes,MDR,10042453,Sugar in urine,C0017979,Glycosuria,exclude,,P,GESTDIAB,PrA
Gestational diabetes,MDR,10042455,Sugar urinary,C0017979,Glycosuria,exclude,,P,GESTDIAB,PrA
Gestational diabetes,MDR,10068405,Glucosuria,C0017979,Glycosuria,exclude,,P,GESTDIAB,PrA
Gestational diabetes,MDR,10018478,Glucose urine present,C0017979,Glycosuria,exclude,,P,GESTDIAB,PrA
Gestational diabetes,MDR,10042456,Sugar urinary present,C0017979,Glycosuria,exclude,,P,GESTDIAB,PrA
Gestational diabetes,MDR,10046678,Urine sugar positive,C0017979,Glycosuria,exclude,,P,GESTDIAB,PrA
Gestational diabetes,MDR,10012624,"Diabetes mellitus, antepartum",C0032969,Pregnancy in Diabetics,possible,,P,GESTDIAB,PrA
Gestational diabetes,MDR,10012598,Diabetes in pregnancy,C0032969,Pregnancy in Diabetics,possible,,P,GESTDIAB,PrA
Gestational diabetes,MDR,10012614,Diabetes mellitus NOS,C0011849,Diabetes Mellitus,exclude,,P,GESTDIAB,PrA
Gestational diabetes,MDR,10012601,Diabetes mellitus,C0011849,Diabetes Mellitus,exclude,,P,GESTDIAB,PrA
Gestational diabetes,MDR,10012594,Diabetes,C0011849,Diabetes Mellitus,exclude,,P,GESTDIAB,PrA
Gestational diabetes,MDR,10061023,Carbohydrate metabolism disorder,C0149670,Disorder of carbohydrate metabolism,exclude,,P,GESTDIAB,PrA
Gestational diabetes,MDR,10018210,Gestational diabetes mellitus,C0085207,Gestational Diabetes,narrow,,P,GESTDIAB,PrA
Gestational diabetes,MDR,10018209,Gestational diabetes,C0085207,Gestational Diabetes,narrow,,P,GESTDIAB,PrA
Gestational diabetes,MDR,10012606,Diabetes mellitus gestational,C0085207,Gestational Diabetes,narrow,,P,GESTDIAB,PrA
Gestational diabetes,MDR,10000143,"Abnormal glucose tolerance of mother, with delivery",C0156880,"Abnormal glucose tolerance of mother, delivered, with or without mention of antepartum condition",exclude,,P,GESTDIAB,PrA
Gestational diabetes,MDR,10000142,"Abnormal glucose tolerance of mother, postpartum",C0156883,"Abnormal glucose tolerance of mother, postpartum",exclude,,P,GESTDIAB,PrA
Gestational diabetes,MDR,10000139,"Abnormal glucose tolerance of mother, antepartum",C0156882,"Abnormal glucose tolerance of mother, antepartum",possible,,P,GESTDIAB,PrA
Gestational diabetes,MDR,10000144,"Abnormal glucose tolerance of mother, with delivery, with mention of postpartum complication",C0156881,"Abnormal glucose tolerance of mother, delivered, with mention of postpartum complication",exclude,,P,GESTDIAB,PrA
Gestational diabetes,MDR,10055189,Fetal macrosomia,C0015938,Fetal Macrosomia,exclude,,P,GESTDIAB,PrA
Gestational diabetes,MDR,10053700,Foetal macrosomia,C0015938,Fetal Macrosomia,exclude,,P,GESTDIAB,PrA
Gestational diabetes,MDR,10012625,"Diabetes mellitus, postpartum",C0341894,"Diabetes mellitus, postpartum",exclude,,P,GESTDIAB,PrA
Gestational diabetes,MDR,10012618,"Diabetes mellitus of mother, with delivery, with mention of postpartum complication",C0341896,"Diabetes mellitus of mother, complicating pregnancy, childbirth, or the puerperium, delivered, with mention of postpartum complication",exclude,,P,GESTDIAB,PrA
Gestational diabetes,MDR,10012617,"Diabetes mellitus of mother, with delivery",C0341897,"Diabetes mellitus of mother, complicating pregnancy, childbirth, or the puerperium, delivered, with or without mention of antepartum condition",exclude,,P,GESTDIAB,PrA
Gestational diabetes,MDR,10020639,Hyperglycemia,C0020456,Hyperglycemia,exclude,,P,GESTDIAB,PrA
Gestational diabetes,MDR,10020635,Hyperglycaemia,C0020456,Hyperglycemia,exclude,,P,GESTDIAB,PrA
Gestational diabetes,MDR,10020637,Hyperglycaemia NOS,C0020456,Hyperglycemia,exclude,,P,GESTDIAB,PrA
Gestational diabetes,MDR,10000141,"Abnormal glucose tolerance of mother, complicating pregnancy, childbirth, or the puerperium",C0156878,"Abnormal glucose tolerance in mother complicating pregnancy, childbirth AND/OR puerperium",exclude,,P,GESTDIAB,PrA
Gestational diabetes,MDR,10020638,Hyperglycaemic conditions NEC,C0851834,Hyperglycaemic conditions NEC,exclude,,P,GESTDIAB,PrA
Gestational diabetes,MDR,10012616,"Diabetes mellitus of mother, complicating pregnancy, childbirth, or the puerperium, unspecified as t",C0341893,"Diabetes mellitus in mother complicating pregnancy, childbirth AND/OR puerperium",exclude,,P,GESTDIAB,PrA
Gestational diabetes,MDR,10012604,"Diabetes mellitus complicating pregnancy, childbirth, or the puerperium",C0341893,"Diabetes mellitus in mother complicating pregnancy, childbirth AND/OR puerperium",exclude,,P,GESTDIAB,PrA
Gestational diabetes,MDR,10012615,"Diabetes mellitus of mother, comp pregnancy,childbirth, or the puerp, unspec as to eoc",C0341893,"Diabetes mellitus in mother complicating pregnancy, childbirth AND/OR puerperium",exclude,,P,GESTDIAB,PrA
Gestational diabetes,Free_text,GESTDIAB_narrow,(missing name),C0000000,Unassociated custom codes,narrow,,P,GESTDIAB,PrA
Gestational diabetes,Free_text,GESTDIAB_broad,(missing name),C0000000,Unassociated custom codes,possible,,P,GESTDIAB,PrA
Gestational diabetes,MTHICD9,648.03,"Diabetes mellitus, antepartum",C0032969,Pregnancy in Diabetics,possible,,P,GESTDIAB,PrA
Gestational diabetes,MTHICD9,250.0,Diabetes mellitus NOS,C0011849,Diabetes Mellitus,exclude,,P,GESTDIAB,PrA
Gestational diabetes,MTHICD9,648.81,"Abnormal glucose tolerance of mother, with delivery",C0156880,"Abnormal glucose tolerance of mother, delivered, with or without mention of antepartum condition",exclude,,P,GESTDIAB,PrA
Gestational diabetes,MTHICD9,648.84,"Abnormal glucose tolerance of mother, postpartum",C0156883,"Abnormal glucose tolerance of mother, postpartum",exclude,,P,GESTDIAB,PrA
Gestational diabetes,MTHICD9,648.83,"Abnormal glucose tolerance of mother, antepartum",C0156882,"Abnormal glucose tolerance of mother, antepartum",possible,,P,GESTDIAB,PrA
Gestational diabetes,MTHICD9,648.82,"Abnormal glucose tolerance of mother, with delivery, with mention of postpartum complication",C0156881,"Abnormal glucose tolerance of mother, delivered, with mention of postpartum complication",exclude,,P,GESTDIAB,PrA
Gestational diabetes,MTHICD9,648.04,"Diabetes mellitus, postpartum",C0341894,"Diabetes mellitus, postpartum",exclude,,P,GESTDIAB,PrA
Gestational diabetes,MTHICD9,648.02,"Diabetes mellitus of mother, with delivery, with mention of postpartum complication",C0341896,"Diabetes mellitus of mother, complicating pregnancy, childbirth, or the puerperium, delivered, with mention of postpartum complication",exclude,,P,GESTDIAB,PrA
Gestational diabetes,MTHICD9,648.01,"Diabetes mellitus of mother, with delivery",C0341897,"Diabetes mellitus of mother, complicating pregnancy, childbirth, or the puerperium, delivered, with or without mention of antepartum condition",exclude,,P,GESTDIAB,PrA
Gestational diabetes,MTHICD9,790.29,Hyperglycemia NOS,C0020456,Hyperglycemia,exclude,,P,GESTDIAB,PrA
Gestational diabetes,MTHICD9,648.80,"Abnormal glucose tolerance of mother, complicating pregnancy, childbirth, or the puerperium, unspecified as to episode of care",C0156879,"Abnormal glucose tolerance of mother, unspecified as to episode of care or not applicable",possible,,P,GESTDIAB,PrA
Gestational diabetes,MTHICD9,648.8,"Gestational diabetes complicating pregnancy, childbirth, or the puerperium",C0341893,"Diabetes mellitus in mother complicating pregnancy, childbirth AND/OR puerperium",exclude,,P,GESTDIAB,PrA
Gestational diabetes,MTHICD9,648.00,"Diabetes mellitus of mother, complicating pregnancy, childbirth, or the puerperium, unspecified as to episode of care",C0341893,"Diabetes mellitus in mother complicating pregnancy, childbirth AND/OR puerperium",exclude,,P,GESTDIAB,PrA
molar pregnancy,ICD9CMP,630,Hydatidiform mole,C0000000,Unassociated custom codes,narrow,,P,MolarPregnancy,PrA
molar pregnancy,ICD10CM,O01.9,Trophoblastic disease NOS,C2931618,Gestational trophoblastic disease,narrow,,P,MolarPregnancy,PrA
molar pregnancy,ICD10CM,O01.0,Complete hydatidiform mole,C0678213,Complete hydatidiform mole,narrow,,P,MolarPregnancy,PrA
molar pregnancy,ICD10CM,O01,Hydatidiform mole,C0020217,Hydatidiform Mole,narrow,,P,MolarPregnancy,PrA
molar pregnancy,ICD10CM,O01.1,Incomplete and partial hydatidiform mole,C0334529,"Hydatidiform Mole, Partial",narrow,,P,MolarPregnancy,PrA
molar pregnancy,ICDPC2P,W73002,Hydatidiform mole,C0000000,Unassociated custom codes,narrow,,P,MolarPregnancy,PrA
molar pregnancy,ICDPC2P,S77010,Mole;malignant,C0000000,Unassociated custom codes,narrow,,P,MolarPregnancy,PrA
molar pregnancy,ICD10DA,O01,Molagraviditet,C0020217,Hydatidiform Mole,narrow,,P,MolarPregnancy,PrA
molar pregnancy,ICD10DA,O010,Komplet mola,C0020217,Hydatidiform Mole,narrow,,P,MolarPregnancy,PrA
molar pregnancy,ICD10DA,O019A,Ektopisk mola,C0020217,Hydatidiform Mole,narrow,,P,MolarPregnancy,PrA
molar pregnancy,ICD10DA,O019,Mola UNS,C0020217,Hydatidiform Mole,narrow,,P,MolarPregnancy,PrA
molar pregnancy,ICD10DA,O011,Partiel mola,C0334529,"Hydatidiform Mole, Partial",narrow,,P,MolarPregnancy,PrA
molar pregnancy,ICD10DA,O011B,"Mola hydatidosa, inkomplet",C0334529,"Hydatidiform Mole, Partial",exclude,,P,MolarPregnancy,PrA
molar pregnancy,ICD10DA,O011A,"Mola hydatidosa, partiel",C0334529,"Hydatidiform Mole, Partial",exclude,,P,MolarPregnancy,PrA
molar pregnancy,ICD9CM,630,Hydatidiform mole,C0020217,Hydatidiform Mole,narrow,,P,MolarPregnancy,PrA
molar pregnancy,SCTSPA,44979007,mola carnosa,C0701846,Carneous mole,narrow,,P,MolarPregnancy,PrA
molar pregnancy,SCTSPA,18799007,mola hidatiforme invasora,C0008493,"Hydatidiform Mole, Invasive",narrow,,P,MolarPregnancy,PrA
molar pregnancy,SCTSPA,416669000,mola hidatiforme invasora,C0008493,"Hydatidiform Mole, Invasive",narrow,,P,MolarPregnancy,PrA
molar pregnancy,SCTSPA,75320001,tumor trofoblástico de sitio placentario,C0206666,"Trophoblastic Tumor, Placental Site",narrow,,P,MolarPregnancy,PrA
molar pregnancy,SCTSPA,237252008,tumor trofoblástico en el sitio placentario,C0206666,"Trophoblastic Tumor, Placental Site",narrow,,P,MolarPregnancy,PrA
molar pregnancy,SCTSPA,399669007,"coriocarcinoma, monofásico",C1275871,"Choriocarcinoma, monophasic",narrow,,P,MolarPregnancy,PrA
molar pregnancy,SCTSPA,399380001,coriocarcinoma bifásico,C1275855,"Choriocarcinoma, biphasic",narrow,,P,MolarPregnancy,PrA
molar pregnancy,SCTSPA,609518007,enfermedad trofoblática gestacional,C2931618,Gestational trophoblastic disease,narrow,,P,MolarPregnancy,PrA
molar pregnancy,SCTSPA,416402001,enfermedad trofoblástica gestacional,C2931618,Gestational trophoblastic disease,narrow,,P,MolarPregnancy,PrA
molar pregnancy,SCTSPA,1156971005,coriocarcinoma,C0008497,Choriocarcinoma,narrow,,P,MolarPregnancy,PrA
molar pregnancy,SCTSPA,417044008,"mola hidatiforme, benigna",C0549315,"Hydatidiform mole, benign",narrow,,P,MolarPregnancy,PrA
molar pregnancy,SCTSPA,417271000,mola hidatiforme benigna,C0549315,"Hydatidiform mole, benign",narrow,,P,MolarPregnancy,PrA
molar pregnancy,SCTSPA,237249000,mola hidatídica completa,C0678213,Complete hydatidiform mole,narrow,,P,MolarPregnancy,PrA
molar pregnancy,SCTSPA,1156973008,mola hidatiforme completa benigna,C5548499,Benign complete hydatidiform mole,narrow,,P,MolarPregnancy,PrA
molar pregnancy,SCTSPA,609517002,neoplasia trofoblástica gestacional,C1135868,Gestational Trophoblastic Neoplasms,narrow,,P,MolarPregnancy,PrA
molar pregnancy,SCTSPA,609519004,neoplasia trofoblástica gestacional,C1135868,Gestational Trophoblastic Neoplasms,narrow,,P,MolarPregnancy,PrA
molar pregnancy,SCTSPA,399479003,"tumor maligno trofoblástico, no se puede determinar el tipo",C1302439,"Malignant trophoblastic tumor, type cannot be determined",narrow,,P,MolarPregnancy,PrA
molar pregnancy,SCTSPA,189857001,coriocarcinoma combinado con teratoma,C0600067,Choriocarcinoma combined with teratoma,narrow,,P,MolarPregnancy,PrA
molar pregnancy,SCTSPA,8734000,coriocarcinoma combinado con teratoma,C0600067,Choriocarcinoma combined with teratoma,narrow,,P,MolarPregnancy,PrA
molar pregnancy,SCTSPA,445149007,enfermedad trofoblástica residual,C2919458,Residual trophoblastic disease,narrow,,P,MolarPregnancy,PrA
molar pregnancy,SCTSPA,417570003,coriocarcinoma gestacional,C0349557,Gestational choriocarcinoma,narrow,,P,MolarPregnancy,PrA
molar pregnancy,SCTSPA,609515005,tumor trofoblástico epitelioide,C1266159,"Trophoblastic tumor, epithelioid",narrow,,P,MolarPregnancy,PrA
molar pregnancy,SCTSPA,128767001,tumor trofoblástico epitelioide,C1266159,"Trophoblastic tumor, epithelioid",narrow,,P,MolarPregnancy,PrA
molar pregnancy,SCTSPA,65646006,teratoma trofoblástico maligno,C0334528,Malignant Trophoblastic Teratoma,narrow,,P,MolarPregnancy,PrA
molar pregnancy,SCTSPA,115234004,neoplasia trofoblástica,C0041182,Trophoblastic Neoplasms,narrow,,P,MolarPregnancy,PrA
molar pregnancy,SCTSPA,51793002,mola hidatiforme parcial,C0334529,"Hydatidiform Mole, Partial",narrow,,P,MolarPregnancy,PrA
molar pregnancy,SCTSPA,237250000,mola hidatiforme parcial,C0334529,"Hydatidiform Mole, Partial",narrow,,P,MolarPregnancy,PrA
molar pregnancy,SCTSPA,370079006,"coriocarcinoma, metastásico",C1298201,"Choriocarcinoma, metastatic",narrow,,P,MolarPregnancy,PrA
molar pregnancy,RCD2,L000.,Classical hydatidiform mole,C0020217,Hydatidiform Mole,narrow,,P,MolarPregnancy,PrA
molar pregnancy,SNOMEDCT_US,44979007,Carneous mole,C0701846,Carneous mole,narrow,,P,MolarPregnancy,PrA
molar pregnancy,SNOMEDCT_US,18799007,Invasive hydatidiform mole,C0008493,"Hydatidiform Mole, Invasive",narrow,,P,MolarPregnancy,PrA
molar pregnancy,SNOMEDCT_US,416669000,Invasive hydatidiform mole,C0008493,"Hydatidiform Mole, Invasive",narrow,,P,MolarPregnancy,PrA
molar pregnancy,SNOMEDCT_US,75320001,Placental site trophoblastic tumor,C0206666,"Trophoblastic Tumor, Placental Site",narrow,,P,MolarPregnancy,PrA
molar pregnancy,SNOMEDCT_US,237252008,Placental site trophoblastic tumor,C0206666,"Trophoblastic Tumor, Placental Site",narrow,,P,MolarPregnancy,PrA
molar pregnancy,SNOMEDCT_US,399669007,"Choriocarcinoma, monophasic",C1275871,"Choriocarcinoma, monophasic",narrow,,P,MolarPregnancy,PrA
molar pregnancy,SNOMEDCT_US,399380001,"Choriocarcinoma, biphasic",C1275855,"Choriocarcinoma, biphasic",narrow,,P,MolarPregnancy,PrA
molar pregnancy,SNOMEDCT_US,609518007,Gestational trophoblastic disease,C2931618,Gestational trophoblastic disease,narrow,,P,MolarPregnancy,PrA
molar pregnancy,SNOMEDCT_US,416402001,Gestational trophoblastic disease,C2931618,Gestational trophoblastic disease,narrow,,P,MolarPregnancy,PrA
molar pregnancy,SNOMEDCT_US,1156971005,Choriocarcinoma,C0008497,Choriocarcinoma,narrow,,P,MolarPregnancy,PrA
molar pregnancy,SNOMEDCT_US,417044008,"Hydatidiform mole, benign",C0549315,"Hydatidiform mole, benign",narrow,,P,MolarPregnancy,PrA
molar pregnancy,SNOMEDCT_US,417271000,"Hydatidiform mole, benign",C0549315,"Hydatidiform mole, benign",narrow,,P,MolarPregnancy,PrA
molar pregnancy,SNOMEDCT_US,237249000,Complete hydatidiform mole,C0678213,Complete hydatidiform mole,narrow,,P,MolarPregnancy,PrA
molar pregnancy,SNOMEDCT_US,1156973008,Benign complete hydatidiform mole,C5548499,Benign complete hydatidiform mole,narrow,,P,MolarPregnancy,PrA
molar pregnancy,SNOMEDCT_US,609517002,Gestational trophoblastic neoplasia,C1135868,Gestational Trophoblastic Neoplasms,narrow,,P,MolarPregnancy,PrA
molar pregnancy,SNOMEDCT_US,609519004,Gestational trophoblastic neoplasia,C1135868,Gestational Trophoblastic Neoplasms,narrow,,P,MolarPregnancy,PrA
molar pregnancy,SNOMEDCT_US,399479003,"Malignant trophoblastic tumor, type cannot be determined",C1302439,"Malignant trophoblastic tumor, type cannot be determined",narrow,,P,MolarPregnancy,PrA
molar pregnancy,SNOMEDCT_US,189857001,Choriocarcinoma combined with teratoma,C0600067,Choriocarcinoma combined with teratoma,narrow,,P,MolarPregnancy,PrA
molar pregnancy,SNOMEDCT_US,8734000,Choriocarcinoma combined with teratoma,C0600067,Choriocarcinoma combined with teratoma,narrow,,P,MolarPregnancy,PrA
molar pregnancy,SNOMEDCT_US,445149007,Residual trophoblastic disease,C2919458,Residual trophoblastic disease,narrow,,P,MolarPregnancy,PrA
molar pregnancy,SNOMEDCT_US,417570003,Gestational choriocarcinoma,C0349557,Gestational choriocarcinoma,narrow,,P,MolarPregnancy,PrA
molar pregnancy,SNOMEDCT_US,417057000,Gestational choriocarcinoma,C0349557,Gestational choriocarcinoma,narrow,,P,MolarPregnancy,PrA
molar pregnancy,SNOMEDCT_US,609515005,Epithelioid trophoblastic tumor,C1266159,"Trophoblastic tumor, epithelioid",narrow,,P,MolarPregnancy,PrA
molar pregnancy,SNOMEDCT_US,128767001,"Trophoblastic tumor, epithelioid",C1266159,"Trophoblastic tumor, epithelioid",narrow,,P,MolarPregnancy,PrA
molar pregnancy,SNOMEDCT_US,65646006,"Malignant teratoma, trophoblastic",C0334528,Malignant Trophoblastic Teratoma,narrow,,P,MolarPregnancy,PrA
molar pregnancy,SNOMEDCT_US,115234004,Trophoblastic neoplasm,C0041182,Trophoblastic Neoplasms,narrow,,P,MolarPregnancy,PrA
molar pregnancy,SNOMEDCT_US,51793002,Partial hydatidiform mole,C0334529,"Hydatidiform Mole, Partial",narrow,,P,MolarPregnancy,PrA
molar pregnancy,SNOMEDCT_US,237250000,Partial hydatidiform mole,C0334529,"Hydatidiform Mole, Partial",narrow,,P,MolarPregnancy,PrA
molar pregnancy,SNOMEDCT_US,370079006,"Choriocarcinoma, metastatic",C1298201,"Choriocarcinoma, metastatic",narrow,,P,MolarPregnancy,PrA
molar pregnancy,ICD10_2019,O01,Hydatidiform mole,C0020217,Hydatidiform Mole,narrow,,P,MolarPregnancy,PrA
molar pregnancy,ICD10_2019,O01.9,"Hydatidiform mole, unspecified",C0020217,Hydatidiform Mole,narrow,,P,MolarPregnancy,PrA
molar pregnancy,ICD10_2019,O01.1,Incomplete and partial hydatidiform mole,C0020217,Hydatidiform Mole,narrow,,P,MolarPregnancy,PrA
molar pregnancy,ICD10_2019,O01.0,Classical hydatidiform mole,C0020217,Hydatidiform Mole,narrow,,P,MolarPregnancy,PrA
molar pregnancy,ICD10,O01,Hydatidiform mole,C0020217,Hydatidiform Mole,narrow,,P,MolarPregnancy,PrA
molar pregnancy,ICD10,O01.9,"Hydatidiform mole, unspecified",C0020217,Hydatidiform Mole,narrow,,P,MolarPregnancy,PrA
molar pregnancy,ICD10,O01.0,Classical hydatidiform mole,C0020217,Hydatidiform Mole,narrow,,P,MolarPregnancy,PrA
molar pregnancy,ICD10,O01.1,Incomplete and partial hydatidiform mole,C0334529,"Hydatidiform Mole, Partial",narrow,,P,MolarPregnancy,PrA
molar pregnancy,MTHICD9,630,Trophoblastic disease NOS,C2931618,Gestational trophoblastic disease,narrow,,P,MolarPregnancy,PrA
Preeclampsia,ICD9CMP,642.43,Mild or unspecified pre-eclampsia- antepartum condition or complication,C0000000,Unassociated custom codes,narrow,,P,PREECLAMP,PrA
Preeclampsia,ICD9CMP,642.53,Severe pre-eclampsia- antepartum condition or complication,C0000000,Unassociated custom codes,narrow,,P,PREECLAMP,PrA
Preeclampsia,ICD9CMP,642.33,Transient hypertension of pregnancy- antepartum condition or complication,C0000000,Unassociated custom codes,possible,,P,PREECLAMP,PrA
Preeclampsia,ICD9CMP,642.3,Transient hypertension of pregnancy,C0000000,Unassociated custom codes,possible,,P,PREECLAMP,PrA
Preeclampsia,ICD9CMP,642.5,Severe pre-eclampsia,C0000000,Unassociated custom codes,narrow,,P,PREECLAMP,PrA
Preeclampsia,ICD9CMP,642.4,Mild or unspecified pre-eclampsia,C0000000,Unassociated custom codes,narrow,,P,PREECLAMP,PrA
Preeclampsia,ICD9CMP,646.23,Unspecified renal disease in pregnancy- without mention of hypertension- antepartum condition or complication,C0000000,Unassociated custom codes,possible,,P,PREECLAMP,PrA
Preeclampsia,ICD9CMP,642.50,Severe pre-eclampsia- unspecified as to episode of care or not applicable,C0000000,Unassociated custom codes,narrow,,P,PREECLAMP,PrA
Preeclampsia,ICD9CMP,642.6,Eclampsia,C0000000,Unassociated custom codes,narrow,,P,PREECLAMP,PrA
Preeclampsia,ICD9CMP,642.60,Severe pre-eclampsia- unspecified as to episode of care or not applicable,C0000000,Unassociated custom codes,narrow,,P,PREECLAMP,PrA
Preeclampsia,ICD9CMP,646.2,Unspecified renal disease in pregnancy- without mention of hypertension,C0000000,Unassociated custom codes,possible,,P,PREECLAMP,PrA
Preeclampsia,ICD9CMP,642.63,Eclampsia- antepartum condition or complication,C0000000,Unassociated custom codes,narrow,,P,PREECLAMP,PrA
Preeclampsia,ICD9CMP,642.30,Transient hypertension of pregnancy- unspecified as to episode of care or not applicable,C0000000,Unassociated custom codes,possible,,P,PREECLAMP,PrA
Preeclampsia,ICD9CMP,642.40,Mild or unspecified pre-eclampsia- unspecified as to episode of care or not applicable,C0000000,Unassociated custom codes,narrow,,P,PREECLAMP,PrA
Preeclampsia,ICD9CMP,646.20,Unspecified renal disease in pregnancy- without mention of hypertension- unspecified as to episode of care or not applicable,C0000000,Unassociated custom codes,possible,,P,PREECLAMP,PrA
Preeclampsia,ICD10CM,O12,Gestational edema and proteinuria without hypertension,C0475567,Pregnancy-induced edema and proteinuria without hypertension,possible,,P,PREECLAMP,PrA
Preeclampsia,ICD10CM,O10.0,"Pre-existing essential hypertension complicating pregnancy, childbirth and the puerperium",C0495174,"Pre-existing essential hypertension complicating pregnancy, childbirth and the puerperium",exclude,,P,PREECLAMP,PrA
Preeclampsia,ICD10CM,O14.1,Severe pre-eclampsia,C0341950,Severe pre-eclampsia,narrow,,P,PREECLAMP,PrA
Preeclampsia,ICD10CM,O15.2,Eclampsia complicating the puerperium,C4269000,Eclampsia complicating the puerperium,exclude,,P,PREECLAMP,PrA
Preeclampsia,ICD10CM,O13,gestational hypertension NOS,C0495180,Gestational [pregnancy-induced] hypertension without significant proteinuria,possible,,P,PREECLAMP,PrA
Preeclampsia,ICD10CM,O13.9,"Gestational [pregnancy-induced] hypertension without significant proteinuria, unspecified trimester",C0495180,Gestational [pregnancy-induced] hypertension without significant proteinuria,possible,,P,PREECLAMP,PrA
Preeclampsia,ICD10CM,O12.2,Gestational edema with proteinuria,C0475548,Gestational edema with proteinuria,possible,,P,PREECLAMP,PrA
Preeclampsia,ICD10CM,O12.0,Gestational edema,C0341960,Gestational edema,possible,,P,PREECLAMP,PrA
Preeclampsia,ICD10CM,O14,Pre-eclampsia,C0032914,Pre-Eclampsia,narrow,,P,PREECLAMP,PrA
Preeclampsia,ICD10CM,O14.90,"Unspecified pre-eclampsia, unspecified trimester",C0032914,Pre-Eclampsia,narrow,,P,PREECLAMP,PrA
Preeclampsia,ICD10CM,O14.9,Unspecified pre-eclampsia,C0032914,Pre-Eclampsia,narrow,,P,PREECLAMP,PrA
Preeclampsia,ICD10CM,O14.2,HELLP syndrome,C0162739,HELLP Syndrome,narrow,,P,PREECLAMP,PrA
Preeclampsia,ICD10CM,O14.93,"Unspecified pre-eclampsia, third trimester",C2903584,"Unspecified pre-eclampsia, third trimester",narrow,,P,PREECLAMP,PrA
Preeclampsia,ICD10CM,O14.23,"HELLP syndrome (HELLP), third trimester",C2903582,"HELLP syndrome (HELLP), third trimester",possible,,P,PREECLAMP,PrA
Preeclampsia,ICD10CM,O14.92,"Unspecified pre-eclampsia, second trimester",C2903583,"Unspecified pre-eclampsia, second trimester",narrow,,P,PREECLAMP,PrA
Preeclampsia,ICD10CM,O14.20,"HELLP syndrome (HELLP), unspecified trimester",C2903580,"HELLP syndrome (HELLP), unspecified trimester",narrow,,P,PREECLAMP,PrA
Preeclampsia,ICD10CM,O14.22,"HELLP syndrome (HELLP), second trimester",C2903581,"HELLP syndrome (HELLP), second trimester",narrow,,P,PREECLAMP,PrA
Preeclampsia,ICD10CM,O14.00,"Mild to moderate pre-eclampsia, unspecified trimester",C2977272,"Mild to moderate pre-eclampsia, unspecified trimester",narrow,,P,PREECLAMP,PrA
Preeclampsia,ICD10CM,O14.0,Mild to moderate pre-eclampsia,C2977271,Mild to moderate pre-eclampsia,narrow,,P,PREECLAMP,PrA
Preeclampsia,ICD10CM,O14.03,"Mild to moderate pre-eclampsia, third trimester",C2903575,"Mild to moderate pre-eclampsia, third trimester",narrow,,P,PREECLAMP,PrA
Preeclampsia,ICD10CM,O14.10,"Severe pre-eclampsia, unspecified trimester",C2903576,"Severe pre-eclampsia, unspecified trimester",narrow,,P,PREECLAMP,PrA
Preeclampsia,ICD10CM,O13.3,"Gestational [pregnancy-induced] hypertension without significant proteinuria, third trimester",C2903573,"Gestational [pregnancy-induced] hypertension without significant proteinuria, third trimester",possible,,P,PREECLAMP,PrA
Preeclampsia,ICD10CM,O14.02,"Mild to moderate pre-eclampsia, second trimester",C2903574,"Mild to moderate pre-eclampsia, second trimester",narrow,,P,PREECLAMP,PrA
Preeclampsia,ICD10CM,O13.1,"Gestational [pregnancy-induced] hypertension without significant proteinuria, first trimester",C2903571,"Gestational [pregnancy-induced] hypertension without significant proteinuria, first trimester",possible,,P,PREECLAMP,PrA
Preeclampsia,ICD10CM,O13.2,"Gestational [pregnancy-induced] hypertension without significant proteinuria, second trimester",C2903572,"Gestational [pregnancy-induced] hypertension without significant proteinuria, second trimester",possible,,P,PREECLAMP,PrA
Preeclampsia,ICD10CM,O12.23,"Gestational edema with proteinuria, third trimester",C2903570,"Gestational edema with proteinuria, third trimester",possible,,P,PREECLAMP,PrA
Preeclampsia,ICD10CM,O12.14,"Gestational proteinuria, complicating childbirth",C4268982,"Gestational proteinuria, complicating childbirth",exclude,,P,PREECLAMP,PrA
Preeclampsia,ICD10CM,O12.15,"Gestational proteinuria, complicating the puerperium",C4268983,"Gestational proteinuria, complicating the puerperium",exclude,,P,PREECLAMP,PrA
Preeclampsia,ICD10CM,O12.24,"Gestational edema with proteinuria, complicating childbirth",C4268984,"Gestational edema with proteinuria, complicating childbirth",exclude,,P,PREECLAMP,PrA
Preeclampsia,ICD10CM,O12.25,"Gestational edema with proteinuria, complicating the puerperium",C4268985,"Gestational edema with proteinuria, complicating the puerperium",exclude,,P,PREECLAMP,PrA
Preeclampsia,ICD10CM,O13.4,"Gestational [pregnancy-induced] hypertension without significant proteinuria, complicating childbirth",C4268986,"Gestational [pregnancy-induced] hypertension without significant proteinuria, complicating childbirth",exclude,,P,PREECLAMP,PrA
Preeclampsia,ICD10CM,O14.12,"Severe pre-eclampsia, second trimester",C2903577,"Severe pre-eclampsia, second trimester",narrow,,P,PREECLAMP,PrA
Preeclampsia,ICD10CM,O14.04,"Mild to moderate pre-eclampsia, complicating childbirth",C4268988,"Mild to moderate pre-eclampsia, complicating childbirth",exclude,,P,PREECLAMP,PrA
Preeclampsia,ICD10CM,O14.13,"Severe pre-eclampsia, third trimester",C2903578,"Severe pre-eclampsia, third trimester",narrow,,P,PREECLAMP,PrA
Preeclampsia,ICD10CM,O14.05,"Mild to moderate pre-eclampsia, complicating the puerperium",C4268989,"Mild to moderate pre-eclampsia, complicating the puerperium",exclude,,P,PREECLAMP,PrA
Preeclampsia,ICD10CM,O12.04,"Gestational edema, complicating childbirth",C4268980,"Gestational edema, complicating childbirth",exclude,,P,PREECLAMP,PrA
Preeclampsia,ICD10CM,O12.05,"Gestational edema, complicating the puerperium",C4268981,"Gestational edema, complicating the puerperium",exclude,,P,PREECLAMP,PrA
Preeclampsia,ICD10CM,O15,Eclampsia,C0013537,Eclampsia,narrow,,P,PREECLAMP,PrA
Preeclampsia,ICD10CM,O15.9,"Eclampsia, unspecified as to time period",C0013537,Eclampsia,narrow,,P,PREECLAMP,PrA
Preeclampsia,ICD10CM,O12.11,"Gestational proteinuria, first trimester",C2903564,"Gestational proteinuria, first trimester",possible,,P,PREECLAMP,PrA
Preeclampsia,ICD10CM,O12.12,"Gestational proteinuria, second trimester",C2903565,"Gestational proteinuria, second trimester",possible,,P,PREECLAMP,PrA
Preeclampsia,ICD10CM,O12.03,"Gestational edema, third trimester",C2903562,"Gestational edema, third trimester",possible,,P,PREECLAMP,PrA
Preeclampsia,ICD10CM,O12.10,"Gestational proteinuria, unspecified trimester",C2903563,"Gestational proteinuria, unspecified trimester",possible,,P,PREECLAMP,PrA
Preeclampsia,ICD10CM,O12.01,"Gestational edema, first trimester",C2903560,"Gestational edema, first trimester",possible,,P,PREECLAMP,PrA
Preeclampsia,ICD10CM,O12.02,"Gestational edema, second trimester",C2903561,"Gestational edema, second trimester",possible,,P,PREECLAMP,PrA
Preeclampsia,ICD10CM,O14.25,"HELLP syndrome, complicating the puerperium",C4268993,"HELLP syndrome, complicating the puerperium",exclude,,P,PREECLAMP,PrA
Preeclampsia,ICD10CM,O14.94,"Unspecified pre-eclampsia, complicating childbirth",C4268994,"Unspecified pre-eclampsia, complicating childbirth",exclude,,P,PREECLAMP,PrA
Preeclampsia,ICD10CM,O14.95,"Unspecified pre-eclampsia, complicating the puerperium",C4268995,"Unspecified pre-eclampsia, complicating the puerperium",exclude,,P,PREECLAMP,PrA
Preeclampsia,ICD10CM,O15.00,"Eclampsia complicating pregnancy, unspecified trimester",C4268996,"Eclampsia complicating pregnancy, unspecified trimester",narrow,,P,PREECLAMP,PrA
Preeclampsia,ICD10CM,O12.21,"Gestational edema with proteinuria, first trimester",C2903568,"Gestational edema with proteinuria, first trimester",possible,,P,PREECLAMP,PrA
Preeclampsia,ICD10CM,O15.02,"Eclampsia complicating pregnancy, second trimester",C4268997,"Eclampsia complicating pregnancy, second trimester",narrow,,P,PREECLAMP,PrA
Preeclampsia,ICD10CM,O12.22,"Gestational edema with proteinuria, second trimester",C2903569,"Gestational edema with proteinuria, second trimester",possible,,P,PREECLAMP,PrA
Preeclampsia,ICD10CM,O15.03,"Eclampsia complicating pregnancy, third trimester",C4268998,"Eclampsia complicating pregnancy, third trimester",narrow,,P,PREECLAMP,PrA
Preeclampsia,ICD10CM,O12.13,"Gestational proteinuria, third trimester",C2903566,"Gestational proteinuria, third trimester",possible,,P,PREECLAMP,PrA
Preeclampsia,ICD10CM,O15.1,Eclampsia complicating labor,C4268999,Eclampsia complicating labor,narrow,,P,PREECLAMP,PrA
Preeclampsia,ICD10CM,O12.20,"Gestational edema with proteinuria, unspecified trimester",C2903567,"Gestational edema with proteinuria, unspecified trimester",possible,,P,PREECLAMP,PrA
Preeclampsia,ICD10CM,O14.14,Severe pre-eclampsia complicating childbirth,C4268990,Severe pre-eclampsia complicating childbirth,exclude,,P,PREECLAMP,PrA
Preeclampsia,ICD10CM,O14.15,"Severe pre-eclampsia, complicating the puerperium",C4268991,"Severe pre-eclampsia, complicating the puerperium",exclude,,P,PREECLAMP,PrA
Preeclampsia,ICD10CM,O14.24,"HELLP syndrome, complicating childbirth",C4268992,"HELLP syndrome, complicating childbirth",exclude,,P,PREECLAMP,PrA
Preeclampsia,ICD10CM,O12.00,"Gestational edema, unspecified trimester",C2903559,"Gestational edema, unspecified trimester",possible,,P,PREECLAMP,PrA
Preeclampsia,ICD10CM,O15.0,Eclampsia complicating pregnancy,C1391483,eclampsia; complicating pregnancy,narrow,,P,PREECLAMP,PrA
Preeclampsia,ICD10CM,O12.1,Gestational proteinuria,C0269674,Gestational proteinuria,possible,,P,PREECLAMP,PrA
Preeclampsia,ICPC2EENG,W81,Toxaemia of pregnancy,C0032914,Pre-Eclampsia,narrow,,P,PREECLAMP,PrA
Preeclampsia,ICD10_2019,O10.0,"Pre-existing essential hypertension complicating pregnancy, childbirth and the puerperium",C0085580,Essential Hypertension,exclude,,P,PREECLAMP,PrA
Preeclampsia,ICD10_2019,O15.00,"Eclampsia complicating pregnancy, unspecified trimester",C0000000,Unassociated custom codes,narrow,,P,PREECLAMP,PrA
Preeclampsia,ICD10_2019,O14.95,"Unspecified pre-eclampsia, complicating the puerperium",C0000000,Unassociated custom codes,exclude,,P,PREECLAMP,PrA
Preeclampsia,ICD10_2019,O14.10,"Severe pre-eclampsia, unspecified trimester",C0000000,Unassociated custom codes,narrow,,P,PREECLAMP,PrA
Preeclampsia,ICD10_2019,O15.03,"Eclampsia complicating pregnancy, third trimester",C0000000,Unassociated custom codes,narrow,,P,PREECLAMP,PrA
Preeclampsia,ICD10_2019,O14.12,"Severe pre-eclampsia, second trimester",C0000000,Unassociated custom codes,narrow,,P,PREECLAMP,PrA
Preeclampsia,ICD10_2019,O12.10,"Gestational proteinuria, unspecified trimester",C0000000,Unassociated custom codes,possible,,P,PREECLAMP,PrA
Preeclampsia,ICD10_2019,O12.11,"Gestational proteinuria, first trimester",C0000000,Unassociated custom codes,possible,,P,PREECLAMP,PrA
Preeclampsia,ICD10_2019,O14.14,Severe pre-eclampsia complicating childbirth,C0000000,Unassociated custom codes,exclude,,P,PREECLAMP,PrA
Preeclampsia,ICD10_2019,O12.12,"Gestational proteinuria, second trimester",C0000000,Unassociated custom codes,possible,,P,PREECLAMP,PrA
Preeclampsia,ICD10_2019,O15.02,"Eclampsia complicating pregnancy, second trimester",C0000000,Unassociated custom codes,narrow,,P,PREECLAMP,PrA
Preeclampsia,ICD10_2019,O14.13,"Severe pre-eclampsia, third trimester",C0000000,Unassociated custom codes,narrow,,P,PREECLAMP,PrA
Preeclampsia,ICD10_2019,O14.90,"Unspecified pre-eclampsia, unspecified trimester",C0000000,Unassociated custom codes,narrow,,P,PREECLAMP,PrA
Preeclampsia,ICD10_2019,O14.92,"Unspecified pre-eclampsia, second trimester",C0000000,Unassociated custom codes,narrow,,P,PREECLAMP,PrA
Preeclampsia,ICD10_2019,O14.94,"Unspecified pre-eclampsia, complicating childbirth",C0000000,Unassociated custom codes,exclude,,P,PREECLAMP,PrA
Preeclampsia,ICD10_2019,O14.93,"Unspecified pre-eclampsia, third trimester",C0000000,Unassociated custom codes,narrow,,P,PREECLAMP,PrA
Preeclampsia,ICD10_2019,O12.02,"Gestational edema, second trimester",C0000000,Unassociated custom codes,possible,,P,PREECLAMP,PrA
Preeclampsia,ICD10_2019,O12.24,"Gestational edema with proteinuria, complicating childbirth",C0000000,Unassociated custom codes,exclude,,P,PREECLAMP,PrA
Preeclampsia,ICD10_2019,O14.05,"Mild to moderate pre-eclampsia, complicating the puerperium",C0000000,Unassociated custom codes,exclude,,P,PREECLAMP,PrA
Preeclampsia,ICD10_2019,O12.03,"Gestational edema, third trimester",C0000000,Unassociated custom codes,possible,,P,PREECLAMP,PrA
Preeclampsia,ICD10_2019,O12.25,"Gestational edema with proteinuria, complicating the puerperium",C0000000,Unassociated custom codes,exclude,,P,PREECLAMP,PrA
Preeclampsia,ICD10_2019,O14.04,"Mild to moderate pre-eclampsia, complicating childbirth",C0000000,Unassociated custom codes,exclude,,P,PREECLAMP,PrA
Preeclampsia,ICD10_2019,O12.04,Gestational edema complicating childbirt,C0000000,Unassociated custom codes,exclude,,P,PREECLAMP,PrA
Preeclampsia,ICD10_2019,O12.05,"Gestational edema, complicating the puerperium",C0000000,Unassociated custom codes,exclude,,P,PREECLAMP,PrA
Preeclampsia,ICD10_2019,O14.20,"HELLP syndrome (HELLP), unspecified trimester",C0000000,Unassociated custom codes,narrow,,P,PREECLAMP,PrA
Preeclampsia,ICD10_2019,O12.20,"Gestational edema with proteinuria, unspecified trimester",C0000000,Unassociated custom codes,possible,,P,PREECLAMP,PrA
Preeclampsia,ICD10_2019,O14.23,"HELLP syndrome (HELLP), third trimester",C0000000,Unassociated custom codes,possible,,P,PREECLAMP,PrA
Preeclampsia,ICD10_2019,O12.21,"Gestational edema with proteinuria, first trimester",C0000000,Unassociated custom codes,possible,,P,PREECLAMP,PrA
Preeclampsia,ICD10_2019,O14.00,"Mild to moderate pre-eclampsia, unspecified trimester",C0000000,Unassociated custom codes,narrow,,P,PREECLAMP,PrA
Preeclampsia,ICD10_2019,O14.22,"HELLP syndrome (HELLP), second trimester",C0000000,Unassociated custom codes,narrow,,P,PREECLAMP,PrA
Preeclampsia,ICD10_2019,O12.22,"Gestational edema with proteinuria, second trimester",C0000000,Unassociated custom codes,possible,,P,PREECLAMP,PrA
Preeclampsia,ICD10_2019,O14.03,"Mild to moderate pre-eclampsia, third trimester",C0000000,Unassociated custom codes,narrow,,P,PREECLAMP,PrA
Preeclampsia,ICD10_2019,O12.00,"Gestational edema, unspecified trimester",C0000000,Unassociated custom codes,possible,,P,PREECLAMP,PrA
Preeclampsia,ICD10_2019,O14.25,"HELLP syndrome, complicating the puerperium",C0000000,Unassociated custom codes,exclude,,P,PREECLAMP,PrA
Preeclampsia,ICD10_2019,O12.23,"Gestational edema with proteinuria, third trimester",C0000000,Unassociated custom codes,possible,,P,PREECLAMP,PrA
Preeclampsia,ICD10_2019,O14.02,"Mild to moderate pre-eclampsia, second trimester",C0000000,Unassociated custom codes,narrow,,P,PREECLAMP,PrA
Preeclampsia,ICD10_2019,O12.01,"Gestational edema, first trimester",C0000000,Unassociated custom codes,possible,,P,PREECLAMP,PrA
Preeclampsia,ICD10_2019,O14.24,HELLP syndrome complicating childbirth,C0000000,Unassociated custom codes,exclude,,P,PREECLAMP,PrA
Preeclampsia,ICD10_2019,O12.13,"Gestational proteinuria, third trimester",C0000000,Unassociated custom codes,possible,,P,PREECLAMP,PrA
Preeclampsia,ICD10_2019,O12.14,"Gestational proteinuria, complicating childbirth",C0000000,Unassociated custom codes,exclude,,P,PREECLAMP,PrA
Preeclampsia,ICD10_2019,O14.15,"Severe pre-eclampsia, complicating the puerperium",C0000000,Unassociated custom codes,exclude,,P,PREECLAMP,PrA
Preeclampsia,ICD10_2019,O12.15,"Gestational proteinuria, complicating the puerperium",C0000000,Unassociated custom codes,exclude,,P,PREECLAMP,PrA
Preeclampsia,ICD10_2019,O12,Gestational [pregnancy-induced] oedema and proteinuria without hypertension,C0341960,Gestational edema,narrow,,P,PREECLAMP,PrA
Preeclampsia,ICD10_2019,O12.0,Gestational oedema,C0341960,Gestational edema,narrow,,P,PREECLAMP,PrA
Preeclampsia,ICD10_2019,O12.2,Gestational oedema with proteinuria,C0341960,Gestational edema,narrow,,P,PREECLAMP,PrA
Preeclampsia,ICD10_2019,O14,Pre-eclampsia,C0032914,Pre-Eclampsia,possible,,P,PREECLAMP,PrA
Preeclampsia,ICD10_2019,O14.0,Mild to moderate pre-eclampsia,C0032914,Pre-Eclampsia,narrow,,P,PREECLAMP,PrA
Preeclampsia,ICD10_2019,O14.9,"Pre-eclampsia, unspecified",C0032914,Pre-Eclampsia,narrow,,P,PREECLAMP,PrA
Preeclampsia,ICD10_2019,O14.2,HELLP syndrome,C0162739,HELLP Syndrome,narrow,,P,PREECLAMP,PrA
Preeclampsia,ICD10_2019,O12.1,Gestational proteinuria,C0033687,Proteinuria,possible,,P,PREECLAMP,PrA
Preeclampsia,ICD10_2019,O15,Eclampsia,C0013537,Eclampsia,narrow,,P,PREECLAMP,PrA
Preeclampsia,ICD10_2019,O15.0,Eclampsia in pregnancy,C0013537,Eclampsia,narrow,,P,PREECLAMP,PrA
Preeclampsia,ICD10_2019,O15.9,"Eclampsia, unspecified as to time period",C0013537,Eclampsia,narrow,,P,PREECLAMP,PrA
Preeclampsia,ICD10_2019,O14.1,Severe pre-eclampsia,C5577865,Pre-eclampsia with severe features,narrow,,P,PREECLAMP,PrA
Preeclampsia,ICPC2P,W81009,Oedema;pregnancy,C0341960,Gestational edema,possible,,P,PREECLAMP,PrA
Preeclampsia,ICPC2P,W29008,Edema;pregnancy,C0341960,Gestational edema,narrow,,P,PREECLAMP,PrA
Preeclampsia,ICPC2P,W81004,Pre-eclampsia,C0032914,Pre-Eclampsia,narrow,,P,PREECLAMP,PrA
Preeclampsia,ICPC2P,W81005,Toxaemia (in);pregnancy,C4551893,Toxemia of pregnancy,exclude,,P,PREECLAMP,PrA
Preeclampsia,ICPC2P,W81003,Hypertension;in pregnancy,C0565599,Maternal hypertension,possible,,P,PREECLAMP,PrA
Preeclampsia,ICPC2P,W81008,Proteinuria (in);pregnancy,C0269674,Gestational proteinuria,possible,,P,PREECLAMP,PrA
Preeclampsia,ICD10,O14.0,Moderate pre-eclampsia,C0341944,Moderate proteinuric hypertension of pregnancy,narrow,,P,PREECLAMP,PrA
Preeclampsia,ICD10,O12,Gestational [pregnancy-induced] oedema and proteinuria without hypertension,C0475567,Pregnancy-induced edema and proteinuria without hypertension,narrow,,P,PREECLAMP,PrA
Preeclampsia,ICD10,O10,"Pre-existing hypertension complicating pregnancy, childbirth and the puerperium",C0348859,"Pre-existing hypertension complicating pregnancy, childbirth and puerperium",exclude,,P,PREECLAMP,PrA
Preeclampsia,ICD10,O10.0,"Pre-existing essential hypertension complicating pregnancy, childbirth and the puerperium",C0495174,"Pre-existing essential hypertension complicating pregnancy, childbirth and the puerperium",exclude,,P,PREECLAMP,PrA
Preeclampsia,ICD10,O10.4,"Pre-existing secondary hypertension complicating pregnancy, childbirth and the puerperium",C0495176,"Pre-existing secondary hypertension complicating pregnancy, childbirth and puerperium",exclude,,P,PREECLAMP,PrA
Preeclampsia,ICD10,I10,Essential (primary) hypertension,C0085580,Essential Hypertension,exclude,,P,PREECLAMP,PrA
Preeclampsia,ICD10,O10.2,"Pre-existing hypertensive renal disease complicating pregnancy, childbirth and the puerperium",C0495175,"Pre-existing hypertensive renal disease complicating pregnancy, childbirth and the puerperium",exclude,,P,PREECLAMP,PrA
Preeclampsia,ICD10,O11,Pre-existing hypertensive disorder with superimposed proteinuria,C0495178,Pre-existing hypertensive disorder with superimposed proteinuria,narrow,,P,PREECLAMP,PrA
Preeclampsia,ICD10,O10.9,"Unspecified pre-existing hypertension complicating pregnancy, childbirth and the puerperium",C0495177,"Unspecified pre-existing hypertension complicating pregnancy, childbirth and the puerperium",exclude,,P,PREECLAMP,PrA
Preeclampsia,ICD10,O14.1,Severe pre-eclampsia,C0341950,Severe pre-eclampsia,narrow,,P,PREECLAMP,PrA
Preeclampsia,ICD10,O15.1,Eclampsia in labour,C0341957,Eclampsia in labor,narrow,,P,PREECLAMP,PrA
Preeclampsia,ICD10,O15.00,Eclampsia complicating pregnancy- unspecified trimester,C0000000,Unassociated custom codes,narrow,,P,PREECLAMP,PrA
Preeclampsia,ICD10,O14.10,Severe pre-eclampsia- unspecified trimester,C0000000,Unassociated custom codes,narrow,,P,PREECLAMP,PrA
Preeclampsia,ICD10,O14.12,Severe pre-eclampsia- second trimester,C0000000,Unassociated custom codes,narrow,,P,PREECLAMP,PrA
Preeclampsia,ICD10,O15.03,Eclampsia complicating pregnancy- third trimester,C0000000,Unassociated custom codes,narrow,,P,PREECLAMP,PrA
Preeclampsia,ICD10,O12.10,Gestational proteinuria- unspecified trimester,C0000000,Unassociated custom codes,possible,,P,PREECLAMP,PrA
Preeclampsia,ICD10,O12.11,Gestational proteinuria- first trimester,C0000000,Unassociated custom codes,possible,,P,PREECLAMP,PrA
Preeclampsia,ICD10,O14.2,HELLP syndrome,C0000000,Unassociated custom codes,narrow,,P,PREECLAMP,PrA
Preeclampsia,ICD10,O12.12,Gestational proteinuria- second trimester,C0000000,Unassociated custom codes,possible,,P,PREECLAMP,PrA
Preeclampsia,ICD10,O14.13,Severe pre-eclampsia- third trimester,C0000000,Unassociated custom codes,narrow,,P,PREECLAMP,PrA
Preeclampsia,ICD10,O15.02,Eclampsia complicating pregnancy- second trimester,C0000000,Unassociated custom codes,narrow,,P,PREECLAMP,PrA
Preeclampsia,ICD10,O14.90,Unspecified pre-eclampsia- unspecified trimester,C0000000,Unassociated custom codes,narrow,,P,PREECLAMP,PrA
Preeclampsia,ICD10,O14.92,Unspecified pre-eclampsia- second trimester,C0000000,Unassociated custom codes,narrow,,P,PREECLAMP,PrA
Preeclampsia,ICD10,O14.93,Unspecified pre-eclampsia- third trimester,C0000000,Unassociated custom codes,narrow,,P,PREECLAMP,PrA
Preeclampsia,ICD10,O12.02,Gestational edema- second trimester,C0000000,Unassociated custom codes,possible,,P,PREECLAMP,PrA
Preeclampsia,ICD10,O12.03,Gestational edema- third trimester,C0000000,Unassociated custom codes,possible,,P,PREECLAMP,PrA
Preeclampsia,ICD10,O14.20,HELLP syndrome (HELLP)- unspecified trimester,C0000000,Unassociated custom codes,narrow,,P,PREECLAMP,PrA
Preeclampsia,ICD10,O12.20,Gestational edema with proteinuria- unspecified trimester,C0000000,Unassociated custom codes,possible,,P,PREECLAMP,PrA
Preeclampsia,ICD10,O14.23,HELLP syndrome (HELLP)- third trimester,C0000000,Unassociated custom codes,possible,,P,PREECLAMP,PrA
Preeclampsia,ICD10,O12.21,Gestational edema with proteinuria- first trimester,C0000000,Unassociated custom codes,possible,,P,PREECLAMP,PrA
Preeclampsia,ICD10,O14.00,Mild to moderate pre-eclampsia- unspecified trimester,C0000000,Unassociated custom codes,narrow,,P,PREECLAMP,PrA
Preeclampsia,ICD10,O14.22,HELLP syndrome (HELLP)- second trimester,C0000000,Unassociated custom codes,narrow,,P,PREECLAMP,PrA
Preeclampsia,ICD10,O12.00,Gestational edema- unspecified trimester,C0000000,Unassociated custom codes,possible,,P,PREECLAMP,PrA
Preeclampsia,ICD10,O12.22,Gestational edema with proteinuria- second trimester,C0000000,Unassociated custom codes,possible,,P,PREECLAMP,PrA
Preeclampsia,ICD10,O14.03,Mild to moderate pre-eclampsia- third trimester,C0000000,Unassociated custom codes,narrow,,P,PREECLAMP,PrA
Preeclampsia,ICD10,O12.01,Gestational edema- first trimester,C0000000,Unassociated custom codes,possible,,P,PREECLAMP,PrA
Preeclampsia,ICD10,O12.23,Gestational edema with proteinuria- third trimester,C0000000,Unassociated custom codes,possible,,P,PREECLAMP,PrA
Preeclampsia,ICD10,O14.02,Mild to moderate pre-eclampsia- second trimester,C0000000,Unassociated custom codes,narrow,,P,PREECLAMP,PrA
Preeclampsia,ICD10,O12.13,Gestational proteinuria- third trimester,C0000000,Unassociated custom codes,possible,,P,PREECLAMP,PrA
Preeclampsia,ICD10,O14,Gestational [pregnancy-induced] hypertension with significant proteinuria,C0495181,Gestational [pregnancy-induced] hypertension with significant proteinuria,possible,,P,PREECLAMP,PrA
Preeclampsia,ICD10,O13,Gestational [pregnancy-induced] hypertension without significant proteinuria,C0495180,Gestational [pregnancy-induced] hypertension without significant proteinuria,possible,,P,PREECLAMP,PrA
Preeclampsia,ICD10,O16,Unspecified maternal hypertension,C0495183,Unspecified maternal hypertension,possible,,P,PREECLAMP,PrA
Preeclampsia,ICD10,O12.2,Gestational oedema with proteinuria,C0475548,Gestational edema with proteinuria,narrow,,P,PREECLAMP,PrA
Preeclampsia,ICD10,O12.0,Gestational oedema,C0341960,Gestational edema,narrow,,P,PREECLAMP,PrA
Preeclampsia,ICD10,O14.9,"Pre-eclampsia, unspecified",C0032914,Pre-Eclampsia,narrow,,P,PREECLAMP,PrA
Preeclampsia,ICD10,O10.3,"Pre-existing hypertensive heart and renal disease complicating pregnancy, childbirth and the puerperium",C0348877,"Pre-existing hypertensive heart and renal disease complicating pregnancy, childbirth and the puerperium",exclude,,P,PREECLAMP,PrA
Preeclampsia,ICD10,O10.1,"Pre-existing hypertensive heart disease complicating pregnancy, childbirth and the puerperium",C0348881,"Pre-existing hypertensive heart disease complicating pregnancy, childbirth and the puerperium",exclude,,P,PREECLAMP,PrA
Preeclampsia,ICD10,O15,Eclampsia,C0013537,Eclampsia,narrow,,P,PREECLAMP,PrA
Preeclampsia,ICD10,O15.9,"Eclampsia, unspecified as to time period",C0013537,Eclampsia,narrow,,P,PREECLAMP,PrA
Preeclampsia,ICD10,O15.2,Eclampsia in the puerperium,C0156678,Eclampsia in puerperium,exclude,,P,PREECLAMP,PrA
Preeclampsia,ICD10,O15.0,Eclampsia in pregnancy,C0156677,Eclampsia in pregnancy,narrow,,P,PREECLAMP,PrA
Preeclampsia,ICD10,O12.1,Gestational proteinuria,C0269674,Gestational proteinuria,possible,,P,PREECLAMP,PrA
Preeclampsia,ICPC,W81,Toxemia (pre)eclampsia,C0032914,Pre-Eclampsia,narrow,,P,PREECLAMP,PrA
Preeclampsia,RCD,X40C0,Moderate pre-eclampsia,C0341944,Moderate proteinuric hypertension of pregnancy,narrow,,P,PREECLAMP,PrA
Preeclampsia,RCD,L1254,Severe pre-eclampsia+p/n comp.,C0341946,Severe pre-eclampsia with postnatal complication,exclude,,P,PREECLAMP,PrA
Preeclampsia,RCD,L125.,PET - Severe pre-eclamptic toxaemia,C0341950,Severe pre-eclampsia,narrow,,P,PREECLAMP,PrA
Preeclampsia,RCD,L125z,Severe pre-eclampsia NOS,C0341950,Severe pre-eclampsia,narrow,,P,PREECLAMP,PrA
Preeclampsia,RCD,L1250,Severe pre-eclampsia unspecif.,C0341950,Severe pre-eclampsia,narrow,,P,PREECLAMP,PrA
Preeclampsia,RCD,L1620,Unspecified renal disease in pregnancy unspecified,C0156738,Renal disorder in pregnancy,possible,,P,PREECLAMP,PrA
Preeclampsia,RCD,XE0vv,Unspecified renal disease in pregnancy,C0156738,Renal disorder in pregnancy,possible,,P,PREECLAMP,PrA
Preeclampsia,RCD,L162z,Unspecified renal disease in pregnancy NOS,C0156738,Renal disorder in pregnancy,possible,,P,PREECLAMP,PrA
Preeclampsia,RCD,XaBE0,Mild pre-eclampsia,C0269658,Mild pre-eclampsia,narrow,,P,PREECLAMP,PrA
Preeclampsia,RCD,L124z,Mild or unspecified pre-eclampsia NOS,C0269658,Mild pre-eclampsia,narrow,,P,PREECLAMP,PrA
Preeclampsia,RCD,XE0vs,Mild or unspecified pre-eclampsia,C0269658,Mild pre-eclampsia,narrow,,P,PREECLAMP,PrA
Preeclampsia,RCD,L1240,Mild or unspecified pre-eclampsia unspecified,C0269658,Mild pre-eclampsia,narrow,,P,PREECLAMP,PrA
Preeclampsia,RCD,X40By,Proteinuric hypertension of pregnancy,C0032914,Pre-Eclampsia,narrow,,P,PREECLAMP,PrA
Preeclampsia,RCD,Xa40P,Pre-eclampsia NOS,C0032914,Pre-Eclampsia,narrow,,P,PREECLAMP,PrA
Preeclampsia,RCD,X40C3,"Syndrome of haemolysis, elevated liver enzymes and low platelet",C0162739,HELLP Syndrome,narrow,,P,PREECLAMP,PrA
Preeclampsia,RCD,L123z,Gestational hypertension NOS,C0852036,Pregnancy associated hypertension,possible,,P,PREECLAMP,PrA
Preeclampsia,RCD,XE2sh,Gestational hypertension,C0852036,Pregnancy associated hypertension,possible,,P,PREECLAMP,PrA
Preeclampsia,RCD,XE0vr,Hypertension induced by pregnancy,C0852036,Pregnancy associated hypertension,possible,,P,PREECLAMP,PrA
Preeclampsia,RCD,L1230,Gestational hypertension unsp.,C0852036,Pregnancy associated hypertension,possible,,P,PREECLAMP,PrA
Preeclampsia,RCD,XE0xy,Hypertension of pregnancy NOS,C0852036,Pregnancy associated hypertension,possible,,P,PREECLAMP,PrA
Preeclampsia,RCD,L12z0,"Unspecified hypertension complicating pregnancy, childbirth and the puerperium unspecified",C0341909,"Hypertension complicating pregnancy, childbirth and the puerperium",exclude,,P,PREECLAMP,PrA
Preeclampsia,RCD,L12z.,"Unspecified hypertension complicating pregnancy, childbirth and the puerperium",C0341909,"Hypertension complicating pregnancy, childbirth and the puerperium",exclude,,P,PREECLAMP,PrA
Preeclampsia,RCD,L12..,"Hypertension complicating pregnancy, childbirth and the puerperium",C0341909,"Hypertension complicating pregnancy, childbirth and the puerperium",exclude,,P,PREECLAMP,PrA
Preeclampsia,RCD,L12zz,"Unspecified hypertension complicating pregnancy, childbirth and the puerperium NOS",C0341909,"Hypertension complicating pregnancy, childbirth and the puerperium",exclude,,P,PREECLAMP,PrA
Preeclampsia,RCD,X40Bz,Toxaemia NOS,C4551893,Toxemia of pregnancy,exclude,,P,PREECLAMP,PrA
Preeclampsia,RCD,L1260,Eclampsia unspecified,C0013537,Eclampsia,narrow,,P,PREECLAMP,PrA
Preeclampsia,RCD,L126.,Eclampsia,C0013537,Eclampsia,narrow,,P,PREECLAMP,PrA
Preeclampsia,RCD,L126z,Eclampsia NOS,C0013537,Eclampsia,narrow,,P,PREECLAMP,PrA
Preeclampsia,RCD,X40Bx,Transient hypertension of pregnancy,C0341934,Transient hypertension of pregnancy,possible,,P,PREECLAMP,PrA
Preeclampsia,RCD,L1263,Antepartum eclampsia,C0156677,Eclampsia in pregnancy,narrow,,P,PREECLAMP,PrA
Preeclampsia,RCD,Xa41E,Maternal hypertension,C0565599,Maternal hypertension,possible,,P,PREECLAMP,PrA
Preeclampsia,RCD,X30Q3,Gestational proteinuria,C0269674,Gestational proteinuria,possible,,P,PREECLAMP,PrA
Preeclampsia,SNM,D-2502,"Preeclampsia, severe",C0341950,Severe pre-eclampsia,narrow,,P,PREECLAMP,PrA
Preeclampsia,SNM,F70720,Transient hypertension of pregnancy,C0000000,Unassociated custom codes,possible,,P,PREECLAMP,PrA
Preeclampsia,SNM,D2502,Preeclampsia,C0000000,Unassociated custom codes,narrow,,P,PREECLAMP,PrA
Preeclampsia,SNM,D2504,Maternal hypertension syndrome,C0000000,Unassociated custom codes,possible,,P,PREECLAMP,PrA
Preeclampsia,SNM,D2503,Eclampsia,C0000000,Unassociated custom codes,narrow,,P,PREECLAMP,PrA
Preeclampsia,SNM,D-2501,Toxemia of pregnancy,C4551893,Toxemia of pregnancy,exclude,,P,PREECLAMP,PrA
Preeclampsia,SNM,D-2503,Eclampsia,C0013537,Eclampsia,narrow,,P,PREECLAMP,PrA
Preeclampsia,SNM,F-70720,Transient hypertension of pregnancy,C0341934,Transient hypertension of pregnancy,possible,,P,PREECLAMP,PrA
Preeclampsia,SNM,D-2504,Maternal hypertension syndrome,C0565599,Maternal hypertension,possible,,P,PREECLAMP,PrA
Preeclampsia,ICD10DA,O140,Let til moderat præeklampsi,C0341944,Moderate proteinuric hypertension of pregnancy,narrow,,P,PREECLAMP,PrA
Preeclampsia,ICD10DA,O12,Graviditetsbetinget ødem/proteinuri u/BT-forhøj,C0475567,Pregnancy-induced edema and proteinuria without hypertension,possible,,P,PREECLAMP,PrA
Preeclampsia,ICD10DA,O10,"Gravid, fødsel og barsel m komplicerende blodtryksforhøjelse",C0348859,"Pre-existing hypertension complicating pregnancy, childbirth and puerperium",exclude,,P,PREECLAMP,PrA
Preeclampsia,ICD10DA,O100,"Gravid., fødsel el. barsel m. kompl. blodtryksforhøjelse",C0495174,"Pre-existing essential hypertension complicating pregnancy, childbirth and the puerperium",exclude,,P,PREECLAMP,PrA
Preeclampsia,ICD10DA,O104,"Graviditet, fødsel el barsel m komplicerende sek. BT-forhøj",C0495176,"Pre-existing secondary hypertension complicating pregnancy, childbirth and puerperium",exclude,,P,PREECLAMP,PrA
Preeclampsia,ICD10DA,O102,"Gravid., fødsel el. barsel med kompl. hypertensiv nyresygdom",C0495175,"Pre-existing hypertensive renal disease complicating pregnancy, childbirth and the puerperium",exclude,,P,PREECLAMP,PrA
Preeclampsia,ICD10DA,O119A,Graviditet m komplicerende blodtryksforhøjelse og proteinuri,C0495178,Pre-existing hypertensive disorder with superimposed proteinuria,possible,,P,PREECLAMP,PrA
Preeclampsia,ICD10DA,O119B,Fødsel med komplicerende blodtryksforhøjelse og proteinuri,C0495178,Pre-existing hypertensive disorder with superimposed proteinuria,exclude,,P,PREECLAMP,PrA
Preeclampsia,ICD10DA,O119C,Barsel med komplicerende blodtryksforhøjelse og proteinuri,C0495178,Pre-existing hypertensive disorder with superimposed proteinuria,exclude,,P,PREECLAMP,PrA
Preeclampsia,ICD10DA,O11,Præeklampsi ved forud bestående kronisk hypertension,C0495178,Pre-existing hypertensive disorder with superimposed proteinuria,narrow,,P,PREECLAMP,PrA
Preeclampsia,ICD10DA,O119,"Gravid, fødsel, barsel m komplicer. BT-forhøj. og proteinuri",C0495178,Pre-existing hypertensive disorder with superimposed proteinuria,exclude,,P,PREECLAMP,PrA
Preeclampsia,ICD10DA,O109,"Graviditet, fødsel el barsel m komplicerende BT-forhøj. UNS",C0495177,"Unspecified pre-existing hypertension complicating pregnancy, childbirth and the puerperium",exclude,,P,PREECLAMP,PrA
Preeclampsia,ICD10DA,O141,Svær præeklampsi,C0341950,Severe pre-eclampsia,narrow,,P,PREECLAMP,PrA
Preeclampsia,ICD10DA,O151,Eklampsi under fødsel,C0341957,Eclampsia in labor,narrow,,P,PREECLAMP,PrA
Preeclampsia,ICD10DA,O14,Præeklampsi,C0495181,Gestational [pregnancy-induced] hypertension with significant proteinuria,narrow,,P,PREECLAMP,PrA
Preeclampsia,ICD10DA,O142,HELLP-syndrom,C0495181,Gestational [pregnancy-induced] hypertension with significant proteinuria,narrow,,P,PREECLAMP,PrA
Preeclampsia,ICD10DA,O13,Gravid.sbetinget blodtryksforhøjelse u proteiner i urinen,C0495180,Gestational [pregnancy-induced] hypertension without significant proteinuria,possible,,P,PREECLAMP,PrA
Preeclampsia,ICD10DA,O139,Graviditetsbetinget hypertension uden proteinuri,C0495180,Gestational [pregnancy-induced] hypertension without significant proteinuria,possible,,P,PREECLAMP,PrA
Preeclampsia,ICD10DA,O169,Blodtryksforhøjelse under graviditet UNS,C0495183,Unspecified maternal hypertension,possible,,P,PREECLAMP,PrA
Preeclampsia,ICD10DA,O16,Forhøjet blodtryk UNS un gravid.,C0495183,Unspecified maternal hypertension,possible,,P,PREECLAMP,PrA
Preeclampsia,ICD10DA,O122,Ødem og proteinuri i graviditeten,C0475548,Gestational edema with proteinuria,possible,,P,PREECLAMP,PrA
Preeclampsia,ICD10DA,O120,Graviditetsødem,C0341960,Gestational edema,possible,,P,PREECLAMP,PrA
Preeclampsia,ICD10DA,O149,Præeklampsi UNS,C0032914,Pre-Eclampsia,narrow,,P,PREECLAMP,PrA
Preeclampsia,ICD10DA,O103,"Gravid., fødsel, barsel. m. kompl. hypert. hjerte-/nyresygd.",C0348877,"Pre-existing hypertensive heart and renal disease complicating pregnancy, childbirth and the puerperium",exclude,,P,PREECLAMP,PrA
Preeclampsia,ICD10DA,O101,"Gravid., fødsel el. barsel m. kompl. hypertensiv hjertesygd.",C0348881,"Pre-existing hypertensive heart disease complicating pregnancy, childbirth and the puerperium",exclude,,P,PREECLAMP,PrA
Preeclampsia,ICD10DA,O15,Fødselskrampe,C0013537,Eclampsia,narrow,,P,PREECLAMP,PrA
Preeclampsia,ICD10DA,O159,Eklampsi UNS,C0013537,Eclampsia,narrow,,P,PREECLAMP,PrA
Preeclampsia,ICD10DA,O152,Eklampsi i barselsperiode,C0156678,Eclampsia in puerperium,exclude,,P,PREECLAMP,PrA
Preeclampsia,ICD10DA,O150,Eklampsi,C0156677,Eclampsia in pregnancy,narrow,,P,PREECLAMP,PrA
Preeclampsia,ICD10DA,O121,Proteinuri i graviditeten,C0269674,Gestational proteinuria,possible,,P,PREECLAMP,PrA
Preeclampsia,ICD9CM,642.6,"Eclampsia complicating pregnancy, childbirth or the puerperium",C0260338,"Eclampsia complicating pregnancy, childbirth or the puerperium",exclude,,P,PREECLAMP,PrA
Preeclampsia,ICD9CM,642.5,Severe pre-eclampsia,C0341950,Severe pre-eclampsia,narrow,,P,PREECLAMP,PrA
Preeclampsia,ICD9CM,646.23,"Unspecified renal disease in pregnancy, without mention of hypertension, antepartum condition or complication",C0156738,Renal disorder in pregnancy,possible,,P,PREECLAMP,PrA
Preeclampsia,ICD9CM,646.20,"Unspecified renal disease in pregnancy, without mention of hypertension, unspecified as to episode of care or not applicable",C0156738,Renal disorder in pregnancy,possible,,P,PREECLAMP,PrA
Preeclampsia,ICD9CM,642.4,Mild or unspecified pre-eclampsia,C0269658,Mild pre-eclampsia,narrow,,P,PREECLAMP,PrA
Preeclampsia,ICD9CM,642.1,"Hypertension secondary to renal disease, complicating pregnancy, childbirth, and the puerperium",C0156647,"Hypertension secondary to renal disease, complicating pregnancy, childbirth, and the puerperium",exclude,,P,PREECLAMP,PrA
Preeclampsia,ICD9CM,642.44,"Mild or unspecified pre-eclampsia, postpartum condition or complication",C0156668,"Mild or unspecified pre-eclampsia, postpartum condition or complication",exclude,,P,PREECLAMP,PrA
Preeclampsia,ICD9CM,642.43,"Mild or unspecified pre-eclampsia, antepartum condition or complication",C0156667,"Mild or unspecified pre-eclampsia, antepartum condition or complication",narrow,,P,PREECLAMP,PrA
Preeclampsia,ICD9CM,642.42,"Mild or unspecified pre-eclampsia, delivered, with mention of postpartum complication",C0156666,"Mild or unspecified pre-eclampsia, delivered, with mention of postpartum complication",exclude,,P,PREECLAMP,PrA
Preeclampsia,ICD9CM,642.41,"Mild or unspecified pre-eclampsia, delivered, with or without mention of antepartum condition",C0156665,"Mild or unspecified pre-eclampsia, delivered, with or without mention of antepartum condition",exclude,,P,PREECLAMP,PrA
Preeclampsia,ICD9CM,642,"Hypertension complicating pregnancy, childbirth, and the puerperium",C0341909,"Hypertension complicating pregnancy, childbirth and the puerperium",exclude,,P,PREECLAMP,PrA
Preeclampsia,ICD9CM,642.50,"Severe pre-eclampsia, unspecified as to episode of care or not applicable",C0156669,"Severe pre-eclampsia, unspecified as to episode of care or not applicable",narrow,,P,PREECLAMP,PrA
Preeclampsia,ICD9CM,642.31,"Transient hypertension of pregnancy, delivered , with or without mention of antepartum condition",C0156660,"Transient hypertension of pregnancy, with delivery",exclude,,P,PREECLAMP,PrA
Preeclampsia,ICD9CM,642.40,"Mild or unspecified pre-eclampsia, unspecified as to episode of care or not applicable",C0156664,"Mild or unspecified pre-eclampsia, unspecified as to episode of care or not applicable",narrow,,P,PREECLAMP,PrA
Preeclampsia,ICD9CM,642.34,"Transient hypertension of pregnancy, postpartum condition or complication",C0156663,"Transient hypertension of pregnancy, postpartum",exclude,,P,PREECLAMP,PrA
Preeclampsia,ICD9CM,642.33,"Transient hypertension of pregnancy, antepartum condition or complication",C0156662,"Transient hypertension of pregnancy, antepartum",possible,,P,PREECLAMP,PrA
Preeclampsia,ICD9CM,642.32,"Transient hypertension of pregnancy, delivered, with mention of postpartum complication",C0156661,"Transient hypertension of pregnancy, delivered, with mention of postpartum complication",exclude,,P,PREECLAMP,PrA
Preeclampsia,ICD9CM,642.9,"Unspecified hypertension complicating pregnancy, childbirth, or the puerperium",C1261262,"Unspecified hypertension complicating pregnancy, childbirth, or the puerperium",exclude,,P,PREECLAMP,PrA
Preeclampsia,ICD9CM,642.3,Transient hypertension of pregnancy,C0341934,Transient hypertension of pregnancy,possible,,P,PREECLAMP,PrA
Preeclampsia,ICD9CM,642.63,"Eclampsia, antepartum condition or complication",C0156677,Eclampsia in pregnancy,narrow,,P,PREECLAMP,PrA
Preeclampsia,ICD9CM,642.62,"Eclampsia, delivered, with mention of postpartum complication",C0156676,"Eclampsia, delivered, with mention of postpartum complication",exclude,,P,PREECLAMP,PrA
Preeclampsia,ICD9CM,642.52,"Severe pre-eclampsia, delivered, with mention of postpartum complication",C0156671,"Severe pre-eclampsia, delivered, with mention of postpartum complication",exclude,,P,PREECLAMP,PrA
Preeclampsia,ICD9CM,642.51,"Severe pre-eclampsia, delivered, with or without mention of antepartum condition",C0156670,"Severe pre-eclampsia, delivered, with or without mention of antepartum condition",exclude,,P,PREECLAMP,PrA
Preeclampsia,ICD9CM,642.60,"Eclampsia, unspecified as to episode of care or not applicable",C0156674,"Eclampsia, unspecified as to episode of care or not applicable",narrow,,P,PREECLAMP,PrA
Preeclampsia,ICD9CM,646.2,"Unspecified renal disease in pregnancy, without mention of hypertension",C0269673,Renal disease in pregnancy AND/OR puerperium without hypertension,possible,,P,PREECLAMP,PrA
Preeclampsia,ICD9CM,642.54,"Severe pre-eclampsia, postpartum condition or complication",C0156673,"Severe pre-eclampsia, postpartum condition or complication",exclude,,P,PREECLAMP,PrA
Preeclampsia,ICD9CM,642.53,"Severe pre-eclampsia, antepartum condition or complication",C0156672,"Severe pre-eclampsia, antepartum condition or complication",narrow,,P,PREECLAMP,PrA
Preeclampsia,ICD10/CM,O14.0,Moderate pre-eclampsia,C0341944,Moderate proteinuric hypertension of pregnancy,narrow,,P,PREECLAMP,PrA
Preeclampsia,ICD10/CM,O12,Gestational [pregnancy-induced] oedema and proteinuria without hypertension,C0475567,Pregnancy-induced edema and proteinuria without hypertension,possible,,P,PREECLAMP,PrA
Preeclampsia,ICD10/CM,O10.0,"Pre-existing essential hypertension complicating pregnancy, childbirth and the puerperium",C0495174,"Pre-existing essential hypertension complicating pregnancy, childbirth and the puerperium",exclude,,P,PREECLAMP,PrA
Preeclampsia,ICD10/CM,O14.1,Severe pre-eclampsia,C0341950,Severe pre-eclampsia,narrow,,P,PREECLAMP,PrA
Preeclampsia,ICD10/CM,O15.2,Eclampsia complicating the puerperium,C4269000,Eclampsia complicating the puerperium,exclude,,P,PREECLAMP,PrA
Preeclampsia,ICD10/CM,O14,Pre-eclampsia,C0032914,Pre-Eclampsia,narrow,,P,PREECLAMP,PrA
Preeclampsia,ICD10/CM,O14.90,"Unspecified pre-eclampsia, unspecified trimester",C0032914,Pre-Eclampsia,narrow,,P,PREECLAMP,PrA
Preeclampsia,ICD10/CM,O14.9,"Pre-eclampsia, unspecified",C0032914,Pre-Eclampsia,narrow,,P,PREECLAMP,PrA
Preeclampsia,ICD10/CM,O14.2,HELLP syndrome,C0162739,HELLP Syndrome,narrow,,P,PREECLAMP,PrA
Preeclampsia,ICD10/CM,O14.20,"HELLP syndrome (HELLP), unspecified trimester",C2903580,"HELLP syndrome (HELLP), unspecified trimester",narrow,,P,PREECLAMP,PrA
Preeclampsia,ICD10/CM,O13,gestational hypertension NOS,C0852036,Pregnancy associated hypertension,possible,,P,PREECLAMP,PrA
Preeclampsia,ICD10/CM,O14.10,"Severe pre-eclampsia, unspecified trimester",C2903576,"Severe pre-eclampsia, unspecified trimester",narrow,,P,PREECLAMP,PrA
Preeclampsia,ICD10/CM,O14.02,"Mild to moderate pre-eclampsia, second trimester",C2903574,"Mild to moderate pre-eclampsia, second trimester",narrow,,P,PREECLAMP,PrA
Preeclampsia,ICD10/CM,O14.12,"Severe pre-eclampsia, second trimester",C2903577,"Severe pre-eclampsia, second trimester",narrow,,P,PREECLAMP,PrA
Preeclampsia,ICD10/CM,O15,Eclampsia,C0013537,Eclampsia,narrow,,P,PREECLAMP,PrA
Preeclampsia,ICD10/CM,O15.9,"Eclampsia, unspecified as to time period",C0013537,Eclampsia,narrow,,P,PREECLAMP,PrA
Preeclampsia,ICD10/CM,O15.00,"Eclampsia complicating pregnancy, unspecified trimester",C4268996,"Eclampsia complicating pregnancy, unspecified trimester",narrow,,P,PREECLAMP,PrA
Preeclampsia,ICD10/CM,O15.02,"Eclampsia complicating pregnancy, second trimester",C4268997,"Eclampsia complicating pregnancy, second trimester",narrow,,P,PREECLAMP,PrA
Preeclampsia,ICD10/CM,O15.03,"Eclampsia complicating pregnancy, third trimester",C4268998,"Eclampsia complicating pregnancy, third trimester",narrow,,P,PREECLAMP,PrA
Preeclampsia,ICD10/CM,O15.1,Eclampsia complicating labor,C4268999,Eclampsia complicating labor,narrow,,P,PREECLAMP,PrA
Preeclampsia,ICD10/CM,O14.24,"HELLP syndrome, complicating childbirth",C4268992,"HELLP syndrome, complicating childbirth",exclude,,P,PREECLAMP,PrA
Preeclampsia,ICD10/CM,O15.0,Eclampsia in pregnancy,C0156677,Eclampsia in pregnancy,narrow,,P,PREECLAMP,PrA
Preeclampsia,ICD10/CM,O12.1,Gestational proteinuria,C0269674,Gestational proteinuria,possible,,P,PREECLAMP,PrA
Preeclampsia,SCTSPA,237281009,preeclampsia moderada,C0341944,Moderate proteinuric hypertension of pregnancy,narrow,,P,PREECLAMP,PrA
Preeclampsia,SCTSPA,198986005,preeclampsia grave con complicaciones posparto,C0341946,Severe pre-eclampsia with postnatal complication,exclude,,P,PREECLAMP,PrA
Preeclampsia,SCTSPA,46764007,preeclampsia severa,C1301626,Hypertension with albuminuria,narrow,,P,PREECLAMP,PrA
Preeclampsia,SCTSPA,198987001,"preeclampsia grave, SAI",C0341950,Severe pre-eclampsia,narrow,,P,PREECLAMP,PrA
Preeclampsia,SCTSPA,198981000,hipertensión proteinúrica severa del embarazo,C0341950,Severe pre-eclampsia,narrow,,P,PREECLAMP,PrA
Preeclampsia,SCTSPA,198982007,preeclampsia grave no especificada,C0341950,Severe pre-eclampsia,narrow,,P,PREECLAMP,PrA
Preeclampsia,SCTSPA,199085003,"enfermedad renal no especificada durante el embarazo, SAI",C0156738,Renal disorder in pregnancy,possible,,P,PREECLAMP,PrA
Preeclampsia,SCTSPA,199080008,enfermedad renal no especificada en embarazo no especificado,C0156738,Renal disorder in pregnancy,possible,,P,PREECLAMP,PrA
Preeclampsia,SCTSPA,267203000,enfermedad renal no especificada durante el embarazo,C0156738,Renal disorder in pregnancy,possible,,P,PREECLAMP,PrA
Preeclampsia,SCTSPA,198973001,Mild or unspecified pre-eclampsia unspecified,C0269658,Mild pre-eclampsia,narrow,,P,PREECLAMP,PrA
Preeclampsia,SCTSPA,267200002,preeclampsia leve o no especificada,C0269658,Mild pre-eclampsia,narrow,,P,PREECLAMP,PrA
Preeclampsia,SCTSPA,41114007,preeclampsia leve,C0269658,Mild pre-eclampsia,narrow,,P,PREECLAMP,PrA
Preeclampsia,SCTSPA,198980004,"preeclampsia leve o no especificada, SAI",C0269658,Mild pre-eclampsia,narrow,,P,PREECLAMP,PrA
Preeclampsia,SCTSPA,48552006,"hipertensión secundaria a nefropatía, que complica el embarazo Y/O constituye un motivo de atención durante este período",C0269654,Hypertension secondary to renal disease complicating AND/OR reason for care during pregnancy,possible,,P,PREECLAMP,PrA
Preeclampsia,SCTSPA,6758009,"edema, proteinuria e hipertensión gestacional",C0032914,Pre-Eclampsia,narrow,,P,PREECLAMP,PrA
Preeclampsia,SCTSPA,198979002,Pre-eclampsia NOS,C0032914,Pre-Eclampsia,narrow,,P,PREECLAMP,PrA
Preeclampsia,SCTSPA,288201007,"preeclampsia, SAI",C0032914,Pre-Eclampsia,narrow,,P,PREECLAMP,PrA
Preeclampsia,SCTSPA,156109003,Pre-eclampsia NOS,C0032914,Pre-Eclampsia,narrow,,P,PREECLAMP,PrA
Preeclampsia,SCTSPA,398254007,preeclampsia,C0032914,Pre-Eclampsia,narrow,,P,PREECLAMP,PrA
Preeclampsia,SCTSPA,95605009,síndrome HELLP,C0162739,HELLP Syndrome,narrow,,P,PREECLAMP,PrA
Preeclampsia,SCTSPA,267307002,"hipertensión durante el embarazo, SAI",C0852036,Pregnancy associated hypertension,possible,,P,PREECLAMP,PrA
Preeclampsia,SCTSPA,308551004,hipertensión gestacional,C0852036,Pregnancy associated hypertension,possible,,P,PREECLAMP,PrA
Preeclampsia,SCTSPA,48194001,hipertensión gestacional,C0852036,Pregnancy associated hypertension,possible,,P,PREECLAMP,PrA
Preeclampsia,SCTSPA,156112000,"hipertensión durante el embarazo, SAI",C0852036,Pregnancy associated hypertension,possible,,P,PREECLAMP,PrA
Preeclampsia,SCTSPA,198941007,"hipertensión que complica el embarazo, parto y puerperio",C0341909,"Hypertension complicating pregnancy, childbirth and the puerperium",exclude,,P,PREECLAMP,PrA
Preeclampsia,SCTSPA,199013004,"hipertensión no especificada que complica el embarazo, parto y puerperio no especificada",C0341909,"Hypertension complicating pregnancy, childbirth and the puerperium",exclude,,P,PREECLAMP,PrA
Preeclampsia,SCTSPA,199012009,"hipertensión no especificada que complica el embarazo, parto y puerperio",C0341909,"Hypertension complicating pregnancy, childbirth and the puerperium",exclude,,P,PREECLAMP,PrA
Preeclampsia,SCTSPA,199019000,"hipertensión no especificada que complica el embarazo, parto y puerperio, SAI",C0341909,"Hypertension complicating pregnancy, childbirth and the puerperium",exclude,,P,PREECLAMP,PrA
Preeclampsia,SCTSPA,15394000,toxemia del embarazo,C4551893,Toxemia of pregnancy,exclude,,P,PREECLAMP,PrA
Preeclampsia,SCTSPA,237280005,"toxemia, SAI",C4551893,Toxemia of pregnancy,exclude,,P,PREECLAMP,PrA
Preeclampsia,SCTSPA,198996001,"eclampsia, SAI",C0013537,Eclampsia,narrow,,P,PREECLAMP,PrA
Preeclampsia,SCTSPA,198989003,"eclampsia, no especificada",C0013537,Eclampsia,narrow,,P,PREECLAMP,PrA
Preeclampsia,SCTSPA,15938005,eclampsia,C0013537,Eclampsia,narrow,,P,PREECLAMP,PrA
Preeclampsia,SCTSPA,32966004,"hipertensión no especificada, que complica el embarazo, el parto o el puerperio",C1443005,Non-proteinuric hypertension of pregnancy,exclude,,P,PREECLAMP,PrA
Preeclampsia,SCTSPA,30354006,hipertensión transitoria del embarazo,C0341934,Transient hypertension of pregnancy,possible,,P,PREECLAMP,PrA
Preeclampsia,SCTSPA,198971004,"hipertensión transitoria del embarazo, SAI",C0341934,Transient hypertension of pregnancy,possible,,P,PREECLAMP,PrA
Preeclampsia,SCTSPA,198964009,"hipertensión transitoria del embarazo, no especificada",C0341934,Transient hypertension of pregnancy,possible,,P,PREECLAMP,PrA
Preeclampsia,SCTSPA,237279007,hipertensión transitoria durante el embarazo,C0341934,Transient hypertension of pregnancy,possible,,P,PREECLAMP,PrA
Preeclampsia,SCTSPA,198992004,eclampsia durante el embarazo,C0156677,Eclampsia in pregnancy,narrow,,P,PREECLAMP,PrA
Preeclampsia,SCTSPA,288250001,hipertensión materna,C0565599,Maternal hypertension,possible,,P,PREECLAMP,PrA
Preeclampsia,SCTSPA,34165000,proteinuria gestacional,C0269674,Gestational proteinuria,possible,,P,PREECLAMP,PrA
Preeclampsia,RCD2,L129.,Moderate pre-eclampsia,C0341944,Moderate proteinuric hypertension of pregnancy,narrow,,P,PREECLAMP,PrA
Preeclampsia,RCD2,L1254,Severe pre-eclampsia with postnatal complication,C0341946,Severe pre-eclampsia with postnatal complication,exclude,,P,PREECLAMP,PrA
Preeclampsia,RCD2,L125.,Severe pre-eclampsia,C0341950,Severe pre-eclampsia,narrow,,P,PREECLAMP,PrA
Preeclampsia,RCD2,L125z,Severe pre-eclampsia NOS,C0341950,Severe pre-eclampsia,narrow,,P,PREECLAMP,PrA
Preeclampsia,RCD2,L1250,Severe pre-eclampsia unspecif.,C0341950,Severe pre-eclampsia,narrow,,P,PREECLAMP,PrA
Preeclampsia,RCD2,L1620,Unsp.obstetric renal dis.unsp.,C0156738,Renal disorder in pregnancy,possible,,P,PREECLAMP,PrA
Preeclampsia,RCD2,L162z,Unsp.obstetric renal dis. NOS,C0156738,Renal disorder in pregnancy,possible,,P,PREECLAMP,PrA
Preeclampsia,RCD2,L124.,Mild or unspecified pre-eclampsia,C0269658,Mild pre-eclampsia,exclude,,P,PREECLAMP,PrA
Preeclampsia,RCD2,L124z,Mild or unspecified pre-eclampsia NOS,C0269658,Mild pre-eclampsia,narrow,,P,PREECLAMP,PrA
Preeclampsia,RCD2,L1240,Mild or unspecified pre-eclampsia unspecified,C0269658,Mild pre-eclampsia,narrow,,P,PREECLAMP,PrA
Preeclampsia,RCD2,L12B.,Protein hypertens of pregnancy,C0032914,Pre-Eclampsia,narrow,,P,PREECLAMP,PrA
Preeclampsia,RCD2,L12A.,HELLP - Syndrome,C0162739,HELLP Syndrome,narrow,,P,PREECLAMP,PrA
Preeclampsia,RCD2,L123z,Gestational hypertension NOS,C0852036,Pregnancy associated hypertension,possible,,P,PREECLAMP,PrA
Preeclampsia,RCD2,L1230,Gestational hypertension unsp.,C0852036,Pregnancy associated hypertension,possible,,P,PREECLAMP,PrA
Preeclampsia,RCD2,L12z0,Unsp.obstet.hypert.unspec.,C0341909,"Hypertension complicating pregnancy, childbirth and the puerperium",exclude,,P,PREECLAMP,PrA
Preeclampsia,RCD2,L12z.,Unspec.obstetric hypertension,C0341909,"Hypertension complicating pregnancy, childbirth and the puerperium",exclude,,P,PREECLAMP,PrA
Preeclampsia,RCD2,L12..,"Hypertension complicating pregnancy, childbirth and the puerperium",C0341909,"Hypertension complicating pregnancy, childbirth and the puerperium",exclude,,P,PREECLAMP,PrA
Preeclampsia,RCD2,L12zz,Unspec.obstetric hypertens.NOS,C0341909,"Hypertension complicating pregnancy, childbirth and the puerperium",exclude,,P,PREECLAMP,PrA
Preeclampsia,RCD2,L1260,Eclampsia unspecified,C0013537,Eclampsia,narrow,,P,PREECLAMP,PrA
Preeclampsia,RCD2,L126.,Eclampsia,C0013537,Eclampsia,narrow,,P,PREECLAMP,PrA
Preeclampsia,RCD2,L126z,Eclampsia NOS,C0013537,Eclampsia,narrow,,P,PREECLAMP,PrA
Preeclampsia,RCD2,L1236,Transient hypertension of preg,C0341934,Transient hypertension of pregnancy,possible,,P,PREECLAMP,PrA
Preeclampsia,RCD2,L1263,Eclampsia - not delivered,C0156677,Eclampsia in pregnancy,narrow,,P,PREECLAMP,PrA
Preeclampsia,RCD2,L16C0,Gestational proteinuria,C0269674,Gestational proteinuria,possible,,P,PREECLAMP,PrA
Preeclampsia,SNOMEDCT_US,199009006,Moderate proteinuric hypertension of pregnancy,C0341944,Moderate proteinuric hypertension of pregnancy,narrow,,P,PREECLAMP,PrA
Preeclampsia,SNOMEDCT_US,237281009,Moderate proteinuric hypertension of pregnancy,C0341944,Moderate proteinuric hypertension of pregnancy,narrow,,P,PREECLAMP,PrA
Preeclampsia,SNOMEDCT_US,198986005,Severe pre-eclampsia with postnatal complication,C0341946,Severe pre-eclampsia with postnatal complication,exclude,,P,PREECLAMP,PrA
Preeclampsia,SNOMEDCT_US,6758009,"EPH - Edema, proteinuria and hypertension of pregnancy",C1301626,Hypertension with albuminuria,narrow,,P,PREECLAMP,PrA
Preeclampsia,SNOMEDCT_US,46764007,Severe pre-eclampsia,C1301626,Hypertension with albuminuria,narrow,,P,PREECLAMP,PrA
Preeclampsia,SNOMEDCT_US,156110008,Severe proteinuric hypertension of pregnancy,C0341950,Severe pre-eclampsia,narrow,,P,PREECLAMP,PrA
Preeclampsia,SNOMEDCT_US,198987001,Severe pre-eclampsia NOS,C0341950,Severe pre-eclampsia,narrow,,P,PREECLAMP,PrA
Preeclampsia,SNOMEDCT_US,198981000,PET - Severe pre-eclamptic toxaemia,C0341950,Severe pre-eclampsia,narrow,,P,PREECLAMP,PrA
Preeclampsia,SNOMEDCT_US,198982007,Severe pre-eclampsia unspecified,C0341950,Severe pre-eclampsia,narrow,,P,PREECLAMP,PrA
Preeclampsia,SNOMEDCT_US,199085003,Unspecified renal disease in pregnancy NOS,C0156738,Renal disorder in pregnancy,possible,,P,PREECLAMP,PrA
Preeclampsia,SNOMEDCT_US,199080008,Unspecified renal disease in pregnancy unspecified,C0156738,Renal disorder in pregnancy,possible,,P,PREECLAMP,PrA
Preeclampsia,SNOMEDCT_US,267203000,Unspecified renal disease in pregnancy,C0156738,Renal disorder in pregnancy,possible,,P,PREECLAMP,PrA
Preeclampsia,SNOMEDCT_US,199079005,Unspecified renal disease in pregnancy,C0156738,Renal disorder in pregnancy,possible,,P,PREECLAMP,PrA
Preeclampsia,SNOMEDCT_US,198973001,Mild or unspecified pre-eclampsia unspecified,C0269658,Mild pre-eclampsia,narrow,,P,PREECLAMP,PrA
Preeclampsia,SNOMEDCT_US,267200002,Mild or unspecified pre-eclampsia,C0269658,Mild pre-eclampsia,narrow,,P,PREECLAMP,PrA
Preeclampsia,SNOMEDCT_US,198978005,Mild pre-eclampsia,C0269658,Mild pre-eclampsia,narrow,,P,PREECLAMP,PrA
Preeclampsia,SNOMEDCT_US,41114007,Mild pre-eclampsia,C0269658,Mild pre-eclampsia,narrow,,P,PREECLAMP,PrA
Preeclampsia,SNOMEDCT_US,198972006,Toxaemia NOS,C0269658,Mild pre-eclampsia,narrow,,P,PREECLAMP,PrA
Preeclampsia,SNOMEDCT_US,198980004,Mild or unspecified pre-eclampsia NOS,C0269658,Mild pre-eclampsia,narrow,,P,PREECLAMP,PrA
Preeclampsia,SNOMEDCT_US,156108006,Mild pre-eclampsia,C0269658,Mild pre-eclampsia,narrow,,P,PREECLAMP,PrA
Preeclampsia,SNOMEDCT_US,48552006,Hypertension secondary to renal disease complicating AND/OR reason for care during pregnancy,C0269654,Hypertension secondary to renal disease complicating AND/OR reason for care during pregnancy,possible,,P,PREECLAMP,PrA
Preeclampsia,SNOMEDCT_US,199011002,Proteinuric hypertension of pregnancy,C0032914,Pre-Eclampsia,narrow,,P,PREECLAMP,PrA
Preeclampsia,SNOMEDCT_US,156106005,Toxaemia of pregnancy,C0032914,Pre-Eclampsia,narrow,,P,PREECLAMP,PrA
Preeclampsia,SNOMEDCT_US,198979002,Pre-eclampsia NOS,C0032914,Pre-Eclampsia,narrow,,P,PREECLAMP,PrA
Preeclampsia,SNOMEDCT_US,267306006,Toxaemia of pregnancy,C0032914,Pre-Eclampsia,narrow,,P,PREECLAMP,PrA
Preeclampsia,SNOMEDCT_US,288201007,Pre-eclampsia NOS,C0032914,Pre-Eclampsia,narrow,,P,PREECLAMP,PrA
Preeclampsia,SNOMEDCT_US,156109003,Pre-eclampsia NOS,C0032914,Pre-Eclampsia,narrow,,P,PREECLAMP,PrA
Preeclampsia,SNOMEDCT_US,398254007,Pre-eclampsia,C0032914,Pre-Eclampsia,narrow,,P,PREECLAMP,PrA
Preeclampsia,SNOMEDCT_US,199010001,"Syndrome of haemolysis, elevated liver enzymes and low platelet",C0162739,HELLP Syndrome,narrow,,P,PREECLAMP,PrA
Preeclampsia,SNOMEDCT_US,95605009,HELLP syndrome,C0162739,HELLP Syndrome,narrow,,P,PREECLAMP,PrA
Preeclampsia,SNOMEDCT_US,48194001,"Hypertension complicating pregnancy, childbirth AND/OR puerperium",C1314752,Hypertension complicating childbirth,possible,,P,PREECLAMP,PrA
Preeclampsia,SNOMEDCT_US,30354006,Gestational hypertension,C0852036,Pregnancy associated hypertension,possible,,P,PREECLAMP,PrA
Preeclampsia,SNOMEDCT_US,267307002,Hypertension of pregnancy NOS,C0852036,Pregnancy associated hypertension,possible,,P,PREECLAMP,PrA
Preeclampsia,SNOMEDCT_US,308551004,Gestational hypertension,C0852036,Pregnancy associated hypertension,possible,,P,PREECLAMP,PrA
Preeclampsia,SNOMEDCT_US,198969004,Hypertension induced by pregnancy,C0852036,Pregnancy associated hypertension,possible,,P,PREECLAMP,PrA
Preeclampsia,SNOMEDCT_US,156112000,Hypertension of pregnancy NOS,C0852036,Pregnancy associated hypertension,possible,,P,PREECLAMP,PrA
Preeclampsia,SNOMEDCT_US,198941007,"Hypertension complicating pregnancy, childbirth and the puerperium",C0341909,"Hypertension complicating pregnancy, childbirth and the puerperium",exclude,,P,PREECLAMP,PrA
Preeclampsia,SNOMEDCT_US,199013004,"Unspecified hypertension complicating pregnancy, childbirth and the puerperium unspecified",C0341909,"Hypertension complicating pregnancy, childbirth and the puerperium",exclude,,P,PREECLAMP,PrA
Preeclampsia,SNOMEDCT_US,199012009,"Unspecified hypertension complicating pregnancy, childbirth and the puerperium",C0341909,"Hypertension complicating pregnancy, childbirth and the puerperium",exclude,,P,PREECLAMP,PrA
Preeclampsia,SNOMEDCT_US,199019000,"Unspecified hypertension complicating pregnancy, childbirth and the puerperium NOS",C0341909,"Hypertension complicating pregnancy, childbirth and the puerperium",exclude,,P,PREECLAMP,PrA
Preeclampsia,SNOMEDCT_US,15394000,Toxaemia of pregnancy,C4551893,Toxemia of pregnancy,exclude,,P,PREECLAMP,PrA
Preeclampsia,SNOMEDCT_US,237280005,Toxaemia NOS,C4551893,Toxemia of pregnancy,exclude,,P,PREECLAMP,PrA
Preeclampsia,SNOMEDCT_US,198988006,Eclampsia,C0013537,Eclampsia,narrow,,P,PREECLAMP,PrA
Preeclampsia,SNOMEDCT_US,198996001,Eclampsia NOS,C0013537,Eclampsia,narrow,,P,PREECLAMP,PrA
Preeclampsia,SNOMEDCT_US,198989003,Eclampsia unspecified,C0013537,Eclampsia,narrow,,P,PREECLAMP,PrA
Preeclampsia,SNOMEDCT_US,156111007,Eclampsia,C0013537,Eclampsia,narrow,,P,PREECLAMP,PrA
Preeclampsia,SNOMEDCT_US,15938005,Eclampsia,C0013537,Eclampsia,narrow,,P,PREECLAMP,PrA
Preeclampsia,SNOMEDCT_US,32966004,"Hypertension complicating pregnancy, childbirth AND/OR puerperium",C1443005,Non-proteinuric hypertension of pregnancy,exclude,,P,PREECLAMP,PrA
Preeclampsia,SNOMEDCT_US,198963003,Transient hypertension of pregnancy,C1535387,Hypertension of pregnancy (& [gestational] or [transient]),possible,,P,PREECLAMP,PrA
Preeclampsia,SNOMEDCT_US,156107001,Transient hypertension of pregnancy,C0341934,Transient hypertension of pregnancy,possible,,P,PREECLAMP,PrA
Preeclampsia,SNOMEDCT_US,198970003,Transient hypertension of pregnancy,C0341934,Transient hypertension of pregnancy,possible,,P,PREECLAMP,PrA
Preeclampsia,SNOMEDCT_US,198971004,Transient hypertension of pregnancy NOS,C0341934,Transient hypertension of pregnancy,possible,,P,PREECLAMP,PrA
Preeclampsia,SNOMEDCT_US,198964009,Transient hypertension of pregnancy unspecified,C0341934,Transient hypertension of pregnancy,possible,,P,PREECLAMP,PrA
Preeclampsia,SNOMEDCT_US,237279007,Transient hypertension of pregnancy,C0341934,Transient hypertension of pregnancy,possible,,P,PREECLAMP,PrA
Preeclampsia,SNOMEDCT_US,198994003,Eclampsia in pregnancy,C0156677,Eclampsia in pregnancy,narrow,,P,PREECLAMP,PrA
Preeclampsia,SNOMEDCT_US,198992004,Eclampsia in pregnancy,C0156677,Eclampsia in pregnancy,narrow,,P,PREECLAMP,PrA
Preeclampsia,SNOMEDCT_US,288250001,Maternal hypertension,C0565599,Maternal hypertension,possible,,P,PREECLAMP,PrA
Preeclampsia,SNOMEDCT_US,156105009,Pregnancy with hypertension (& [pre-existing]),C0565599,Maternal hypertension,possible,,P,PREECLAMP,PrA
Preeclampsia,SNOMEDCT_US,267305005,Hypertension+pregnancy,C0565599,Maternal hypertension,possible,,P,PREECLAMP,PrA
Preeclampsia,SNOMEDCT_US,157038006,Maternal hypertension,C0565599,Maternal hypertension,possible,,P,PREECLAMP,PrA
Preeclampsia,SNOMEDCT_US,199140001,Gestational proteinuria,C0269674,Gestational proteinuria,possible,,P,PREECLAMP,PrA
Preeclampsia,SNOMEDCT_US,156125008,Gestational proteinuria,C0269674,Gestational proteinuria,possible,,P,PREECLAMP,PrA
Preeclampsia,SNOMEDCT_US,34165000,Gestational proteinuria,C0269674,Gestational proteinuria,possible,,P,PREECLAMP,PrA
Preeclampsia,MDR,10014130,"Eclampsia complicating pregnancy, childbirth or the puerperium",C0260338,"Eclampsia complicating pregnancy, childbirth or the puerperium",exclude,,P,PREECLAMP,PrA
Preeclampsia,MDR,10040444,Severe pre-eclampsia,C0341950,Severe pre-eclampsia,narrow,,P,PREECLAMP,PrA
Preeclampsia,MDR,10046135,"Unspecified renal disease in pregnancy, unspecified as to episode of care",C0156738,Renal disorder in pregnancy,possible,,P,PREECLAMP,PrA
Preeclampsia,MDR,10056505,Renal disorder in pregnancy,C0156738,Renal disorder in pregnancy,possible,,P,PREECLAMP,PrA
Preeclampsia,MDR,10045638,Unspecified antepartum renal disease,C0156738,Renal disorder in pregnancy,possible,,P,PREECLAMP,PrA
Preeclampsia,MDR,10027620,Mild or unspecified pre-eclampsia,C0269658,Mild pre-eclampsia,narrow,,P,PREECLAMP,PrA
Preeclampsia,MDR,10020793,"Hypertension secondary to renal disease, complicating pregnancy, childbirth, and the puerperium",C0156647,"Hypertension secondary to renal disease, complicating pregnancy, childbirth, and the puerperium",exclude,,P,PREECLAMP,PrA
Preeclampsia,MDR,10074050,Pre-eclampsia toxaemia,C0032914,Pre-Eclampsia,narrow,,P,PREECLAMP,PrA
Preeclampsia,MDR,10036485,Pre-eclampsia,C0032914,Pre-Eclampsia,narrow,,P,PREECLAMP,PrA
Preeclampsia,MDR,10036492,Pre-eclampsia toxemia,C0032914,Pre-Eclampsia,narrow,,P,PREECLAMP,PrA
Preeclampsia,MDR,10036493,Pre-eclamptic toxaemia,C0032914,Pre-Eclampsia,narrow,,P,PREECLAMP,PrA
Preeclampsia,MDR,10049058,HELLP syndrome,C0162739,HELLP Syndrome,narrow,,P,PREECLAMP,PrA
Preeclampsia,MDR,10036557,Pregnancy associated hypertension,C0852036,Pregnancy associated hypertension,possible,,P,PREECLAMP,PrA
Preeclampsia,MDR,10035033,PIH Pregnancy induced hypertension,C0852036,Pregnancy associated hypertension,possible,,P,PREECLAMP,PrA
Preeclampsia,MDR,10070538,Gestational hypertension,C0852036,Pregnancy associated hypertension,possible,,P,PREECLAMP,PrA
Preeclampsia,MDR,10036563,Pregnancy induced hypertension,C0852036,Pregnancy associated hypertension,possible,,P,PREECLAMP,PrA
Preeclampsia,MDR,10020777,"Hypertension complicating pregnancy, childbirth, and the puerperium",C0341909,"Hypertension complicating pregnancy, childbirth and the puerperium",exclude,,P,PREECLAMP,PrA
Preeclampsia,MDR,10040447,"Severe pre-eclampsia, unspecified as to episode of care",C0156669,"Severe pre-eclampsia, unspecified as to episode of care or not applicable",narrow,,P,PREECLAMP,PrA
Preeclampsia,MDR,10027623,"Mild or unspecified pre-eclampsia, unspecified as to episode of care",C0156664,"Mild or unspecified pre-eclampsia, unspecified as to episode of care or not applicable",narrow,,P,PREECLAMP,PrA
Preeclampsia,MDR,10044133,Toxemia of pregnancy,C4551893,Toxemia of pregnancy,exclude,,P,PREECLAMP,PrA
Preeclampsia,MDR,10044130,Toxaemia of pregnancy,C4551893,Toxemia of pregnancy,exclude,,P,PREECLAMP,PrA
Preeclampsia,MDR,10014129,Eclampsia,C0013537,Eclampsia,narrow,,P,PREECLAMP,PrA
Preeclampsia,MDR,10045912,"Unspecified hypertension complicating pregnancy, childbirth, or the puerperium",C1261262,"Unspecified hypertension complicating pregnancy, childbirth, or the puerperium",exclude,,P,PREECLAMP,PrA
Preeclampsia,MDR,10044382,Transient hypertension of pregnancy,C0341934,Transient hypertension of pregnancy,possible,,P,PREECLAMP,PrA
Preeclampsia,MDR,10014132,"Eclampsia, antepartum",C0156677,Eclampsia in pregnancy,narrow,,P,PREECLAMP,PrA
Preeclampsia,MDR,10014135,"Eclampsia, with delivery, with mention of postpartum complication",C0156676,"Eclampsia, delivered, with mention of postpartum complication",exclude,,P,PREECLAMP,PrA
Preeclampsia,MDR,10014131,"Eclampsia complicating pregnancy, childbirth or the puerperium, unspecified as to episode of care",C0156674,"Eclampsia, unspecified as to episode of care or not applicable",narrow,,P,PREECLAMP,PrA
Preeclampsia,Free_text,PREECLAMP_narrow,(missing name),C0000000,Unassociated custom codes,narrow,,P,PREECLAMP,PrA
Preeclampsia,MTHICD9,642.6,"Eclamptic toxemia complicating pregnancy, childbirth or the puerperium",C0260338,"Eclampsia complicating pregnancy, childbirth or the puerperium",exclude,,P,PREECLAMP,PrA
Preeclampsia,MTHICD9,642.5,"Pre-eclampsia, severe",C0341950,Severe pre-eclampsia,narrow,,P,PREECLAMP,PrA
Preeclampsia,MTHICD9,646.23,Unspecified antepartum renal disease,C0156738,Renal disorder in pregnancy,possible,,P,PREECLAMP,PrA
Preeclampsia,MTHICD9,646.20,"Unspecified renal disease in pregnancy, unspecified as to episode of care",C0156738,Renal disorder in pregnancy,possible,,P,PREECLAMP,PrA
Preeclampsia,MTHICD9,642.4,Toxemia NOS,C0269658,Mild pre-eclampsia,narrow,,P,PREECLAMP,PrA
Preeclampsia,MTHICD9,642.1,"Hypertension secondary to renal disease, complicating pregnancy, childbirth and the puerperium",C0156647,"Hypertension secondary to renal disease, complicating pregnancy, childbirth, and the puerperium",exclude,,P,PREECLAMP,PrA
Preeclampsia,MTHICD9,642.3,Gestational hypertension,C0852036,Pregnancy associated hypertension,possible,,P,PREECLAMP,PrA
Preeclampsia,MTHICD9,642,"Hypertension complicating pregnancy, childbirth and the puerperium",C0341909,"Hypertension complicating pregnancy, childbirth and the puerperium",exclude,,P,PREECLAMP,PrA
Preeclampsia,MTHICD9,642.50,"Severe pre-eclampsia, unspecified as to episode of care",C0156669,"Severe pre-eclampsia, unspecified as to episode of care or not applicable",narrow,,P,PREECLAMP,PrA
Preeclampsia,MTHICD9,642.40,"Mild or unspecified pre-eclampsia, unspecified as to episode of care",C0156664,"Mild or unspecified pre-eclampsia, unspecified as to episode of care or not applicable",narrow,,P,PREECLAMP,PrA
Preeclampsia,MTHICD9,646.2,"Nephropathy NOS in pregnancy or the puerperium, without mention of hypertension",C0473335,Uremia in pregnancy without hypertension,possible,,P,PREECLAMP,PrA
Preeclampsia,MTHICD9,642.63,"Eclampsia, antepartum",C0156677,Eclampsia in pregnancy,narrow,,P,PREECLAMP,PrA
Preeclampsia,MTHICD9,642.62,"Eclampsia, with delivery, with mention of postpartum complication",C0156676,"Eclampsia, delivered, with mention of postpartum complication",exclude,,P,PREECLAMP,PrA
Preeclampsia,MTHICD9,642.60,"Eclampsia complicating pregnancy, childbirth or the puerperium, unspecified as to episode of care",C0156674,"Eclampsia, unspecified as to episode of care or not applicable",narrow,,P,PREECLAMP,PrA
Spontaneous abortion,ICD9CMP,637.60,Unspecified abortion- complicated by embolism- unspecified,C0000000,Unassociated custom codes,possible,,P,SpontaneousAbortion,PrA
Spontaneous abortion,ICD9CMP,637.61,Unspecified abortion- complicated by embolism- incomplete,C0000000,Unassociated custom codes,possible,,P,SpontaneousAbortion,PrA
Spontaneous abortion,ICD9CMP,634.0,Spontaneous abortion complicated by genital tract and pelvic infection,C0000000,Unassociated custom codes,narrow,,P,SpontaneousAbortion,PrA
Spontaneous abortion,ICD9CMP,634.1,Spontaneous abortion- complicated by delayed or excessive hemorrhage,C0000000,Unassociated custom codes,narrow,,P,SpontaneousAbortion,PrA
Spontaneous abortion,ICD9CMP,634.2,Spontaneous abortion- complicated by damage to pelvic organs or tissues,C0000000,Unassociated custom codes,narrow,,P,SpontaneousAbortion,PrA
Spontaneous abortion,ICD9CMP,634.3,Spontaneous abortion- complicated by renal failure,C0000000,Unassociated custom codes,narrow,,P,SpontaneousAbortion,PrA
Spontaneous abortion,ICD9CMP,634.4,Spontaneous abortion- complicated by metabolic disorder,C0000000,Unassociated custom codes,narrow,,P,SpontaneousAbortion,PrA
Spontaneous abortion,ICD9CMP,634.5,Spontaneous abortion- complicated by shock,C0000000,Unassociated custom codes,narrow,,P,SpontaneousAbortion,PrA
Spontaneous abortion,ICD9CMP,634.6,Spontaneous abortion- complicated by embolism,C0000000,Unassociated custom codes,narrow,,P,SpontaneousAbortion,PrA
Spontaneous abortion,ICD9CMP,631,Other abnormal product of conception,C0000000,Unassociated custom codes,possible,,P,SpontaneousAbortion,PrA
Spontaneous abortion,ICD9CMP,632,Missed abortion,C0000000,Unassociated custom codes,narrow,,P,SpontaneousAbortion,PrA
Spontaneous abortion,ICD9CMP,634,Spontaneous abortion,C0000000,Unassociated custom codes,narrow,,P,SpontaneousAbortion,PrA
Spontaneous abortion,ICD9CMP,634.30,Spontaneous abortion- complicated by renal failure- unspecified,C0000000,Unassociated custom codes,narrow,,P,SpontaneousAbortion,PrA
Spontaneous abortion,ICD9CMP,634.31,Spontaneous abortion- complicated by renal failure- incomplete,C0000000,Unassociated custom codes,narrow,,P,SpontaneousAbortion,PrA
Spontaneous abortion,ICD9CMP,634.32,Spontaneous abortion- complicated by renal failure- complete,C0000000,Unassociated custom codes,narrow,,P,SpontaneousAbortion,PrA
Spontaneous abortion,ICD9CMP,637.22,Unspecified abortion- complicated by damage to pelvic organs or tissues- complete,C0000000,Unassociated custom codes,possible,,P,SpontaneousAbortion,PrA
Spontaneous abortion,ICD9CMP,637,Unspecified abortion,C0000000,Unassociated custom codes,possible,,P,SpontaneousAbortion,PrA
Spontaneous abortion,ICD9CMP,634.70,Spontaneous abortion- with other specified complications- unspecified,C0000000,Unassociated custom codes,narrow,,P,SpontaneousAbortion,PrA
Spontaneous abortion,ICD9CMP,637.20,Unspecified abortion- complicated by damage to pelvic organs or tissues- unspecified,C0000000,Unassociated custom codes,possible,,P,SpontaneousAbortion,PrA
Spontaneous abortion,ICD9CMP,634.71,Spontaneous abortion- with other specified complications- incomplete,C0000000,Unassociated custom codes,narrow,,P,SpontaneousAbortion,PrA
Spontaneous abortion,ICD9CMP,637.21,Unspecified abortion- complicated by damage to pelvic organs or tissues- incomplete,C0000000,Unassociated custom codes,possible,,P,SpontaneousAbortion,PrA
Spontaneous abortion,ICD9CMP,634.72,Spontaneous abortion- with other specified complications- complete,C0000000,Unassociated custom codes,narrow,,P,SpontaneousAbortion,PrA
Spontaneous abortion,ICD9CMP,637.62,Unspecified abortion- complicated by embolism- complete,C0000000,Unassociated custom codes,possible,,P,SpontaneousAbortion,PrA
Spontaneous abortion,ICD9CMP,637.71,Unspecified abortion- with other specified complications- incomplete,C0000000,Unassociated custom codes,possible,,P,SpontaneousAbortion,PrA
Spontaneous abortion,ICD9CMP,637.72,Unspecified abortion- with other specified complications- complete,C0000000,Unassociated custom codes,possible,,P,SpontaneousAbortion,PrA
Spontaneous abortion,ICD9CMP,634.80,Spontaneous abortion- with unspecified complication- unspecified,C0000000,Unassociated custom codes,narrow,,P,SpontaneousAbortion,PrA
Spontaneous abortion,ICD9CMP,637.70,Unspecified abortion- with other specified complications- unspecified,C0000000,Unassociated custom codes,possible,,P,SpontaneousAbortion,PrA
Spontaneous abortion,ICD9CMP,643.0,Spontaneous abortion complicated by genital tract and pelvic infection,C0000000,Unassociated custom codes,narrow,,P,SpontaneousAbortion,PrA
Spontaneous abortion,ICD9CMP,634.7,Spontaneous abortion- with other specified complications,C0000000,Unassociated custom codes,narrow,,P,SpontaneousAbortion,PrA
Spontaneous abortion,ICD9CMP,634.8,Spontaneous abortion- with unspecified complication,C0000000,Unassociated custom codes,narrow,,P,SpontaneousAbortion,PrA
Spontaneous abortion,ICD9CMP,634.9,Spontaneous abortion- without mention of complication,C0000000,Unassociated custom codes,narrow,,P,SpontaneousAbortion,PrA
Spontaneous abortion,ICD9CMP,634.01,Spontaneous abortion- complicated by genital tract and pelvic infection- incomplete,C0000000,Unassociated custom codes,narrow,,P,SpontaneousAbortion,PrA
Spontaneous abortion,ICD9CMP,634.02,Spontaneous abortion- complicated by genital tract and pelvic infection- complete,C0000000,Unassociated custom codes,narrow,,P,SpontaneousAbortion,PrA
Spontaneous abortion,ICD9CMP,634.41,Spontaneous abortion- complicated by metabolic disorder- incomplete,C0000000,Unassociated custom codes,narrow,,P,SpontaneousAbortion,PrA
Spontaneous abortion,ICD9CMP,634.42,Spontaneous abortion- complicated by metabolic disorder- complete,C0000000,Unassociated custom codes,narrow,,P,SpontaneousAbortion,PrA
Spontaneous abortion,ICD9CMP,634.00,Spontaneous abortion- complicated by genital tract and pelvic infection- unspecified,C0000000,Unassociated custom codes,narrow,,P,SpontaneousAbortion,PrA
Spontaneous abortion,ICD9CMP,634.81,Spontaneous abortion- with unspecified complication- incomplete,C0000000,Unassociated custom codes,narrow,,P,SpontaneousAbortion,PrA
Spontaneous abortion,ICD9CMP,637.31,Unspecified abortion- complicated by renal failure- incomplete,C0000000,Unassociated custom codes,possible,,P,SpontaneousAbortion,PrA
Spontaneous abortion,ICD9CMP,634.82,Spontaneous abortion- with unspecified complication- complete,C0000000,Unassociated custom codes,narrow,,P,SpontaneousAbortion,PrA
Spontaneous abortion,ICD9CMP,637.32,Unspecified abortion- complicated by renal failure- complete,C0000000,Unassociated custom codes,possible,,P,SpontaneousAbortion,PrA
Spontaneous abortion,ICD9CMP,634.40,Spontaneous abortion- complicated by metabolic disorder- unspecified,C0000000,Unassociated custom codes,narrow,,P,SpontaneousAbortion,PrA
Spontaneous abortion,ICD9CMP,637.30,Unspecified abortion- complicated by renal failure- unspecified,C0000000,Unassociated custom codes,possible,,P,SpontaneousAbortion,PrA
Spontaneous abortion,ICD9CMP,637.82,Unspecified abortion- with unspecified complication- complete,C0000000,Unassociated custom codes,possible,,P,SpontaneousAbortion,PrA
Spontaneous abortion,ICD9CMP,634.90,Spontaneous abortion- without mention of complication- unspecified,C0000000,Unassociated custom codes,narrow,,P,SpontaneousAbortion,PrA
Spontaneous abortion,ICD9CMP,637.80,Unspecified abortion- with unspecified complication- unspecified,C0000000,Unassociated custom codes,possible,,P,SpontaneousAbortion,PrA
Spontaneous abortion,ICD9CMP,634.91,Spontaneous abortion- without mention of complication- incomplete,C0000000,Unassociated custom codes,narrow,,P,SpontaneousAbortion,PrA
Spontaneous abortion,ICD9CMP,637.81,Unspecified abortion- with unspecified complication- incomplete,C0000000,Unassociated custom codes,possible,,P,SpontaneousAbortion,PrA
Spontaneous abortion,ICD9CMP,631.0,Inappropriate change in quantitative human chorionic gonadotropin (hCG) in early pregnancy,C0000000,Unassociated custom codes,narrow,,P,SpontaneousAbortion,PrA
Spontaneous abortion,ICD9CMP,646.30,Recurrent pregnancy loss- unspecified as to episode of care or not applicable,C0000000,Unassociated custom codes,possible,,P,SpontaneousAbortion,PrA
Spontaneous abortion,ICD9CMP,637.0,Unspecified abortion complicated by genital tract and pelvic infection,C0000000,Unassociated custom codes,possible,,P,SpontaneousAbortion,PrA
Spontaneous abortion,ICD9CMP,637.1,Unspecified abortion- complicated by delayed or excessive hemorrhage,C0000000,Unassociated custom codes,possible,,P,SpontaneousAbortion,PrA
Spontaneous abortion,ICD9CMP,631.8,Blighted ovum,C0000000,Unassociated custom codes,narrow,,P,SpontaneousAbortion,PrA
Spontaneous abortion,ICD9CMP,637.2,Unspecified abortion- complicated by damage to pelvic organs or tissues,C0000000,Unassociated custom codes,possible,,P,SpontaneousAbortion,PrA
Spontaneous abortion,ICD9CMP,639.1,Delayed or excessive hemorrhage following abortion or ectopic and molar pregnancies,C0000000,Unassociated custom codes,possible,,P,SpontaneousAbortion,PrA
Spontaneous abortion,ICD9CMP,637.3,Unspecified abortion- complicated by renal failure,C0000000,Unassociated custom codes,possible,,P,SpontaneousAbortion,PrA
Spontaneous abortion,ICD9CMP,634.12,Spontaneous abortion- complicated by delayed or excessive hemorrhage- complete,C0000000,Unassociated custom codes,narrow,,P,SpontaneousAbortion,PrA
Spontaneous abortion,ICD9CMP,634.52,Spontaneous abortion- complicated by shock- complete,C0000000,Unassociated custom codes,narrow,,P,SpontaneousAbortion,PrA
Spontaneous abortion,ICD9CMP,637.02,Unspecified abortion- complicated by genital tract and pelvic infection- complete,C0000000,Unassociated custom codes,possible,,P,SpontaneousAbortion,PrA
Spontaneous abortion,ICD9CMP,634.10,Spontaneous abortion- complicated by delayed or excessive hemorrhage- unspecified,C0000000,Unassociated custom codes,narrow,,P,SpontaneousAbortion,PrA
Spontaneous abortion,ICD9CMP,637.00,Unspecified abortion- complicated by genital tract and pelvic infection- unspecified,C0000000,Unassociated custom codes,possible,,P,SpontaneousAbortion,PrA
Spontaneous abortion,ICD9CMP,634.11,Spontaneous abortion- complicated by delayed or excessive hemorrhage- incomplete,C0000000,Unassociated custom codes,narrow,,P,SpontaneousAbortion,PrA
Spontaneous abortion,ICD9CMP,637.01,Unspecified abortion- complicated by genital tract and pelvic infection- incomplete,C0000000,Unassociated custom codes,possible,,P,SpontaneousAbortion,PrA
Spontaneous abortion,ICD9CMP,634.92,Spontaneous abortion- without mention of complication- complete,C0000000,Unassociated custom codes,narrow,,P,SpontaneousAbortion,PrA
Spontaneous abortion,ICD9CMP,637.42,Unspecified abortion- complicated by metabolic disorder- complete,C0000000,Unassociated custom codes,possible,,P,SpontaneousAbortion,PrA
Spontaneous abortion,ICD9CMP,634.50,Spontaneous abortion- complicated by shock- unspecified,C0000000,Unassociated custom codes,narrow,,P,SpontaneousAbortion,PrA
Spontaneous abortion,ICD9CMP,637.40,Unspecified abortion- complicated by metabolic disorder- unspecified,C0000000,Unassociated custom codes,possible,,P,SpontaneousAbortion,PrA
Spontaneous abortion,ICD9CMP,634.51,Spontaneous abortion- complicated by shock- incomplete,C0000000,Unassociated custom codes,narrow,,P,SpontaneousAbortion,PrA
Spontaneous abortion,ICD9CMP,637.41,Unspecified abortion- complicated by metabolic disorder- incomplete,C0000000,Unassociated custom codes,possible,,P,SpontaneousAbortion,PrA
Spontaneous abortion,ICD9CMP,637.50,Unspecified abortion- complicated by shock- unspecified,C0000000,Unassociated custom codes,possible,,P,SpontaneousAbortion,PrA
Spontaneous abortion,ICD9CMP,637.91,Unspecified abortion- without mention of complication- incomplete,C0000000,Unassociated custom codes,possible,,P,SpontaneousAbortion,PrA
Spontaneous abortion,ICD9CMP,637.92,Unspecified abortion- without mention of complication- complete,C0000000,Unassociated custom codes,possible,,P,SpontaneousAbortion,PrA
Spontaneous abortion,ICD9CMP,637.90,Unspecified abortion- without mention of complication- unspecified,C0000000,Unassociated custom codes,possible,,P,SpontaneousAbortion,PrA
Spontaneous abortion,ICD9CMP,646.3,Recurrent pregnancy loss,C0000000,Unassociated custom codes,possible,,P,SpontaneousAbortion,PrA
Spontaneous abortion,ICD9CMP,637.4,Unspecified abortion- complicated by metabolic disorder,C0000000,Unassociated custom codes,possible,,P,SpontaneousAbortion,PrA
Spontaneous abortion,ICD9CMP,637.5,Unspecified abortion- complicated by shock,C0000000,Unassociated custom codes,possible,,P,SpontaneousAbortion,PrA
Spontaneous abortion,ICD9CMP,637.6,Unspecified abortion- complicated by embolism,C0000000,Unassociated custom codes,possible,,P,SpontaneousAbortion,PrA
Spontaneous abortion,ICD9CMP,637.7,Unspecified abortion- with other specified complications,C0000000,Unassociated custom codes,possible,,P,SpontaneousAbortion,PrA
Spontaneous abortion,ICD9CMP,637.8,Unspecified abortion- with unspecified complication,C0000000,Unassociated custom codes,possible,,P,SpontaneousAbortion,PrA
Spontaneous abortion,ICD9CMP,637.9,Unspecified abortion- without mention of complication,C0000000,Unassociated custom codes,possible,,P,SpontaneousAbortion,PrA
Spontaneous abortion,ICD9CMP,634.20,Spontaneous abortion- complicated by damage to pelvic organs or tissues- unspecified,C0000000,Unassociated custom codes,narrow,,P,SpontaneousAbortion,PrA
Spontaneous abortion,ICD9CMP,634.21,Spontaneous abortion- complicated by damage to pelvic organs or tissues- incomplete,C0000000,Unassociated custom codes,narrow,,P,SpontaneousAbortion,PrA
Spontaneous abortion,ICD9CMP,637.11,Unspecified abortion- complicated by delayed or excessive hemorrhage- incomplete,C0000000,Unassociated custom codes,possible,,P,SpontaneousAbortion,PrA
Spontaneous abortion,ICD9CMP,634.22,Spontaneous abortion- complicated by damage to pelvic organs or tissues- complete,C0000000,Unassociated custom codes,narrow,,P,SpontaneousAbortion,PrA
Spontaneous abortion,ICD9CMP,637.12,Unspecified abortion- complicated by delayed or excessive hemorrhage- complete,C0000000,Unassociated custom codes,possible,,P,SpontaneousAbortion,PrA
Spontaneous abortion,ICD9CMP,634.60,Spontaneous abortion- complicated by embolism- unspecified,C0000000,Unassociated custom codes,narrow,,P,SpontaneousAbortion,PrA
Spontaneous abortion,ICD9CMP,637.10,Unspecified abortion- complicated by delayed or excessive hemorrhage- unspecified,C0000000,Unassociated custom codes,possible,,P,SpontaneousAbortion,PrA
Spontaneous abortion,ICD9CMP,634.61,Spontaneous abortion- complicated by embolism- incomplete,C0000000,Unassociated custom codes,narrow,,P,SpontaneousAbortion,PrA
Spontaneous abortion,ICD9CMP,637.51,Unspecified abortion- complicated by shock- incomplete,C0000000,Unassociated custom codes,possible,,P,SpontaneousAbortion,PrA
Spontaneous abortion,ICD9CMP,634.62,Spontaneous abortion- complicated by embolism- complete,C0000000,Unassociated custom codes,narrow,,P,SpontaneousAbortion,PrA
Spontaneous abortion,ICD9CMP,637.52,Unspecified abortion- complicated by shock- complete,C0000000,Unassociated custom codes,possible,,P,SpontaneousAbortion,PrA
Spontaneous abortion,ICD10CM,O02.1,Missed abortion,C0000814,Missed abortion,narrow,,P,SpontaneousAbortion,PrA
Spontaneous abortion,ICD10CM,O03.6,Delayed or excessive hemorrhage following complete or unspecified spontaneous abortion,C2903250,Delayed or excessive hemorrhage following complete or unspecified spontaneous abortion,narrow,,P,SpontaneousAbortion,PrA
Spontaneous abortion,ICD10CM,O03.4,Incomplete spontaneous abortion without complication,C0729205,"Spontaneous abortion, incomplete, without complication",narrow,,P,SpontaneousAbortion,PrA
Spontaneous abortion,ICD10CM,O03.7,Embolism following complete or unspecified spontaneous abortion,C2903260,Embolism following complete or unspecified spontaneous abortion,narrow,,P,SpontaneousAbortion,PrA
Spontaneous abortion,ICD10CM,O03.33,Metabolic disorder following incomplete spontaneous abortion,C0404921,Metabolic disorder due to incomplete miscarriage,narrow,,P,SpontaneousAbortion,PrA
Spontaneous abortion,ICD10CM,O03.5,Genital tract and pelvic infection following complete or unspecified spontaneous abortion,C2903245,Genital tract and pelvic infection following complete or unspecified spontaneous abortion,narrow,,P,SpontaneousAbortion,PrA
Spontaneous abortion,ICD10CM,O02.81,Inappropriate change in quantitative human chorionic gonadotropin (hCG) in early pregnancy,C3161120,Inappropriate change in quantitative human chorionic gonadotropin (hCG) in early pregnancy,narrow,,P,SpontaneousAbortion,PrA
Spontaneous abortion,ICD10CM,O06.9,"Unspecified abortion, complete or unspecified, without complication",C0000000,Unassociated custom codes,possible,,P,SpontaneousAbortion,PrA
Spontaneous abortion,ICD10CM,O05.9,"Other abortion, complete or unspecified, without complication",C0000000,Unassociated custom codes,possible,,P,SpontaneousAbortion,PrA
Spontaneous abortion,ICD10CM,O06.8,"Unspecified abortion, complete or unspecified, with other and unspecified complications",C0000000,Unassociated custom codes,possible,,P,SpontaneousAbortion,PrA
Spontaneous abortion,ICD10CM,O05.8,"Other abortion, complete or unspecified, with other and unspecified complications",C0000000,Unassociated custom codes,possible,,P,SpontaneousAbortion,PrA
Spontaneous abortion,ICD10CM,O06.7,"Unspecified abortion, complete or unspecified, complicated by embolism",C0000000,Unassociated custom codes,possible,,P,SpontaneousAbortion,PrA
Spontaneous abortion,ICD10CM,O05.7,"Other abortion, complete or unspecified, complicated by embolism",C0000000,Unassociated custom codes,possible,,P,SpontaneousAbortion,PrA
Spontaneous abortion,ICD10CM,O06.6,"Unspecified abortion, complete or unspecified, complicated by delayed or excessive haemorrhage",C0000000,Unassociated custom codes,possible,,P,SpontaneousAbortion,PrA
Spontaneous abortion,ICD10CM,O05.6,"Other abortion, complete or unspecified, complicated by delayed or excessive haemorrhage",C0000000,Unassociated custom codes,possible,,P,SpontaneousAbortion,PrA
Spontaneous abortion,ICD10CM,O06.5,"Unspecified abortion, complete or unspecified, complicated by genital tract and pelvic infection",C0000000,Unassociated custom codes,possible,,P,SpontaneousAbortion,PrA
Spontaneous abortion,ICD10CM,O05.5,"Other abortion, complete or unspecified, complicated by genital tract and pelvic infection",C0000000,Unassociated custom codes,possible,,P,SpontaneousAbortion,PrA
Spontaneous abortion,ICD10CM,O06.4,"Unspecified abortion, incomplete, without complication",C0000000,Unassociated custom codes,possible,,P,SpontaneousAbortion,PrA
Spontaneous abortion,ICD10CM,O06,Unspecified abortion,C0000000,Unassociated custom codes,possible,,P,SpontaneousAbortion,PrA
Spontaneous abortion,ICD10CM,O05.4,"Other abortion, incomplete, without complication",C0000000,Unassociated custom codes,possible,,P,SpontaneousAbortion,PrA
Spontaneous abortion,ICD10CM,O06.3,"Unspecified abortion, incomplete, with other and unspecified complications",C0000000,Unassociated custom codes,possible,,P,SpontaneousAbortion,PrA
Spontaneous abortion,ICD10CM,O05,Other abortion,C0000000,Unassociated custom codes,possible,,P,SpontaneousAbortion,PrA
Spontaneous abortion,ICD10CM,O05.3,"Other abortion, incomplete, with other and unspecified complications",C0000000,Unassociated custom codes,possible,,P,SpontaneousAbortion,PrA
Spontaneous abortion,ICD10CM,O06.2,"Unspecified abortion, incomplete, complicated by embolism",C0000000,Unassociated custom codes,possible,,P,SpontaneousAbortion,PrA
Spontaneous abortion,ICD10CM,O05.2,"Other abortion, incomplete, complicated by embolism",C0000000,Unassociated custom codes,possible,,P,SpontaneousAbortion,PrA
Spontaneous abortion,ICD10CM,O06.1,"Unspecified abortion, incomplete, complicated by delayed or excessive haemorrhage",C0000000,Unassociated custom codes,possible,,P,SpontaneousAbortion,PrA
Spontaneous abortion,ICD10CM,O05.1,"Other abortion, incomplete, complicated by delayed or excessive haemorrhage",C0000000,Unassociated custom codes,possible,,P,SpontaneousAbortion,PrA
Spontaneous abortion,ICD10CM,O06.0,Unspecified abortion- incomplete- complicated by genital tract and pelvic infection,C0000000,Unassociated custom codes,possible,,P,SpontaneousAbortion,PrA
Spontaneous abortion,ICD10CM,O05.0,"Other abortion, incomplete, complicated by genital tract and pelvic infection",C0000000,Unassociated custom codes,possible,,P,SpontaneousAbortion,PrA
Spontaneous abortion,ICD10CM,O03.36,Cardiac arrest following incomplete spontaneous abortion,C2903234,Cardiac arrest following incomplete spontaneous abortion,narrow,,P,SpontaneousAbortion,PrA
Spontaneous abortion,ICD10CM,O03.37,Sepsis following incomplete spontaneous abortion,C2903235,Sepsis following incomplete spontaneous abortion,narrow,,P,SpontaneousAbortion,PrA
Spontaneous abortion,ICD10CM,O03.34,Damage to pelvic organs following incomplete spontaneous abortion,C2903232,Damage to pelvic organs following incomplete spontaneous abortion,narrow,,P,SpontaneousAbortion,PrA
Spontaneous abortion,ICD10CM,O03.35,Other venous complications following incomplete spontaneous abortion,C2903233,Other venous complications following incomplete spontaneous abortion,narrow,,P,SpontaneousAbortion,PrA
Spontaneous abortion,ICD10CM,O03.0,Genital tract and pelvic infection following incomplete spontaneous abortion,C2903197,Genital tract and pelvic infection following incomplete spontaneous abortion,narrow,,P,SpontaneousAbortion,PrA
Spontaneous abortion,ICD10CM,O03.39,Incomplete spontaneous abortion with other complications,C2903238,Incomplete spontaneous abortion with other complications,narrow,,P,SpontaneousAbortion,PrA
Spontaneous abortion,ICD10CM,O03.38,Urinary tract infection following incomplete spontaneous abortion,C2903237,Urinary tract infection following incomplete spontaneous abortion,narrow,,P,SpontaneousAbortion,PrA
Spontaneous abortion,ICD10CM,O02.0,Blighted ovum and nonhydatidiform mole,C0701846,Carneous mole,narrow,,P,SpontaneousAbortion,PrA
Spontaneous abortion,ICD10CM,O03.32,Renal failure following incomplete spontaneous abortion,C2903223,Renal failure following incomplete spontaneous abortion,narrow,,P,SpontaneousAbortion,PrA
Spontaneous abortion,ICD10CM,O03.9,Miscarriage NOS,C0000786,Spontaneous abortion,narrow,,P,SpontaneousAbortion,PrA
Spontaneous abortion,ICD10CM,O03,miscarriage,C0000786,Spontaneous abortion,narrow,,P,SpontaneousAbortion,PrA
Spontaneous abortion,ICD10CM,O03.3,Oth and unsp comp following incomplete spontaneous abortion,C2903213,Other and unspecified complications following incomplete spontaneous abortion,narrow,,P,SpontaneousAbortion,PrA
Spontaneous abortion,ICD10CM,O03.31,Shock following incomplete spontaneous abortion,C2903217,Shock following incomplete spontaneous abortion,narrow,,P,SpontaneousAbortion,PrA
Spontaneous abortion,ICD10CM,O03.30,Unspecified complication following incomplete spontaneous abortion,C2903214,Unspecified complication following incomplete spontaneous abortion,narrow,,P,SpontaneousAbortion,PrA
Spontaneous abortion,ICD10CM,O02,Other abnormal products of conception,C0156422,Other abnormal products of conception,possible,,P,SpontaneousAbortion,PrA
Spontaneous abortion,ICD10CM,O02.89,Other abnormal products of conception,C0156422,Other abnormal products of conception,possible,,P,SpontaneousAbortion,PrA
Spontaneous abortion,ICD10CM,O03.1,Delayed or excessive hemorrhage following incomplete spontaneous abortion,C2903202,Delayed or excessive hemorrhage following incomplete spontaneous abortion,narrow,,P,SpontaneousAbortion,PrA
Spontaneous abortion,ICD10CM,O03.88,Urinary tract infection following complete or unspecified spontaneous abortion,C2903285,Urinary tract infection following complete or unspecified spontaneous abortion,narrow,,P,SpontaneousAbortion,PrA
Spontaneous abortion,ICD10CM,O03.89,Complete or unspecified spontaneous abortion with other complications,C2903286,Complete or unspecified spontaneous abortion with other complications,narrow,,P,SpontaneousAbortion,PrA
Spontaneous abortion,ICD10CM,O03.87,Sepsis following complete or unspecified spontaneous abortion,C2903283,Sepsis following complete or unspecified spontaneous abortion,narrow,,P,SpontaneousAbortion,PrA
Spontaneous abortion,ICD10CM,O03.83,Metabolic disorder following complete or unspecified spontaneous abortion,C2903272,Metabolic disorder following complete or unspecified spontaneous abortion,narrow,,P,SpontaneousAbortion,PrA
Spontaneous abortion,ICD10CM,O02.8,Other specified abnormal products of conception,C0477800,Other specified abnormal products of conception,possible,,P,SpontaneousAbortion,PrA
Spontaneous abortion,ICD10CM,O03.85,Other venous complications following complete or unspecified spontaneous abortion,C2903281,Other venous complications following complete or unspecified spontaneous abortion,narrow,,P,SpontaneousAbortion,PrA
Spontaneous abortion,ICD10CM,O03.86,Cardiac arrest following complete or unspecified spontaneous abortion,C2903282,Cardiac arrest following complete or unspecified spontaneous abortion,narrow,,P,SpontaneousAbortion,PrA
Spontaneous abortion,ICD10CM,O03.84,Damage to pelvic organs following complete or unspecified spontaneous abortion,C2903280,Damage to pelvic organs following complete or unspecified spontaneous abortion,narrow,,P,SpontaneousAbortion,PrA
Spontaneous abortion,ICD10CM,O08.1,Delayed or excessive hemorrhage following ectopic and molar pregnancy,C0495168,Delayed or excessive hemorrhage following abortion and ectopic and molar pregnancy,possible,,P,SpontaneousAbortion,PrA
Spontaneous abortion,ICD10CM,O03.81,Shock following complete or unspecified spontaneous abortion,C2903265,Shock following complete or unspecified spontaneous abortion,narrow,,P,SpontaneousAbortion,PrA
Spontaneous abortion,ICD10CM,O03.2,Embolism following incomplete spontaneous abortion,C0404919,Embolism due to incomplete miscarriage,narrow,,P,SpontaneousAbortion,PrA
Spontaneous abortion,ICD10CM,O03.8,Oth and unsp comp following complete or unsp spon abortion,C2903261,Other and unspecified complications following complete or unspecified spontaneous abortion,narrow,,P,SpontaneousAbortion,PrA
Spontaneous abortion,ICD10CM,O03.80,Unspecified complication following complete or unspecified spontaneous abortion,C2903262,Unspecified complication following complete or unspecified spontaneous abortion,narrow,,P,SpontaneousAbortion,PrA
Spontaneous abortion,ICD10CM,O02.9,"Abnormal product of conception, unspecified",C0269274,Abnormal product of conception,possible,,P,SpontaneousAbortion,PrA
Spontaneous abortion,ICD10CM,O03.82,Renal failure following complete or unspecified spontaneous abortion,C2903271,Renal failure following complete or unspecified spontaneous abortion,narrow,,P,SpontaneousAbortion,PrA
Spontaneous abortion,ICPC2EENG,W82,Abortion spontaneous,C0000786,Spontaneous abortion,narrow,,P,SpontaneousAbortion,PrA
Spontaneous abortion,ICD10_2019,O02.1,Missed abortion,C0000814,Missed abortion,narrow,,P,SpontaneousAbortion,PrA
Spontaneous abortion,ICD10_2019,O03.4,"Spontaneous abortion, incomplete, without complication",C0729205,"Spontaneous abortion, incomplete, without complication",narrow,,P,SpontaneousAbortion,PrA
Spontaneous abortion,ICD10_2019,O03.39,Incomplete spontaneous abortion with other complications,C0000000,Unassociated custom codes,narrow,,P,SpontaneousAbortion,PrA
Spontaneous abortion,ICD10_2019,O03.38,Urinary tract infection following incomplete spontaneous abortion,C0000000,Unassociated custom codes,narrow,,P,SpontaneousAbortion,PrA
Spontaneous abortion,ICD10_2019,O03.37,Sepsis following incomplete spontaneous abortion,C0000000,Unassociated custom codes,narrow,,P,SpontaneousAbortion,PrA
Spontaneous abortion,ICD10_2019,O06.9,"Unspecified abortion, complete or unspecified, without complication",C0000000,Unassociated custom codes,possible,,P,SpontaneousAbortion,PrA
Spontaneous abortion,ICD10_2019,O03.87,Sepsis following complete or unspecified spontaneous abortion,C0000000,Unassociated custom codes,narrow,,P,SpontaneousAbortion,PrA
Spontaneous abortion,ICD10_2019,O03.86,Cardiac arrest following complete or unspecified spontaneous abortion,C0000000,Unassociated custom codes,narrow,,P,SpontaneousAbortion,PrA
Spontaneous abortion,ICD10_2019,O03.85,Other venous complications following complete or unspecified spontaneous abortion,C0000000,Unassociated custom codes,narrow,,P,SpontaneousAbortion,PrA
Spontaneous abortion,ICD10_2019,O03.84,Damage to pelvic organs following complete or unspecified spontaneous abortion,C0000000,Unassociated custom codes,narrow,,P,SpontaneousAbortion,PrA
Spontaneous abortion,ICD10_2019,O03.89,Complete or unspecified spontaneous abortion with other complications,C0000000,Unassociated custom codes,narrow,,P,SpontaneousAbortion,PrA
Spontaneous abortion,ICD10_2019,O03.88,Urinary tract infection following complete or unspecified spontaneous abortion,C0000000,Unassociated custom codes,narrow,,P,SpontaneousAbortion,PrA
Spontaneous abortion,ICD10_2019,O03.83,Metabolic disorder following complete or unspecified spontaneous abortion,C0000000,Unassociated custom codes,narrow,,P,SpontaneousAbortion,PrA
Spontaneous abortion,ICD10_2019,O03.82,Renal failure following complete or unspecified spontaneous abortion,C0000000,Unassociated custom codes,narrow,,P,SpontaneousAbortion,PrA
Spontaneous abortion,ICD10_2019,O03.81,Shock following complete or unspecified spontaneous abortion,C0000000,Unassociated custom codes,narrow,,P,SpontaneousAbortion,PrA
Spontaneous abortion,ICD10_2019,O03.80,Unspecified complication following complete or unspecified spontaneous abortion,C0000000,Unassociated custom codes,narrow,,P,SpontaneousAbortion,PrA
Spontaneous abortion,ICD10_2019,O03.32,Renal failure following incomplete spontaneous abortion,C0000000,Unassociated custom codes,narrow,,P,SpontaneousAbortion,PrA
Spontaneous abortion,ICD10_2019,O05.9,"Other abortion, complete or unspecified, without complication",C0000000,Unassociated custom codes,possible,,P,SpontaneousAbortion,PrA
Spontaneous abortion,ICD10_2019,O06.8,"Unspecified abortion, complete or unspecified, with other and unspecified complications",C0000000,Unassociated custom codes,possible,,P,SpontaneousAbortion,PrA
Spontaneous abortion,ICD10_2019,O03.31,Shock following incomplete spontaneous abortion,C0000000,Unassociated custom codes,narrow,,P,SpontaneousAbortion,PrA
Spontaneous abortion,ICD10_2019,O05.8,"Other abortion, complete or unspecified, with other and unspecified complications",C0000000,Unassociated custom codes,possible,,P,SpontaneousAbortion,PrA
Spontaneous abortion,ICD10_2019,O06.7,"Unspecified abortion, complete or unspecified, complicated by embolism",C0000000,Unassociated custom codes,possible,,P,SpontaneousAbortion,PrA
Spontaneous abortion,ICD10_2019,O03.30,Unspecified complication following incomplete spontaneous abortion,C0000000,Unassociated custom codes,narrow,,P,SpontaneousAbortion,PrA
Spontaneous abortion,ICD10_2019,O03.9,"Complete or unspecified spontaneous abortion without complication / Spontaneous abortion, Complete or unspecified, without complication",C0000000,Unassociated custom codes,narrow,,P,SpontaneousAbortion,PrA
Spontaneous abortion,ICD10_2019,O05.7,"Other abortion, complete or unspecified, complicated by embolism",C0000000,Unassociated custom codes,possible,,P,SpontaneousAbortion,PrA
Spontaneous abortion,ICD10_2019,O06.6,"Unspecified abortion, complete or unspecified, complicated by delayed or excessive haemorrhage",C0000000,Unassociated custom codes,possible,,P,SpontaneousAbortion,PrA
Spontaneous abortion,ICD10_2019,O03.8,"Spontaneous abortion, Complete or unspecified, with other and unspecified complications / Other and unspecified complications following complete or unspecified spontaneous abortion",C0000000,Unassociated custom codes,narrow,,P,SpontaneousAbortion,PrA
Spontaneous abortion,ICD10_2019,O05.6,"Other abortion, complete or unspecified, complicated by delayed or excessive haemorrhage",C0000000,Unassociated custom codes,possible,,P,SpontaneousAbortion,PrA
Spontaneous abortion,ICD10_2019,O06.5,"Unspecified abortion, complete or unspecified, complicated by genital tract and pelvic infection",C0000000,Unassociated custom codes,possible,,P,SpontaneousAbortion,PrA
Spontaneous abortion,ICD10_2019,O03.36,Cardiac arrest following incomplete spontaneous abortion,C0000000,Unassociated custom codes,narrow,,P,SpontaneousAbortion,PrA
Spontaneous abortion,ICD10_2019,O03.7,"Embolism following complete or unspecified spontaneous abortion / Spontaneous abortion, Complete or unspecified, complicated by embolism",C0000000,Unassociated custom codes,narrow,,P,SpontaneousAbortion,PrA
Spontaneous abortion,ICD10_2019,O05.5,"Other abortion, complete or unspecified, complicated by genital tract and pelvic infection",C0000000,Unassociated custom codes,possible,,P,SpontaneousAbortion,PrA
Spontaneous abortion,ICD10_2019,O06.4,"Unspecified abortion, incomplete, without complication",C0000000,Unassociated custom codes,possible,,P,SpontaneousAbortion,PrA
Spontaneous abortion,ICD10_2019,O03.35,Other venous complications following incomplete spontaneous abortion,C0000000,Unassociated custom codes,narrow,,P,SpontaneousAbortion,PrA
Spontaneous abortion,ICD10_2019,O03.6,"Spontaneous abortion, Complete or unspecified, complicated by delayed or excessive haemorrhage / Delayed or excessive hemorrhage following complete or unspecified spontaneous abortion",C0000000,Unassociated custom codes,narrow,,P,SpontaneousAbortion,PrA
Spontaneous abortion,ICD10_2019,O05.4,"Other abortion, incomplete, without complication",C0000000,Unassociated custom codes,possible,,P,SpontaneousAbortion,PrA
Spontaneous abortion,ICD10_2019,O06.3,"Unspecified abortion, incomplete, with other and unspecified complications",C0000000,Unassociated custom codes,possible,,P,SpontaneousAbortion,PrA
Spontaneous abortion,ICD10_2019,O03.34,Damage to pelvic organs following incomplete spontaneous abortion,C0000000,Unassociated custom codes,narrow,,P,SpontaneousAbortion,PrA
Spontaneous abortion,ICD10_2019,O03.5,"Genital tract and pelvic infection following complete or unspecified spontaneous abortion / Spontaneous abortion, Complete or unspecified, complicated by genital tract and pelvic infection",C0000000,Unassociated custom codes,narrow,,P,SpontaneousAbortion,PrA
Spontaneous abortion,ICD10_2019,O05.3,"Other abortion, incomplete, with other and unspecified complications",C0000000,Unassociated custom codes,possible,,P,SpontaneousAbortion,PrA
Spontaneous abortion,ICD10_2019,O06.2,"Unspecified abortion, incomplete, complicated by embolism",C0000000,Unassociated custom codes,possible,,P,SpontaneousAbortion,PrA
Spontaneous abortion,ICD10_2019,O03.33,Metabolic disorder following incomplete spontaneous abortion,C0000000,Unassociated custom codes,narrow,,P,SpontaneousAbortion,PrA
Spontaneous abortion,ICD10_2019,O05.2,"Other abortion, incomplete, complicated by embolism",C0000000,Unassociated custom codes,possible,,P,SpontaneousAbortion,PrA
Spontaneous abortion,ICD10_2019,O06.1,"Unspecified abortion, incomplete, complicated by delayed or excessive haemorrhage",C0000000,Unassociated custom codes,possible,,P,SpontaneousAbortion,PrA
Spontaneous abortion,ICD10_2019,O03.3,"Other and unspecified complications following incomplete spontaneous abortion / Spontaneous abortion, Incomplete, with other and unspecified complications",C0000000,Unassociated custom codes,narrow,,P,SpontaneousAbortion,PrA
Spontaneous abortion,ICD10_2019,O05.1,"Other abortion, incomplete, complicated by delayed or excessive haemorrhage",C0000000,Unassociated custom codes,possible,,P,SpontaneousAbortion,PrA
Spontaneous abortion,ICD10_2019,O05.0,"Other abortion, incomplete, complicated by genital tract and pelvic infection",C0000000,Unassociated custom codes,possible,,P,SpontaneousAbortion,PrA
Spontaneous abortion,ICD10_2019,O02.0,Blighted ovum and nonhydatidiform mole,C0266648,Blighted ovum,narrow,,P,SpontaneousAbortion,PrA
Spontaneous abortion,ICD10_2019,O08.1,Delayed or excessive haemorrhage following abortion and ectopic and molar pregnancy,C0854265,Post abortion haemorrhage,possible,,P,SpontaneousAbortion,PrA
Spontaneous abortion,ICD10_2019,O03,Spontaneous abortion,C0000786,Spontaneous abortion,narrow,,P,SpontaneousAbortion,PrA
Spontaneous abortion,ICD10_2019,O03.0,"Spontaneous abortion, incomplete, complicated by genital tract and pelvic infection",C0156425,"Spontaneous abortion, incomplete, complicated by genital tract and pelvic infection",narrow,,P,SpontaneousAbortion,PrA
Spontaneous abortion,ICD10_2019,O06.0,"Unspecified abortion, incomplete, complicated by genital tract and pelvic infection",C0156546,"Unspecified abortion, incomplete, complicated by genital tract and pelvic infection",possible,,P,SpontaneousAbortion,PrA
Spontaneous abortion,ICD10_2019,O03.1,"Spontaneous abortion, incomplete, complicated by delayed or excessive haemorrhage",C0156429,"Spontaneous abortion, incomplete, complicated by delayed or excessive hemorrhage",narrow,,P,SpontaneousAbortion,PrA
Spontaneous abortion,ICD10_2019,O06,Unspecified abortion,C0156543,Unspecified Abortion,possible,,P,SpontaneousAbortion,PrA
Spontaneous abortion,ICD10_2019,O05,Other abortion,C0156543,Unspecified Abortion,possible,,P,SpontaneousAbortion,PrA
Spontaneous abortion,ICD10_2019,O03.2,"Spontaneous abortion, incomplete, complicated by embolism",C0404919,Embolism due to incomplete miscarriage,narrow,,P,SpontaneousAbortion,PrA
Spontaneous abortion,ICD10_2019,O02,Other abnormal products of conception,C0269274,Abnormal product of conception,possible,,P,SpontaneousAbortion,PrA
Spontaneous abortion,ICD10_2019,O02.9,"Abnormal product of conception, unspecified",C0269274,Abnormal product of conception,possible,,P,SpontaneousAbortion,PrA
Spontaneous abortion,ICD10_2019,O02.8,Other specified abnormal products of conception,C0269274,Abnormal product of conception,possible,,P,SpontaneousAbortion,PrA
Spontaneous abortion,free_text,SPONTABO_narrow,(missing name),C0000000,Unassociated custom codes,narrow,,P,SpontaneousAbortion,PrA
Spontaneous abortion,free_text,SPONTABO_broad,(missing name),C0000000,Unassociated custom codes,possible,,P,SpontaneousAbortion,PrA
Spontaneous abortion,ICPC2P,W82007,Missed;abortion,C0000814,Missed abortion,narrow,,P,SpontaneousAbortion,PrA
Spontaneous abortion,ICPC2P,W82012,Blighted ovum,C0266648,Blighted ovum,narrow,,P,SpontaneousAbortion,PrA
Spontaneous abortion,ICPC2P,W82001,Abortion;spontaneous,C0000786,Spontaneous abortion,narrow,,P,SpontaneousAbortion,PrA
Spontaneous abortion,ICPC2P,W82002,Abortion,C0156543,Unspecified Abortion,possible,,P,SpontaneousAbortion,PrA
Spontaneous abortion,ICPC2P,W82004,Miscarriage,C4552766,Miscarriage,narrow,,P,SpontaneousAbortion,PrA
Spontaneous abortion,ICPC2P,W82008,Abortion;incomplete,C0812470,Unspecified abortion incomplete,possible,,P,SpontaneousAbortion,PrA
Spontaneous abortion,ICPC,W82,Abortion spontaneous,C0000786,Spontaneous abortion,narrow,,P,SpontaneousAbortion,PrA
Spontaneous abortion,RCD,XE0ve,Missed abortion,C0000814,Missed abortion,narrow,,P,SpontaneousAbortion,PrA
Spontaneous abortion,RCD,XM1PB,Retained products after spontaneous abortion,C0000810,Incomplete spontaneous abortion,narrow,,P,SpontaneousAbortion,PrA
Spontaneous abortion,RCD,L041.,Incomplete abortion,C0000810,Incomplete spontaneous abortion,narrow,,P,SpontaneousAbortion,PrA
Spontaneous abortion,RCD,XE0vh,Incomplete spontaneous abortion NOS,C0000810,Incomplete spontaneous abortion,narrow,,P,SpontaneousAbortion,PrA
Spontaneous abortion,RCD,L041y,Incomplete spontaneous abortion with no mention of complication,C0729205,"Spontaneous abortion, incomplete, without complication",narrow,,P,SpontaneousAbortion,PrA
Spontaneous abortion,RCD,7E084,Suction termination of pregnancy,C0004050,Aspiration curettage of uterus for termination of pregnancy,exclude,,P,SpontaneousAbortion,PrA
Spontaneous abortion,RCD,L0413,Incomplete spontaneous abortion with renal failure,C0404922,Renal failure due to and following incomplete miscarriage,narrow,,P,SpontaneousAbortion,PrA
Spontaneous abortion,RCD,L0414,Incomplete spontaneous abortion with metabolic disorder,C0404921,Metabolic disorder due to incomplete miscarriage,narrow,,P,SpontaneousAbortion,PrA
Spontaneous abortion,RCD,L040y,Sp.abort.unsp.+no complication,C0156459,"Spontaneous abortion, without mention of complication, unspecified",narrow,,P,SpontaneousAbortion,PrA
Spontaneous abortion,RCD,L042x,Complete spontaneous abortion with complication NOS,C0156458,"Spontaneous abortion, with unspecified complication, complete",narrow,,P,SpontaneousAbortion,PrA
Spontaneous abortion,RCD,L041x,Incomplete spontaneous abortion with complication NOS,C0156457,"Spontaneous abortion, with unspecified complication, incomplete",narrow,,P,SpontaneousAbortion,PrA
Spontaneous abortion,RCD,L040x,Sp.abort.unsp.+complicat. NOS,C0156456,Abortion spontaneous complicated,narrow,,P,SpontaneousAbortion,PrA
Spontaneous abortion,RCD,L041w,Incomplete spontaneous abortion with other specified complication,C0156453,"Spontaneous abortion, with other specified complications, incomplete",narrow,,P,SpontaneousAbortion,PrA
Spontaneous abortion,RCD,L040w,Sp.abort.unsp.+other complicat,C0156452,"Spontaneous abortion, with other specified complications, unspecified",narrow,,P,SpontaneousAbortion,PrA
Spontaneous abortion,RCD,L04z.,Spontaneous abortion NOS,C0000786,Spontaneous abortion,narrow,,P,SpontaneousAbortion,PrA
Spontaneous abortion,RCD,L04..,Miscarriage,C0000786,Spontaneous abortion,narrow,,P,SpontaneousAbortion,PrA
Spontaneous abortion,RCD,L040.,Spontaneous abortion unspecif.,C0000786,Spontaneous abortion,narrow,,P,SpontaneousAbortion,PrA
Spontaneous abortion,RCD,L040z,Spontaneous abortion unsp.NOS,C0000786,Spontaneous abortion,narrow,,P,SpontaneousAbortion,PrA
Spontaneous abortion,RCD,L0z..,Pregnancy+abortive outcome NOS,C0156543,Unspecified Abortion,possible,,P,SpontaneousAbortion,PrA
Spontaneous abortion,RCD,L07..,Unspecified abortion,C0156543,Unspecified Abortion,possible,,P,SpontaneousAbortion,PrA
Spontaneous abortion,RCD,L070z,Unspecified abortion NOS,C0156543,Unspecified Abortion,possible,,P,SpontaneousAbortion,PrA
Spontaneous abortion,RCD,XE0xe,Abortion NOS,C0156543,Unspecified Abortion,possible,,P,SpontaneousAbortion,PrA
Spontaneous abortion,RCD,L0...,Pregnancy with abortive outcome,C0156543,Unspecified Abortion,possible,,P,SpontaneousAbortion,PrA
Spontaneous abortion,RCD,X40As,Non-viable pregnancy,C0404844,Non-viable pregnancy,narrow,,P,SpontaneousAbortion,PrA
Spontaneous abortion,RCD,XaBDd,Inevitable abortion complete,C0585601,Inevitable miscarriage complete,narrow,,P,SpontaneousAbortion,PrA
Spontaneous abortion,RCD,X40Aw,Vanishing twin syndrome,C0404852,Vanishing twin syndrome,narrow,,P,SpontaneousAbortion,PrA
Spontaneous abortion,RCD,L0423,Complete spontaneous abortion with renal failure,C0404905,Complete miscarriage with renal failure,narrow,,P,SpontaneousAbortion,PrA
Spontaneous abortion,RCD,L0426,Complete spontaneous abortion with embolism,C0404902,Complete miscarriage with embolism,narrow,,P,SpontaneousAbortion,PrA
Spontaneous abortion,RCD,L0425,Complete spontaneous abortion with shock,C0404903,Complete miscarriage with shock,narrow,,P,SpontaneousAbortion,PrA
Spontaneous abortion,RCD,Lyu02,[X]Other abortion,C0477801,Other abortion,possible,,P,SpontaneousAbortion,PrA
Spontaneous abortion,RCD,L071.,Unspecif. abortion incomplete,C0812470,Unspecified abortion incomplete,possible,,P,SpontaneousAbortion,PrA
Spontaneous abortion,RCD,L071z,Unspecified incomplete abortion NOS,C0812470,Unspecified abortion incomplete,possible,,P,SpontaneousAbortion,PrA
Spontaneous abortion,RCD,L0416,Incomplete spontaneous abortion with embolism,C0404919,Embolism due to incomplete miscarriage,narrow,,P,SpontaneousAbortion,PrA
Spontaneous abortion,SNM,M28020,Blighted ovum,C0000000,Unassociated custom codes,narrow,,P,SpontaneousAbortion,PrA
Spontaneous abortion,SNM,M-28020,Blighted ovum,C0266648,Blighted ovum,narrow,,P,SpontaneousAbortion,PrA
Spontaneous abortion,ICD10DA,O021,Graviditet med dødt retineret foster (missed abortion),C0000814,Missed abortion,narrow,,P,SpontaneousAbortion,PrA
Spontaneous abortion,ICD10DA,O021A,Missed abortion,C0000814,Missed abortion,narrow,,P,SpontaneousAbortion,PrA
Spontaneous abortion,ICD10DA,O034,Inkomplet spontan abort uden komplikation,C0729205,"Spontaneous abortion, incomplete, without complication",narrow,,P,SpontaneousAbortion,PrA
Spontaneous abortion,ICD10DA,O084,"Nyresvigt efter abort, ektopisk graviditet eller mola",C0495171,Renal failure following abortion and ectopic and molar pregnancy,narrow,,P,SpontaneousAbortion,PrA
Spontaneous abortion,ICD10DA,O020,Graviditet uden erkendt foster (blighted ovum),C0495127,Blighted ovum and nonhydatidiform mole,narrow,,P,SpontaneousAbortion,PrA
Spontaneous abortion,ICD10DA,O033,Inkomplet spontan abort med anden/ikke spec. komplikation,C0495128,"Spontaenous abortion, incomplete, with other and unspecified complications",narrow,,P,SpontaneousAbortion,PrA
Spontaneous abortion,ICD10DA,O03,Spontan abort,C0000786,Spontaneous abortion,narrow,,P,SpontaneousAbortion,PrA
Spontaneous abortion,ICD10DA,O030,Inkomplet spontan abort kompliceret med underlivsinfektion,C0156425,"Spontaneous abortion, incomplete, complicated by genital tract and pelvic infection",narrow,,P,SpontaneousAbortion,PrA
Spontaneous abortion,ICD10DA,O031,Inkomplet spontan abort kompl. med sen el. excessiv blødning,C0156429,"Spontaneous abortion, incomplete, complicated by delayed or excessive hemorrhage",narrow,,P,SpontaneousAbortion,PrA
Spontaneous abortion,ICD10DA,O031A,Haemorrhagia post abortum spontaneum (inkomplet),C0156429,"Spontaneous abortion, incomplete, complicated by delayed or excessive hemorrhage",narrow,,P,SpontaneousAbortion,PrA
Spontaneous abortion,ICD10DA,O02,Andre unormale graviditetsprodukter,C0156422,Other abnormal products of conception,narrow,,P,SpontaneousAbortion,PrA
Spontaneous abortion,ICD10DA,O022,Afsluttet graviditet med ukendt lokalisation (PUL),C0156422,Other abnormal products of conception,narrow,,P,SpontaneousAbortion,PrA
Spontaneous abortion,ICD10DA,O035B,Spontan abort u spec kompliceret m underlivsinfektion,C0495130,"Spontaneous abortion, complete or unspecified, complicated by genital tract and pelvic infection",narrow,,P,SpontaneousAbortion,PrA
Spontaneous abortion,ICD10DA,O035A,Komplet spontan ab u spec kompliceret m underlivsinfektion,C0495130,"Spontaneous abortion, complete or unspecified, complicated by genital tract and pelvic infection",narrow,,P,SpontaneousAbortion,PrA
Spontaneous abortion,ICD10DA,O035,Komplet/ikke spec. spontan abort kompl. m underlivsinfektion,C0495130,"Spontaneous abortion, complete or unspecified, complicated by genital tract and pelvic infection",narrow,,P,SpontaneousAbortion,PrA
Spontaneous abortion,ICD10DA,O037,Komplet el. ikke spec. spontan abort kompliceret med emboli,C0495132,"Spontaneous abortion, complete or unspecified, complicated by embolism",narrow,,P,SpontaneousAbortion,PrA
Spontaneous abortion,ICD10DA,O037B,Spontan abort uden specifikation kompliceret med emboli,C0495132,"Spontaneous abortion, complete or unspecified, complicated by embolism",narrow,,P,SpontaneousAbortion,PrA
Spontaneous abortion,ICD10DA,O037A,Komplet spontan abort uden spec kompliceret med emboli,C0495132,"Spontaneous abortion, complete or unspecified, complicated by embolism",narrow,,P,SpontaneousAbortion,PrA
Spontaneous abortion,ICD10DA,O036,Komplet/uspec. spontan abort kompl. m. sen/excessiv blødning,C0495131,"Spontaneous abortion, complete or unspecified, complicated by delayed or excessive hemorrhage",narrow,,P,SpontaneousAbortion,PrA
Spontaneous abortion,ICD10DA,O036C,Haemorrhagia post abortum spontaneum (komplet eller u spec,C0495131,"Spontaneous abortion, complete or unspecified, complicated by delayed or excessive hemorrhage",narrow,,P,SpontaneousAbortion,PrA
Spontaneous abortion,ICD10DA,O036B,Spontan abort u spec kompliceret m sen/excessiv blødning,C0495131,"Spontaneous abortion, complete or unspecified, complicated by delayed or excessive hemorrhage",narrow,,P,SpontaneousAbortion,PrA
Spontaneous abortion,ICD10DA,O036A,Komplet spontan ab u spec kompliceret m sen/excessiv blødn,C0495131,"Spontaneous abortion, complete or unspecified, complicated by delayed or excessive hemorrhage",narrow,,P,SpontaneousAbortion,PrA
Spontaneous abortion,ICD10DA,O039,Komplet/ikke spec. spontan abort u komplikation,C0495134,"Spontaneous abortion, complete or unspecified, without complication",narrow,,P,SpontaneousAbortion,PrA
Spontaneous abortion,ICD10DA,O039B,Spontan abort uden specifikation uden komplikation,C0495134,"Spontaneous abortion, complete or unspecified, without complication",narrow,,P,SpontaneousAbortion,PrA
Spontaneous abortion,ICD10DA,O039A,Komplet spontan abort uden specifikation uden komplikation,C0495134,"Spontaneous abortion, complete or unspecified, without complication",narrow,,P,SpontaneousAbortion,PrA
Spontaneous abortion,ICD10DA,O038,Komplet/uspec. spontan abort kompliceret m. an. komplikation,C0495133,"Spontaneous abortion, complete or unspecified, with other and unspecified complications",narrow,,P,SpontaneousAbortion,PrA
Spontaneous abortion,ICD10DA,O038B,Spontan abort uden specifikation med anden komplikation,C0495133,"Spontaneous abortion, complete or unspecified, with other and unspecified complications",narrow,,P,SpontaneousAbortion,PrA
Spontaneous abortion,ICD10DA,O038A,Komplet spontan abort u specifik med anden komplikaltion,C0495133,"Spontaneous abortion, complete or unspecified, with other and unspecified complications",narrow,,P,SpontaneousAbortion,PrA
Spontaneous abortion,ICD10DA,O08,"Komplikation efter abort, ektopisk graviditet og mola",C0477810,"Complication following abortion and ectopic and molar pregnancy, unspecified",narrow,,P,SpontaneousAbortion,PrA
Spontaneous abortion,ICD10DA,O089,"Komplikation efter abort, ektopisk graviditet eller mola UNS",C0477810,"Complication following abortion and ectopic and molar pregnancy, unspecified",narrow,,P,SpontaneousAbortion,PrA
Spontaneous abortion,ICD10DA,O080,"Underlivsinfektion efter abort, ektopisk graviditet el. mola",C0269294,Genital tract and pelvic infection following abortion and ectopic and molar pregnancy,narrow,,P,SpontaneousAbortion,PrA
Spontaneous abortion,ICD10DA,O028,Andet abnormt graviditetsprodukt,C0477800,Other specified abnormal products of conception,narrow,,P,SpontaneousAbortion,PrA
Spontaneous abortion,ICD10DA,O088,"Andre kompl. efter abort, ektopisk graviditet eller mola",C0477809,Other complications following abortion and ectopic and molar pregnancy,narrow,,P,SpontaneousAbortion,PrA
Spontaneous abortion,ICD10DA,O087,"Anden venøs kompl. efter abort, ektopisk graviditet el. mola",C0477808,Other venous complications following abortion and ectopic and molar pregnancy,narrow,,P,SpontaneousAbortion,PrA
Spontaneous abortion,ICD10DA,O081,"Sen/excessiv blødning eft. abort, ektopisk gravid. el. mola",C0495168,Delayed or excessive hemorrhage following abortion and ectopic and molar pregnancy,narrow,,P,SpontaneousAbortion,PrA
Spontaneous abortion,ICD10DA,O032,Inkomplet spontan abort kompliceret med emboli,C0404919,Embolism due to incomplete miscarriage,narrow,,P,SpontaneousAbortion,PrA
Spontaneous abortion,ICD10DA,O029,Abnormt graviditetsprodukt UNS,C0269274,Abnormal product of conception,narrow,,P,SpontaneousAbortion,PrA
Spontaneous abortion,ICD9CM,632,Missed abortion,C0000814,Missed abortion,narrow,,P,SpontaneousAbortion,PrA
Spontaneous abortion,ICD9CM,634.91,"Spontaneous abortion, without mention of complication, incomplete",C0729205,"Spontaneous abortion, incomplete, without complication",narrow,,P,SpontaneousAbortion,PrA
Spontaneous abortion,ICD9CM,646.33,"Recurrent pregnancy loss, antepartum condition or complication",C0156743,"Recurrent pregnancy loss, antepartum condition or complication",exclude,,P,SpontaneousAbortion,PrA
Spontaneous abortion,ICD9CM,646.31,"Recurrent pregnancy loss, delivered, with or without mention of antepartum condition",C0156742,"Recurrent pregnancy loss, delivered, with or without mention of antepartum condition",exclude,,P,SpontaneousAbortion,PrA
Spontaneous abortion,ICD9CM,634.92,"Spontaneous abortion, without mention of complication, complete",C0156461,"Spontaneous abortion, without mention of complication, complete",narrow,,P,SpontaneousAbortion,PrA
Spontaneous abortion,ICD9CM,637.92,"Unspecified abortion, without mention of complication, complete",C0156582,"Unspecified abortion, without mention of complication, complete",possible,,P,SpontaneousAbortion,PrA
Spontaneous abortion,ICD9CM,637.91,"Unspecified abortion, without mention of complication, incomplete",C0156581,"Unspecified abortion, without mention of complication, incomplete",possible,,P,SpontaneousAbortion,PrA
Spontaneous abortion,ICD9CM,637.9,Unspecified abortion without mention of complication,C0156580,"Unspecified abortion, without mention of complication, unspecified",possible,,P,SpontaneousAbortion,PrA
Spontaneous abortion,ICD9CM,637.90,"Unspecified abortion, without mention of complication, unspecified",C0156580,"Unspecified abortion, without mention of complication, unspecified",possible,,P,SpontaneousAbortion,PrA
Spontaneous abortion,ICD9CM,646.30,"Recurrent pregnancy loss, unspecified as to episode of care or not applicable",C0156741,"Habitual aborter, currently pregnant, unspecified as to episode of care",possible,,P,SpontaneousAbortion,PrA
Spontaneous abortion,ICD9CM,69.51,Aspiration curettage of uterus for termination of pregnancy,C0004050,Aspiration curettage of uterus for termination of pregnancy,exclude,,P,SpontaneousAbortion,PrA
Spontaneous abortion,ICD9CM,634.31,"Spontaneous abortion, complicated by renal failure, incomplete",C0404922,Renal failure due to and following incomplete miscarriage,narrow,,P,SpontaneousAbortion,PrA
Spontaneous abortion,ICD9CM,634.41,"Spontaneous abortion, complicated by metabolic disorder, incomplete",C0404921,Metabolic disorder due to incomplete miscarriage,narrow,,P,SpontaneousAbortion,PrA
Spontaneous abortion,ICD9CM,646.3,Recurrent pregnancy loss,C0000809,"Abortion, Habitual",possible,,P,SpontaneousAbortion,PrA
Spontaneous abortion,ICD9CM,634.9,Spontaneous abortion without mention of complication,C0156459,"Spontaneous abortion, without mention of complication, unspecified",narrow,,P,SpontaneousAbortion,PrA
Spontaneous abortion,ICD9CM,634.90,"Spontaneous abortion, without mention of complication, unspecified",C0156459,"Spontaneous abortion, without mention of complication, unspecified",narrow,,P,SpontaneousAbortion,PrA
Spontaneous abortion,ICD9CM,634.82,"Spontaneous abortion, with unspecified complication, complete",C0156458,"Spontaneous abortion, with unspecified complication, complete",narrow,,P,SpontaneousAbortion,PrA
Spontaneous abortion,ICD9CM,637.82,"Unspecified abortion, with unspecified complication, complete",C0156579,Abortion complete complicated,possible,,P,SpontaneousAbortion,PrA
Spontaneous abortion,ICD9CM,634.81,"Spontaneous abortion, with unspecified complication, incomplete",C0156457,"Spontaneous abortion, with unspecified complication, incomplete",narrow,,P,SpontaneousAbortion,PrA
Spontaneous abortion,ICD9CM,637.81,"Unspecified abortion, with unspecified complication, incomplete",C0156578,Abortion incomplete complicated,possible,,P,SpontaneousAbortion,PrA
Spontaneous abortion,ICD9CM,631.0,Inappropriate change in quantitative human chorionic gonadotropin (hCG) in early pregnancy,C3161120,Inappropriate change in quantitative human chorionic gonadotropin (hCG) in early pregnancy,narrow,,P,SpontaneousAbortion,PrA
Spontaneous abortion,ICD9CM,634.8,Spontaneous abortion with unspecified complication,C0156456,Abortion spontaneous complicated,narrow,,P,SpontaneousAbortion,PrA
Spontaneous abortion,ICD9CM,634.80,"Spontaneous abortion, with unspecified complication, unspecified",C0156456,Abortion spontaneous complicated,narrow,,P,SpontaneousAbortion,PrA
Spontaneous abortion,ICD9CM,637.7,Unspecified abortion with other specified complications,C0156572,Unspecified abortion with other specified complications,possible,,P,SpontaneousAbortion,PrA
Spontaneous abortion,ICD9CM,637.62,"Unspecified abortion, complicated by embolism, complete",C0156571,"Unspecified abortion, complicated by embolism, complete",possible,,P,SpontaneousAbortion,PrA
Spontaneous abortion,ICD9CM,637.61,"Unspecified abortion, complicated by embolism, incomplete",C0156570,"Unspecified abortion, incomplete, complicated by embolism",possible,,P,SpontaneousAbortion,PrA
Spontaneous abortion,ICD9CM,634.72,"Spontaneous abortion, with other specified complications, complete",C0156454,"Spontaneous abortion, with other specified complications, complete",narrow,,P,SpontaneousAbortion,PrA
Spontaneous abortion,ICD9CM,637.72,"Unspecified abortion, with other specified complications, complete",C0156575,"Unspecified abortion, with other specified complications, complete",possible,,P,SpontaneousAbortion,PrA
Spontaneous abortion,ICD9CM,634.71,"Spontaneous abortion, with other specified complications, incomplete",C0156453,"Spontaneous abortion, with other specified complications, incomplete",narrow,,P,SpontaneousAbortion,PrA
Spontaneous abortion,ICD9CM,637.71,"Unspecified abortion, with other specified complications, incomplete",C0156574,"Unspecified abortion, with other specified complications, incomplete",possible,,P,SpontaneousAbortion,PrA
Spontaneous abortion,ICD9CM,634.7,Spontaneous abortion with other specified complications,C0156452,"Spontaneous abortion, with other specified complications, unspecified",narrow,,P,SpontaneousAbortion,PrA
Spontaneous abortion,ICD9CM,634.70,"Spontaneous abortion, with other specified complications, unspecified",C0156452,"Spontaneous abortion, with other specified complications, unspecified",narrow,,P,SpontaneousAbortion,PrA
Spontaneous abortion,ICD9CM,637.70,"Unspecified abortion, with other specified complications, unspecified",C0156573,"Unspecified abortion, with other specified complications, unspecified",possible,,P,SpontaneousAbortion,PrA
Spontaneous abortion,ICD9CM,637.20,"Unspecified abortion, complicated by damage to pelvic organs or tissues, unspecified",C1263817,"Unspecified abortion, complicated by damage to pelvic organs or tissues, unspecified",possible,,P,SpontaneousAbortion,PrA
Spontaneous abortion,ICD9CM,637.2,Unspecified abortion complicated by damage to pelvic organs or tissues,C1263817,"Unspecified abortion, complicated by damage to pelvic organs or tissues, unspecified",possible,,P,SpontaneousAbortion,PrA
Spontaneous abortion,ICD9CM,634.20,"Spontaneous abortion, complicated by damage to pelvic organs or tissues, unspecified",C0269403,Miscarriage complicated by damage to pelvic organs and/or tissues,narrow,,P,SpontaneousAbortion,PrA
Spontaneous abortion,ICD9CM,634.2,Spontaneous abortion complicated by damage to pelvic organs or tissues,C0269403,Miscarriage complicated by damage to pelvic organs and/or tissues,narrow,,P,SpontaneousAbortion,PrA
Spontaneous abortion,ICD9CM,634,Spontaneous abortion,C0000786,Spontaneous abortion,narrow,,P,SpontaneousAbortion,PrA
Spontaneous abortion,ICD9CM,634.02,"Spontaneous abortion, complicated by genital tract and pelvic infection, complete",C0156426,"Spontaneous abortion, complicated by genital tract and pelvic infection, complete",narrow,,P,SpontaneousAbortion,PrA
Spontaneous abortion,ICD9CM,637.02,"Unspecified abortion, complicated by genital tract and pelvic infection, complete",C0156547,"Unspecified abortion, complicated by genital tract and pelvic infection, complete",possible,,P,SpontaneousAbortion,PrA
Spontaneous abortion,ICD9CM,634.01,"Spontaneous abortion, complicated by genital tract and pelvic infection, incomplete",C0156425,"Spontaneous abortion, incomplete, complicated by genital tract and pelvic infection",narrow,,P,SpontaneousAbortion,PrA
Spontaneous abortion,ICD9CM,637.01,"Unspecified abortion, complicated by genital tract and pelvic infection, incomplete",C0156546,"Unspecified abortion, incomplete, complicated by genital tract and pelvic infection",possible,,P,SpontaneousAbortion,PrA
Spontaneous abortion,ICD9CM,634.0,Spontaneous abortion complicated by genital tract and pelvic infection,C0156424,"Spontaneous abortion, complicated by genital tract and pelvic infection, unspecified",narrow,,P,SpontaneousAbortion,PrA
Spontaneous abortion,ICD9CM,634.00,"Spontaneous abortion, complicated by genital tract and pelvic infection, unspecified",C0156424,"Spontaneous abortion, complicated by genital tract and pelvic infection, unspecified",narrow,,P,SpontaneousAbortion,PrA
Spontaneous abortion,ICD9CM,637.00,"Unspecified abortion, complicated by genital tract and pelvic infection, unspecified",C0156545,"Unspecified abortion, complicated by genital tract and pelvic infection, unspecified",possible,,P,SpontaneousAbortion,PrA
Spontaneous abortion,ICD9CM,637.0,Unspecified abortion complicated by genital tract and pelvic infection,C0156545,"Unspecified abortion, complicated by genital tract and pelvic infection, unspecified",possible,,P,SpontaneousAbortion,PrA
Spontaneous abortion,ICD9CM,634.11,"Spontaneous abortion, complicated by delayed or excessive hemorrhage, incomplete",C0156429,"Spontaneous abortion, incomplete, complicated by delayed or excessive hemorrhage",narrow,,P,SpontaneousAbortion,PrA
Spontaneous abortion,ICD9CM,634.10,"Spontaneous abortion, complicated by delayed or excessive hemorrhage, unspecified",C0156428,"Spontaneous abortion, complicated by delayed or excessive hemorrhage, unspecified",narrow,,P,SpontaneousAbortion,PrA
Spontaneous abortion,ICD9CM,634.1,Spontaneous abortion complicated by delayed or excessive hemorrhage,C0156427,Spontaneous abortion complicated by delayed or excessive hemorrhage,narrow,,P,SpontaneousAbortion,PrA
Spontaneous abortion,ICD9CM,637.1,Unspecified abortion complicated by delayed or excessive hemorrhage,C0156548,"Unspecified abortion, complicated by delayed or excessive hemorrhage, unspecified",possible,,P,SpontaneousAbortion,PrA
Spontaneous abortion,ICD9CM,637.10,"Unspecified abortion, complicated by delayed or excessive hemorrhage, unspecified",C0156548,"Unspecified abortion, complicated by delayed or excessive hemorrhage, unspecified",possible,,P,SpontaneousAbortion,PrA
Spontaneous abortion,ICD9CM,631,Other abnormal product of conception,C0156422,Other abnormal products of conception,possible,,P,SpontaneousAbortion,PrA
Spontaneous abortion,ICD9CM,631.8,Other abnormal products of conception,C0156422,Other abnormal products of conception,narrow,,P,SpontaneousAbortion,PrA
Spontaneous abortion,ICD9CM,637,Unspecified abortion,C0156543,Unspecified Abortion,possible,,P,SpontaneousAbortion,PrA
Spontaneous abortion,ICD9CM,634.32,"Spontaneous abortion, complicated by renal failure, complete",C0404905,Complete miscarriage with renal failure,narrow,,P,SpontaneousAbortion,PrA
Spontaneous abortion,ICD9CM,634.62,"Spontaneous abortion, complicated by embolism, complete",C0404902,Complete miscarriage with embolism,narrow,,P,SpontaneousAbortion,PrA
Spontaneous abortion,ICD9CM,634.52,"Spontaneous abortion, complicated by shock, complete",C0404903,Complete miscarriage with shock,narrow,,P,SpontaneousAbortion,PrA
Spontaneous abortion,ICD9CM,637.80,"Unspecified abortion, with unspecified complication, unspecified",C1299558,Abortion complicated,possible,,P,SpontaneousAbortion,PrA
Spontaneous abortion,ICD9CM,637.8,Unspecified abortion with unspecified complication,C1299558,Abortion complicated,possible,,P,SpontaneousAbortion,PrA
Spontaneous abortion,ICD9CM,634.60,"Spontaneous abortion, complicated by embolism, unspecified",C0156448,"Spontaneous abortion, complicated by embolism, unspecified",narrow,,P,SpontaneousAbortion,PrA
Spontaneous abortion,ICD9CM,634.6,Spontaneous abortion complicated by embolism,C0156447,Miscarriage complicated by embolism,narrow,,P,SpontaneousAbortion,PrA
Spontaneous abortion,ICD9CM,637.60,"Unspecified abortion, complicated by embolism, unspecified",C0156568,embolism; abortion,possible,,P,SpontaneousAbortion,PrA
Spontaneous abortion,ICD9CM,637.6,Unspecified abortion complicated by embolism,C0156568,embolism; abortion,possible,,P,SpontaneousAbortion,PrA
Spontaneous abortion,ICD9CM,637.52,"Unspecified abortion, complicated by shock, complete",C0156567,"Unspecified abortion, complicated by shock, complete",possible,,P,SpontaneousAbortion,PrA
Spontaneous abortion,ICD9CM,634.51,"Spontaneous abortion, complicated by shock, incomplete",C0156445,"Spontaneous abortion, complicated by shock, incomplete",narrow,,P,SpontaneousAbortion,PrA
Spontaneous abortion,ICD9CM,637.51,"Unspecified abortion, complicated by shock, incomplete",C0156566,"Unspecified abortion, complicated by shock, incomplete",possible,,P,SpontaneousAbortion,PrA
Spontaneous abortion,ICD9CM,637.40,"Unspecified abortion, complicated by metabolic disorder, unspecified",C0156561,"Unspecified abortion, complicated by metabolic disorder, unspecified",possible,,P,SpontaneousAbortion,PrA
Spontaneous abortion,ICD9CM,637.4,Unspecified abortion complicated by metabolic disorder,C0156560,abortion; metabolic disorder,possible,,P,SpontaneousAbortion,PrA
Spontaneous abortion,ICD9CM,634.50,"Spontaneous abortion, complicated by shock, unspecified",C0156444,"Spontaneous abortion, complicated by shock, unspecified",narrow,,P,SpontaneousAbortion,PrA
Spontaneous abortion,ICD9CM,634.5,Spontaneous abortion complicated by shock,C0156443,Miscarriage complicated by shock,narrow,,P,SpontaneousAbortion,PrA
Spontaneous abortion,ICD9CM,637.5,Unspecified abortion complicated by shock,C0156564,"collapse; circulatory, following abortion (subsequent episode)",possible,,P,SpontaneousAbortion,PrA
Spontaneous abortion,ICD9CM,637.50,"Unspecified abortion, complicated by shock, unspecified",C0156564,"collapse; circulatory, following abortion (subsequent episode)",possible,,P,SpontaneousAbortion,PrA
Spontaneous abortion,ICD9CM,634.42,"Spontaneous abortion, complicated by metabolic disorder, complete",C0156442,"Spontaneous abortion, complicated by metabolic disorder, complete",narrow,,P,SpontaneousAbortion,PrA
Spontaneous abortion,ICD9CM,637.42,"Unspecified abortion, complicated by metabolic disorder, complete",C0156563,"Unspecified abortion, complicated by metabolic disorder, complete",possible,,P,SpontaneousAbortion,PrA
Spontaneous abortion,ICD9CM,637.41,"Unspecified abortion, complicated by metabolic disorder, incomplete",C0156562,"Unspecified abortion, complicated by metabolic disorder, incomplete",possible,,P,SpontaneousAbortion,PrA
Spontaneous abortion,ICD9CM,639.1,Delayed or excessive hemorrhage following abortion or ectopic and molar pregnancies,C0495168,Delayed or excessive hemorrhage following abortion and ectopic and molar pregnancy,possible,,P,SpontaneousAbortion,PrA
Spontaneous abortion,ICD9CM,634.61,"Spontaneous abortion, complicated by embolism, incomplete",C0404919,Embolism due to incomplete miscarriage,narrow,,P,SpontaneousAbortion,PrA
Spontaneous abortion,ICD9CM,637.31,"Unspecified abortion, complicated by renal failure, incomplete",C0156558,"Unspecified abortion, complicated by renal failure, incomplete",possible,,P,SpontaneousAbortion,PrA
Spontaneous abortion,ICD9CM,634.30,"Spontaneous abortion, complicated by renal failure, unspecified",C0156436,"Spontaneous abortion, complicated by renal failure, unspecified",narrow,,P,SpontaneousAbortion,PrA
Spontaneous abortion,ICD9CM,634.3,Spontaneous abortion complicated by renal failure,C0156435,Miscarriage complicated by renal failure,narrow,,P,SpontaneousAbortion,PrA
Spontaneous abortion,ICD9CM,637.3,Unspecified abortion complicated by renal failure,C0156556,"Unspecified abortion, complicated by renal failure, unspecified",possible,,P,SpontaneousAbortion,PrA
Spontaneous abortion,ICD9CM,637.30,"Unspecified abortion, complicated by renal failure, unspecified",C0156556,"Unspecified abortion, complicated by renal failure, unspecified",possible,,P,SpontaneousAbortion,PrA
Spontaneous abortion,ICD9CM,634.22,"Spontaneous abortion, complicated by damage to pelvic organs or tissues, complete",C0156434,"Spontaneous abortion, complicated by damage to pelvic organs or tissues, complete",narrow,,P,SpontaneousAbortion,PrA
Spontaneous abortion,ICD9CM,637.22,"Unspecified abortion, complicated by damage to pelvic organs or tissues, complete",C0156555,"Unspecified abortion, complicated by damage to pelvic organs or tissues, complete",possible,,P,SpontaneousAbortion,PrA
Spontaneous abortion,ICD9CM,634.4,Spontaneous abortion complicated by metabolic disorder,C0156439,Miscarriage complicated by metabolic disorder,narrow,,P,SpontaneousAbortion,PrA
Spontaneous abortion,ICD9CM,634.40,"Spontaneous abortion, complicated by metabolic disorder, unspecified",C0156439,Miscarriage complicated by metabolic disorder,narrow,,P,SpontaneousAbortion,PrA
Spontaneous abortion,ICD9CM,637.32,"Unspecified abortion, complicated by renal failure, complete",C0156559,"Unspecified abortion, complicated by renal failure, complete",possible,,P,SpontaneousAbortion,PrA
Spontaneous abortion,ICD9CM,637.11,"Unspecified abortion, complicated by delayed or excessive hemorrhage, incomplete",C0156550,"Unspecified abortion, incomplete, complicated by delayed or excessive hemorrhage",possible,,P,SpontaneousAbortion,PrA
Spontaneous abortion,ICD9CM,634.21,"Spontaneous abortion, complicated by damage to pelvic organs or tissues, incomplete",C0156433,"Spontaneous abortion, complicated by damage to pelvic organs or tissues, incomplete",narrow,,P,SpontaneousAbortion,PrA
Spontaneous abortion,ICD9CM,637.21,"Unspecified abortion, complicated by damage to pelvic organs or tissues, incomplete",C0156554,"Unspecified abortion, complicated by damage to pelvic organs or tissues, incomplete",possible,,P,SpontaneousAbortion,PrA
Spontaneous abortion,ICD9CM,634.12,"Spontaneous abortion, complicated by delayed or excessive hemorrhage, complete",C0156430,"Spontaneous abortion, complicated by delayed or excessive hemorrhage, complete",narrow,,P,SpontaneousAbortion,PrA
Spontaneous abortion,ICD9CM,637.12,"Unspecified abortion, complicated by delayed or excessive hemorrhage, complete",C0156551,"Unspecified abortion, complicated by delayed or excessive hemorrhage, complete",possible,,P,SpontaneousAbortion,PrA
Spontaneous abortion,ICD10/CM,O02.1,Missed abortion,C0000814,Missed abortion,narrow,,P,SpontaneousAbortion,PrA
Spontaneous abortion,ICD10/CM,O03.4,"Spontaneous abortion, incomplete, without complication",C0729205,"Spontaneous abortion, incomplete, without complication",narrow,,P,SpontaneousAbortion,PrA
Spontaneous abortion,ICD10/CM,O03.33,Metabolic disorder following incomplete spontaneous abortion,C0404921,Metabolic disorder due to incomplete miscarriage,narrow,,P,SpontaneousAbortion,PrA
Spontaneous abortion,ICD10/CM,O03.9,Miscarriage NOS,C0000786,Spontaneous abortion,narrow,,P,SpontaneousAbortion,PrA
Spontaneous abortion,ICD10/CM,O03,Spontaneous abortion,C0000786,Spontaneous abortion,narrow,,P,SpontaneousAbortion,PrA
Spontaneous abortion,ICD10/CM,O03.0,"Spontaneous abortion, incomplete, complicated by genital tract and pelvic infection",C0156425,"Spontaneous abortion, incomplete, complicated by genital tract and pelvic infection",narrow,,P,SpontaneousAbortion,PrA
Spontaneous abortion,ICD10/CM,O06.0,"Unspecified abortion, incomplete, complicated by genital tract and pelvic infection",C0156546,"Unspecified abortion, incomplete, complicated by genital tract and pelvic infection",possible,,P,SpontaneousAbortion,PrA
Spontaneous abortion,ICD10/CM,O03.1,"Spontaneous abortion, incomplete, complicated by delayed or excessive haemorrhage",C0156429,"Spontaneous abortion, incomplete, complicated by delayed or excessive hemorrhage",narrow,,P,SpontaneousAbortion,PrA
Spontaneous abortion,ICD10/CM,O06,Unspecified abortion,C0156543,Unspecified Abortion,possible,,P,SpontaneousAbortion,PrA
Spontaneous abortion,ICD10/CM,O05,Other abortion,C0477801,Other abortion,possible,,P,SpontaneousAbortion,PrA
Spontaneous abortion,ICD10/CM,O08.1,Delayed or excessive haemorrhage following abortion and ectopic and molar pregnancy,C0495168,Delayed or excessive hemorrhage following abortion and ectopic and molar pregnancy,possible,,P,SpontaneousAbortion,PrA
Spontaneous abortion,ICD10/CM,O03.2,"Spontaneous abortion, incomplete, complicated by embolism",C0404919,Embolism due to incomplete miscarriage,narrow,,P,SpontaneousAbortion,PrA
Spontaneous abortion,SCTSPA,16607004,aborto inadvertido,C0000814,Missed abortion,narrow,,P,SpontaneousAbortion,PrA
Spontaneous abortion,SCTSPA,156072005,aborto incompleto,C0000810,Incomplete spontaneous abortion,narrow,,P,SpontaneousAbortion,PrA
Spontaneous abortion,SCTSPA,267191002,"aborto espontáneo incompleto, SAI",C0000810,Incomplete spontaneous abortion,narrow,,P,SpontaneousAbortion,PrA
Spontaneous abortion,SCTSPA,16863000,aborto espontáneo incompleto,C0000810,Incomplete spontaneous abortion,narrow,,P,SpontaneousAbortion,PrA
Spontaneous abortion,SCTSPA,275425008,productos retenidos después de aborto espontáneo,C0000810,Incomplete spontaneous abortion,narrow,,P,SpontaneousAbortion,PrA
Spontaneous abortion,SCTSPA,198653008,aborto espontáneo incompleto sin mención de complicación,C0729205,"Spontaneous abortion, incomplete, without complication",narrow,,P,SpontaneousAbortion,PrA
Spontaneous abortion,SCTSPA,85116003,aborto espontáneo en el segundo trimestre,C0269389,Miscarriage in second trimester,narrow,,P,SpontaneousAbortion,PrA
Spontaneous abortion,SCTSPA,19169002,aborto espontáneo en el primer trimestre,C0269388,Miscarriage in first trimester,narrow,,P,SpontaneousAbortion,PrA
Spontaneous abortion,SCTSPA,391897002,legrado uterino por aspiración para interrupción de embarazo,C0004050,Aspiration curettage of uterus for termination of pregnancy,exclude,,P,SpontaneousAbortion,PrA
Spontaneous abortion,SCTSPA,60330007,aborto terapéutico mediante curetaje por aspiración,C0004050,Aspiration curettage of uterus for termination of pregnancy,exclude,,P,SpontaneousAbortion,PrA
Spontaneous abortion,SCTSPA,391896006,aborto terapéutico mediante legrado por aspiración,C0004050,Aspiration curettage of uterus for termination of pregnancy,exclude,,P,SpontaneousAbortion,PrA
Spontaneous abortion,SCTSPA,6176008,aborto micótico,C0276649,Mycotic abortion,narrow,,P,SpontaneousAbortion,PrA
Spontaneous abortion,SCTSPA,198647008,insuficiencia renal debida a aborto espontáneo incompleto y posterior a él,C0404922,Renal failure due to and following incomplete miscarriage,narrow,,P,SpontaneousAbortion,PrA
Spontaneous abortion,SCTSPA,198648003,aborto espontáneo incompleto con trastorno metabólico,C0404921,Metabolic disorder due to incomplete miscarriage,narrow,,P,SpontaneousAbortion,PrA
Spontaneous abortion,SCTSPA,198642002,aborto espontáneo no especificado sin mención de complicación,C0156459,"Spontaneous abortion, without mention of complication, unspecified",narrow,,P,SpontaneousAbortion,PrA
Spontaneous abortion,SCTSPA,198665007,"aborto espontáneo completo con complicación, SAI",C0156458,"Spontaneous abortion, with unspecified complication, complete",narrow,,P,SpontaneousAbortion,PrA
Spontaneous abortion,SCTSPA,198652003,"aborto espontáneo incompleto con complicación, SAI",C0156457,"Spontaneous abortion, with unspecified complication, incomplete",narrow,,P,SpontaneousAbortion,PrA
Spontaneous abortion,SCTSPA,413338003,aborto espontáneo incompleto con complicación,C0156457,"Spontaneous abortion, with unspecified complication, incomplete",narrow,,P,SpontaneousAbortion,PrA
Spontaneous abortion,SCTSPA,198641009,"aborto espontáneo no especificado con complicación, SAI",C0156456,Abortion spontaneous complicated,narrow,,P,SpontaneousAbortion,PrA
Spontaneous abortion,SCTSPA,34614007,aborto espontáneo con complicación,C0156456,Abortion spontaneous complicated,narrow,,P,SpontaneousAbortion,PrA
Spontaneous abortion,SCTSPA,198651005,aborto espontáneo incompleto con otra complicación especificada,C0156453,"Spontaneous abortion, with other specified complications, incomplete",narrow,,P,SpontaneousAbortion,PrA
Spontaneous abortion,SCTSPA,198640005,aborto espontáneo no especificado con otra complicación especificada,C0156452,"Spontaneous abortion, with other specified complications, unspecified",narrow,,P,SpontaneousAbortion,PrA
Spontaneous abortion,SCTSPA,8095007,legrado uterino por aspiración consecutivo a aborto,C0195651,Aspiration curettage of uterus after abortion,exclude,,P,SpontaneousAbortion,PrA
Spontaneous abortion,SCTSPA,28379004,dilatación y raspado del útero luego de un aborto,C0195650,Dilation and curettage of uterus after abortion,exclude,,P,SpontaneousAbortion,PrA
Spontaneous abortion,SCTSPA,109895008,retención de fragmentos placentarios,C0341967,Retained placental fragment,possible,,P,SpontaneousAbortion,PrA
Spontaneous abortion,SCTSPA,29171003,placenta atrapada,C0266778,Trapped placenta,possible,,P,SpontaneousAbortion,PrA
Spontaneous abortion,SCTSPA,58990004,aborto espontáneo complicado por lesión de órganos Y/O tejidos pélvicos,C0269403,Miscarriage complicated by damage to pelvic organs and/or tissues,narrow,,P,SpontaneousAbortion,PrA
Spontaneous abortion,SCTSPA,1148755000,productos de la concepción retenidos sin hemorragia,C5546682,Retained products of conception with no hemorrhage,possible,,P,SpontaneousAbortion,PrA
Spontaneous abortion,SCTSPA,371375002,secundinas retenidas,C0033270,Retained products of conception,possible,,P,SpontaneousAbortion,PrA
Spontaneous abortion,SCTSPA,371374003,productos de la concepción retenidos,C0033270,Retained products of conception,possible,,P,SpontaneousAbortion,PrA
Spontaneous abortion,SCTSPA,81002003,productos de la concepción retenidos,C0033270,Retained products of conception,possible,,P,SpontaneousAbortion,PrA
Spontaneous abortion,SCTSPA,69124005,aborto consumado (trastorno),C0233105,Abortion complete,narrow,,P,SpontaneousAbortion,PrA
Spontaneous abortion,SCTSPA,35999006,óvulo fertilizado no desarrollado,C0266648,Blighted ovum,narrow,,P,SpontaneousAbortion,PrA
Spontaneous abortion,SCTSPA,198643007,"aborto espontáneo no especificado, SAI",C0000786,Spontaneous abortion,narrow,,P,SpontaneousAbortion,PrA
Spontaneous abortion,SCTSPA,198631006,"aborto espontáneo, no especificado",C0000786,Spontaneous abortion,narrow,,P,SpontaneousAbortion,PrA
Spontaneous abortion,SCTSPA,198689000,"aborto espontáneo, SAI",C0000786,Spontaneous abortion,narrow,,P,SpontaneousAbortion,PrA
Spontaneous abortion,SCTSPA,156074006,"aborto espontáneo, SAI",C0000786,Spontaneous abortion,narrow,,P,SpontaneousAbortion,PrA
Spontaneous abortion,SCTSPA,1148619000,membrana uterina retenida sin hemorragia,C5546551,Retained uterine membrane without hemorrhage,possible,,P,SpontaneousAbortion,PrA
Spontaneous abortion,SCTSPA,699949009,placenta retenida debida a adherencia placentaria mórbida,C3697044,Retained placenta due to morbidly adherent placenta,possible,,P,SpontaneousAbortion,PrA
Spontaneous abortion,SCTSPA,111453004,"placenta retenida, sin hemorragia",C0269905,"Retained placenta, without hemorrhage",possible,,P,SpontaneousAbortion,PrA
Spontaneous abortion,SCTSPA,1148941002,retención de parte de la placenta y membrana uterina sin hemorragia,C5546791,Retention of part of placenta and uterine membrane without hemorrhage,possible,,P,SpontaneousAbortion,PrA
Spontaneous abortion,SCTSPA,1148942009,retención de parte de la placenta sin hemorragia,C5546792,Retention of part of placenta without hemorrhage,possible,,P,SpontaneousAbortion,PrA
Spontaneous abortion,SCTSPA,1148943004,retención de placenta y membrana uterina,C5546793,Retention of placenta and uterine membrane,possible,,P,SpontaneousAbortion,PrA
Spontaneous abortion,SCTSPA,44216000,"productos de la concepción retenidos, luego de parto con hemorragia",C0269901,"Retained products of conception, following delivery with hemorrhage",possible,,P,SpontaneousAbortion,PrA
Spontaneous abortion,SCTSPA,2781009,aborto espontáneo complicado por hemorragia tardía o excesiva,C0156427,Spontaneous abortion complicated by delayed or excessive hemorrhage,narrow,,P,SpontaneousAbortion,PrA
Spontaneous abortion,SCTSPA,156079001,Abortion NOS,C0156543,Unspecified Abortion,possible,,P,SpontaneousAbortion,PrA
Spontaneous abortion,SCTSPA,198780009,"aborto no especificado, SAI",C0156543,Unspecified Abortion,possible,,P,SpontaneousAbortion,PrA
Spontaneous abortion,SCTSPA,198880003,"embarazo y aborto, SAI",C0156543,Unspecified Abortion,possible,,P,SpontaneousAbortion,PrA
Spontaneous abortion,SCTSPA,156096000,"embarazo y aborto, SAI",C0156543,Unspecified Abortion,possible,,P,SpontaneousAbortion,PrA
Spontaneous abortion,SCTSPA,198769009,aborto no especificado,C0156543,Unspecified Abortion,possible,,P,SpontaneousAbortion,PrA
Spontaneous abortion,SCTSPA,70317007,aborto,C0156543,Unspecified Abortion,possible,,P,SpontaneousAbortion,PrA
Spontaneous abortion,SCTSPA,363681007,embarazo con aborto como desenlace,C0156543,Unspecified Abortion,possible,,P,SpontaneousAbortion,PrA
Spontaneous abortion,SCTSPA,267297005,"aborto, SAI",C0156543,Unspecified Abortion,possible,,P,SpontaneousAbortion,PrA
Spontaneous abortion,SCTSPA,198805006,"aborto no especificado, SAI",C0156543,Unspecified Abortion,possible,,P,SpontaneousAbortion,PrA
Spontaneous abortion,SCTSPA,198768001,aborto no especificado,C0156543,Unspecified Abortion,possible,,P,SpontaneousAbortion,PrA
Spontaneous abortion,SCTSPA,198656000,aborto espontáneo completo con hemorragia tardía o excesiva,C0473342,Complete miscarriage with delayed or excessive hemorrhage,narrow,,P,SpontaneousAbortion,PrA
Spontaneous abortion,SCTSPA,237242009,embarazo no viable,C0404844,Non-viable pregnancy,narrow,,P,SpontaneousAbortion,PrA
Spontaneous abortion,SCTSPA,156073000,aborto espontáneo completo,C1306041,Complete miscarriage,narrow,,P,SpontaneousAbortion,PrA
Spontaneous abortion,SCTSPA,198667004,"aborto espontáneo completo, SAI",C1306041,Complete miscarriage,narrow,,P,SpontaneousAbortion,PrA
Spontaneous abortion,SCTSPA,307733001,aborto completo inevitable,C0585601,Inevitable miscarriage complete,narrow,,P,SpontaneousAbortion,PrA
Spontaneous abortion,SCTSPA,109894007,placenta retenida,C0242669,"Placenta, Retained",possible,,P,SpontaneousAbortion,PrA
Spontaneous abortion,SCTSPA,237245006,síndrome del gemelo evanescente,C0404852,Vanishing twin syndrome,narrow,,P,SpontaneousAbortion,PrA
Spontaneous abortion,SCTSPA,445086005,embarazo químico,C2919902,Chemical pregnancy,narrow,,P,SpontaneousAbortion,PrA
Spontaneous abortion,SCTSPA,198660002,aborto espontáneo completo con trastorno metabólico,C0404904,Complete miscarriage with metabolic disorder,narrow,,P,SpontaneousAbortion,PrA
Spontaneous abortion,SCTSPA,198659007,aborto espontáneo completo con insuficiencia renal,C0404905,Complete miscarriage with renal failure,narrow,,P,SpontaneousAbortion,PrA
Spontaneous abortion,SCTSPA,198663000,aborto espontáneo completo con embolia,C0404902,Complete miscarriage with embolism,narrow,,P,SpontaneousAbortion,PrA
Spontaneous abortion,SCTSPA,198661003,aborto espontáneo completo con choque,C0404903,Complete miscarriage with shock,narrow,,P,SpontaneousAbortion,PrA
Spontaneous abortion,SCTSPA,200483009,[X]otro aborto provocado,C0477801,Other abortion,possible,,P,SpontaneousAbortion,PrA
Spontaneous abortion,SCTSPA,198657009,aborto espontáneo completo con daño de órganos o tejidos pélvicos,C0404906,Complete miscarriage with damage to pelvic organs or tissues,narrow,,P,SpontaneousAbortion,PrA
Spontaneous abortion,SCTSPA,198655001,aborto espontáneo completo con infección pélvica o del tracto genital,C0404907,Complete miscarriage with genital tract or pelvic infection,narrow,,P,SpontaneousAbortion,PrA
Spontaneous abortion,SCTSPA,43306002,aborto espontáneo complicado por embolia,C0156447,Miscarriage complicated by embolism,narrow,,P,SpontaneousAbortion,PrA
Spontaneous abortion,SCTSPA,17369002,aborto espontáneo,C4552766,Miscarriage,narrow,,P,SpontaneousAbortion,PrA
Spontaneous abortion,SCTSPA,198781008,aborto incompleto no especificado,C0812470,Unspecified abortion incomplete,possible,,P,SpontaneousAbortion,PrA
Spontaneous abortion,SCTSPA,198792009,"aborto incompleto no especificado, SAI",C0812470,Unspecified abortion incomplete,possible,,P,SpontaneousAbortion,PrA
Spontaneous abortion,SCTSPA,34270000,aborto espontáneo complicado por choque,C0156443,Miscarriage complicated by shock,narrow,,P,SpontaneousAbortion,PrA
Spontaneous abortion,SCTSPA,1148484005,membrana uterina retenida,C5546482,Retained uterine membrane,possible,,P,SpontaneousAbortion,PrA
Spontaneous abortion,SCTSPA,21737000,tejido fetal retenido,C0269282,Retained fetal tissue,narrow,,P,SpontaneousAbortion,PrA
Spontaneous abortion,SCTSPA,198650006,embolia debida a aborto espontáneo incompleto,C0404919,Embolism due to incomplete miscarriage,narrow,,P,SpontaneousAbortion,PrA
Spontaneous abortion,SCTSPA,10697004,aborto espontáneo complicado por insuficiencia renal,C0156435,Miscarriage complicated by renal failure,narrow,,P,SpontaneousAbortion,PrA
Spontaneous abortion,SCTSPA,13384007,aborto espontáneo complicado por trastorno metabólico,C0156439,Miscarriage complicated by metabolic disorder,narrow,,P,SpontaneousAbortion,PrA
Spontaneous abortion,SCTSPA,23793007,aborto espontáneo no complicado,C0269391,Spontaneous abortion without complication,narrow,,P,SpontaneousAbortion,PrA
Spontaneous abortion,RCD2,L041.,Spontaneous abortion incompl.,C0000810,Incomplete spontaneous abortion,narrow,,P,SpontaneousAbortion,PrA
Spontaneous abortion,RCD2,L010.,Anembryonic pregnancy,C0266648,Blighted ovum,narrow,,P,SpontaneousAbortion,PrA
Spontaneous abortion,RCD2,L042.,Spontaneous abortion complete,C1306041,Complete miscarriage,narrow,,P,SpontaneousAbortion,PrA
Spontaneous abortion,RCD2,L042z,Complete spontaneous abortion NOS,C1306041,Complete miscarriage,narrow,,P,SpontaneousAbortion,PrA
Spontaneous abortion,RCD2,Lyu02,[X]Other abortion,C0477801,Other abortion,possible,,P,SpontaneousAbortion,PrA
Spontaneous abortion,RCD2,L071.,Unspecif. abortion incomplete,C0812470,Unspecified abortion incomplete,possible,,P,SpontaneousAbortion,PrA
Spontaneous abortion,RCD2,L071z,Unspec.incomplete abortion NOS,C0812470,Unspecified abortion incomplete,possible,,P,SpontaneousAbortion,PrA
Spontaneous abortion,SNOMEDCT_US,16607004,Missed miscarriage,C0000814,Missed abortion,narrow,,P,SpontaneousAbortion,PrA
Spontaneous abortion,SNOMEDCT_US,267187007,Missed abortion,C0000814,Missed abortion,narrow,,P,SpontaneousAbortion,PrA
Spontaneous abortion,SNOMEDCT_US,156087000,Missed abortion,C0000814,Missed abortion,narrow,,P,SpontaneousAbortion,PrA
Spontaneous abortion,SNOMEDCT_US,198616002,Missed abortion,C0000814,Missed abortion,narrow,,P,SpontaneousAbortion,PrA
Spontaneous abortion,SNOMEDCT_US,156072005,Incomplete miscarriage,C0000810,Incomplete spontaneous abortion,narrow,,P,SpontaneousAbortion,PrA
Spontaneous abortion,SNOMEDCT_US,267191002,Incomplete spontaneous abortion NOS,C0000810,Incomplete spontaneous abortion,narrow,,P,SpontaneousAbortion,PrA
Spontaneous abortion,SNOMEDCT_US,16863000,Incomplete abortion,C0000810,Incomplete spontaneous abortion,narrow,,P,SpontaneousAbortion,PrA
Spontaneous abortion,SNOMEDCT_US,275425008,Retained products after miscarriage,C0000810,Incomplete spontaneous abortion,narrow,,P,SpontaneousAbortion,PrA
Spontaneous abortion,SNOMEDCT_US,198654002,Incomplete spontaneous abortion NOS,C0000810,Incomplete spontaneous abortion,narrow,,P,SpontaneousAbortion,PrA
Spontaneous abortion,SNOMEDCT_US,198653008,Incomplete spontaneous abortion with no mention of complication,C0729205,"Spontaneous abortion, incomplete, without complication",narrow,,P,SpontaneousAbortion,PrA
Spontaneous abortion,SNOMEDCT_US,85116003,Miscarriage in second trimester,C0269389,Miscarriage in second trimester,narrow,,P,SpontaneousAbortion,PrA
Spontaneous abortion,SNOMEDCT_US,19169002,Miscarriage in first trimester,C0269388,Miscarriage in first trimester,narrow,,P,SpontaneousAbortion,PrA
Spontaneous abortion,SNOMEDCT_US,391897002,Aspiration curettage of uterus for termination of pregnancy,C0004050,Aspiration curettage of uterus for termination of pregnancy,exclude,,P,SpontaneousAbortion,PrA
Spontaneous abortion,SNOMEDCT_US,60330007,Aspiration curettage of uterus for termination of pregnancy,C0004050,Aspiration curettage of uterus for termination of pregnancy,exclude,,P,SpontaneousAbortion,PrA
Spontaneous abortion,SNOMEDCT_US,149997001,Suction termination of pregnancy,C0004050,Aspiration curettage of uterus for termination of pregnancy,exclude,,P,SpontaneousAbortion,PrA
Spontaneous abortion,SNOMEDCT_US,391896006,Therapeutic termination of pregnancy by aspiration curettage,C0004050,Aspiration curettage of uterus for termination of pregnancy,exclude,,P,SpontaneousAbortion,PrA
Spontaneous abortion,SNOMEDCT_US,6176008,Mycotic abortion,C0276649,Mycotic abortion,narrow,,P,SpontaneousAbortion,PrA
Spontaneous abortion,SNOMEDCT_US,198647008,Renal failure due to and following incomplete miscarriage,C0404922,Renal failure due to and following incomplete miscarriage,narrow,,P,SpontaneousAbortion,PrA
Spontaneous abortion,SNOMEDCT_US,198648003,Metabolic disorder due to incomplete miscarriage,C0404921,Metabolic disorder due to incomplete miscarriage,narrow,,P,SpontaneousAbortion,PrA
Spontaneous abortion,SNOMEDCT_US,198642002,Unspecified spontaneous abortion without mention of complication,C0156459,"Spontaneous abortion, without mention of complication, unspecified",narrow,,P,SpontaneousAbortion,PrA
Spontaneous abortion,SNOMEDCT_US,198665007,Complete spontaneous abortion with complication NOS,C0156458,"Spontaneous abortion, with unspecified complication, complete",narrow,,P,SpontaneousAbortion,PrA
Spontaneous abortion,SNOMEDCT_US,198652003,Incomplete spontaneous abortion with complication NOS,C0156457,"Spontaneous abortion, with unspecified complication, incomplete",narrow,,P,SpontaneousAbortion,PrA
Spontaneous abortion,SNOMEDCT_US,413338003,Incomplete miscarriage with complication,C0156457,"Spontaneous abortion, with unspecified complication, incomplete",narrow,,P,SpontaneousAbortion,PrA
Spontaneous abortion,SNOMEDCT_US,198641009,Unspecified spontaneous abortion with complication NOS,C0156456,Abortion spontaneous complicated,narrow,,P,SpontaneousAbortion,PrA
Spontaneous abortion,SNOMEDCT_US,34614007,Miscarriage with complication,C0156456,Abortion spontaneous complicated,narrow,,P,SpontaneousAbortion,PrA
Spontaneous abortion,SNOMEDCT_US,156071003,Incomplete abortion,C1578780,Abortion: [spontaneous] or [complete] or [incomplete],possible,,P,SpontaneousAbortion,PrA
Spontaneous abortion,SNOMEDCT_US,267294003,Incomplete abortion,C1578780,Abortion: [spontaneous] or [complete] or [incomplete],possible,,P,SpontaneousAbortion,PrA
Spontaneous abortion,SNOMEDCT_US,198651005,Incomplete spontaneous abortion with other specified complication,C0156453,"Spontaneous abortion, with other specified complications, incomplete",narrow,,P,SpontaneousAbortion,PrA
Spontaneous abortion,SNOMEDCT_US,198640005,Unspecified spontaneous abortion with other specified complication,C0156452,"Spontaneous abortion, with other specified complications, unspecified",narrow,,P,SpontaneousAbortion,PrA
Spontaneous abortion,SNOMEDCT_US,8095007,Aspiration curettage of uterus after abortion,C0195651,Aspiration curettage of uterus after abortion,exclude,,P,SpontaneousAbortion,PrA
Spontaneous abortion,SNOMEDCT_US,28379004,Dilation and curettage of uterus after abortion,C0195650,Dilation and curettage of uterus after abortion,exclude,,P,SpontaneousAbortion,PrA
Spontaneous abortion,SNOMEDCT_US,109895008,Retained placental fragment,C0341967,Retained placental fragment,possible,,P,SpontaneousAbortion,PrA
Spontaneous abortion,SNOMEDCT_US,29171003,Trapped placenta,C0266778,Trapped placenta,possible,,P,SpontaneousAbortion,PrA
Spontaneous abortion,SNOMEDCT_US,58990004,Miscarriage complicated by damage to pelvic organs and/or tissues,C0269403,Miscarriage complicated by damage to pelvic organs and/or tissues,narrow,,P,SpontaneousAbortion,PrA
Spontaneous abortion,SNOMEDCT_US,1148755000,Retained products of conception with no hemorrhage,C5546682,Retained products of conception with no hemorrhage,possible,,P,SpontaneousAbortion,PrA
Spontaneous abortion,SNOMEDCT_US,156086009,Blighted ovum,C0701846,Carneous mole,narrow,,P,SpontaneousAbortion,PrA
Spontaneous abortion,SNOMEDCT_US,267299008,Blighted ovum,C0701846,Carneous mole,narrow,,P,SpontaneousAbortion,PrA
Spontaneous abortion,SNOMEDCT_US,371375002,Retained secundines,C0033270,Retained products of conception,possible,,P,SpontaneousAbortion,PrA
Spontaneous abortion,SNOMEDCT_US,371374003,Retained products of conception,C0033270,Retained products of conception,possible,,P,SpontaneousAbortion,PrA
Spontaneous abortion,SNOMEDCT_US,81002003,Retained products of conception,C0033270,Retained products of conception,possible,,P,SpontaneousAbortion,PrA
Spontaneous abortion,SNOMEDCT_US,69124005,Complete spontaneous abortion,C0233105,Abortion complete,narrow,,P,SpontaneousAbortion,PrA
Spontaneous abortion,SNOMEDCT_US,35999006,Blighted ovum,C0266648,Blighted ovum,narrow,,P,SpontaneousAbortion,PrA
Spontaneous abortion,SNOMEDCT_US,198643007,Unspecified spontaneous abortion NOS,C0000786,Spontaneous abortion,narrow,,P,SpontaneousAbortion,PrA
Spontaneous abortion,SNOMEDCT_US,198631006,Spontaneous abortion unspecified,C0000786,Spontaneous abortion,narrow,,P,SpontaneousAbortion,PrA
Spontaneous abortion,SNOMEDCT_US,198689000,Spontaneous abortion NOS,C0000786,Spontaneous abortion,narrow,,P,SpontaneousAbortion,PrA
Spontaneous abortion,SNOMEDCT_US,156074006,Spontaneous abortion NOS,C0000786,Spontaneous abortion,narrow,,P,SpontaneousAbortion,PrA
Spontaneous abortion,SNOMEDCT_US,1148619000,Retained uterine membrane without hemorrhage,C5546551,Retained uterine membrane without hemorrhage,possible,,P,SpontaneousAbortion,PrA
Spontaneous abortion,SNOMEDCT_US,386639001,Abortion,C0392535,Termination of pregnancy (procedure),possible,,P,SpontaneousAbortion,PrA
Spontaneous abortion,SNOMEDCT_US,699949009,Retained placenta due to morbidly adherent placenta,C3697044,Retained placenta due to morbidly adherent placenta,possible,,P,SpontaneousAbortion,PrA
Spontaneous abortion,SNOMEDCT_US,111453004,"Retained placenta, without hemorrhage",C0269905,"Retained placenta, without hemorrhage",possible,,P,SpontaneousAbortion,PrA
Spontaneous abortion,SNOMEDCT_US,1148941002,Retention of part of placenta and uterine membrane without hemorrhage,C5546791,Retention of part of placenta and uterine membrane without hemorrhage,possible,,P,SpontaneousAbortion,PrA
Spontaneous abortion,SNOMEDCT_US,1148942009,Retention of part of placenta without hemorrhage,C5546792,Retention of part of placenta without hemorrhage,possible,,P,SpontaneousAbortion,PrA
Spontaneous abortion,SNOMEDCT_US,1148943004,Retention of placenta and uterine membrane,C5546793,Retention of placenta and uterine membrane,possible,,P,SpontaneousAbortion,PrA
Spontaneous abortion,SNOMEDCT_US,44216000,"Retained products of conception, following delivery with hemorrhage",C0269901,"Retained products of conception, following delivery with hemorrhage",possible,,P,SpontaneousAbortion,PrA
Spontaneous abortion,SNOMEDCT_US,2781009,Miscarriage complicated by delayed and/or excessive haemorrhage,C0156427,Spontaneous abortion complicated by delayed or excessive hemorrhage,narrow,,P,SpontaneousAbortion,PrA
Spontaneous abortion,SNOMEDCT_US,156079001,Abortion NOS,C0156543,Unspecified Abortion,possible,,P,SpontaneousAbortion,PrA
Spontaneous abortion,SNOMEDCT_US,198780009,Unspecified abortion NOS,C0156543,Unspecified Abortion,possible,,P,SpontaneousAbortion,PrA
Spontaneous abortion,SNOMEDCT_US,198880003,Pregnancy with abortive outcome NOS,C0156543,Unspecified Abortion,possible,,P,SpontaneousAbortion,PrA
Spontaneous abortion,SNOMEDCT_US,198769009,Unspecified abortion,C0156543,Unspecified Abortion,possible,,P,SpontaneousAbortion,PrA
Spontaneous abortion,SNOMEDCT_US,70317007,Abortion,C0156543,Unspecified Abortion,possible,,P,SpontaneousAbortion,PrA
Spontaneous abortion,SNOMEDCT_US,363681007,Pregnancy with abortive outcome,C0156543,Unspecified Abortion,possible,,P,SpontaneousAbortion,PrA
Spontaneous abortion,SNOMEDCT_US,198805006,Unspecified abortion NOS,C0156543,Unspecified Abortion,possible,,P,SpontaneousAbortion,PrA
Spontaneous abortion,SNOMEDCT_US,198768001,Unspecified abortion,C0156543,Unspecified Abortion,possible,,P,SpontaneousAbortion,PrA
Spontaneous abortion,SNOMEDCT_US,156070002,Pregnancy with abortive outcome,C0156543,Unspecified Abortion,possible,,P,SpontaneousAbortion,PrA
Spontaneous abortion,SNOMEDCT_US,200480007,Pregnancy with abortive outcome,C0156543,Unspecified Abortion,possible,,P,SpontaneousAbortion,PrA
Spontaneous abortion,SNOMEDCT_US,156096000,Pregnancy with abortive outcome NOS,C0156543,Unspecified Abortion,possible,,P,SpontaneousAbortion,PrA
Spontaneous abortion,SNOMEDCT_US,267297005,Abortion NOS,C0156543,Unspecified Abortion,possible,,P,SpontaneousAbortion,PrA
Spontaneous abortion,SNOMEDCT_US,198656000,Complete miscarriage with delayed or excessive hemorrhage,C0473342,Complete miscarriage with delayed or excessive hemorrhage,narrow,,P,SpontaneousAbortion,PrA
Spontaneous abortion,SNOMEDCT_US,237242009,Non-viable pregnancy,C0404844,Non-viable pregnancy,narrow,,P,SpontaneousAbortion,PrA
Spontaneous abortion,SNOMEDCT_US,156073000,Complete miscarriage,C1306041,Complete miscarriage,narrow,,P,SpontaneousAbortion,PrA
Spontaneous abortion,SNOMEDCT_US,198667004,Complete spontaneous abortion NOS,C1306041,Complete miscarriage,narrow,,P,SpontaneousAbortion,PrA
Spontaneous abortion,SNOMEDCT_US,198682009,Inevitable abortion complete,C0585601,Inevitable miscarriage complete,narrow,,P,SpontaneousAbortion,PrA
Spontaneous abortion,SNOMEDCT_US,307733001,Inevitable miscarriage complete,C0585601,Inevitable miscarriage complete,narrow,,P,SpontaneousAbortion,PrA
Spontaneous abortion,SNOMEDCT_US,109894007,Retained placenta,C0242669,"Placenta, Retained",possible,,P,SpontaneousAbortion,PrA
Spontaneous abortion,SNOMEDCT_US,237245006,Vanishing twin syndrome,C0404852,Vanishing twin syndrome,narrow,,P,SpontaneousAbortion,PrA
Spontaneous abortion,SNOMEDCT_US,445086005,Chemical pregnancy,C2919902,Chemical pregnancy,narrow,,P,SpontaneousAbortion,PrA
Spontaneous abortion,SNOMEDCT_US,198660002,Complete miscarriage with metabolic disorder,C0404904,Complete miscarriage with metabolic disorder,narrow,,P,SpontaneousAbortion,PrA
Spontaneous abortion,SNOMEDCT_US,198659007,Complete miscarriage with renal failure,C0404905,Complete miscarriage with renal failure,narrow,,P,SpontaneousAbortion,PrA
Spontaneous abortion,SNOMEDCT_US,198663000,Complete miscarriage with embolism,C0404902,Complete miscarriage with embolism,narrow,,P,SpontaneousAbortion,PrA
Spontaneous abortion,SNOMEDCT_US,198661003,Complete miscarriage with shock,C0404903,Complete miscarriage with shock,narrow,,P,SpontaneousAbortion,PrA
Spontaneous abortion,SNOMEDCT_US,200483009,[X]Other abortion,C0477801,Other abortion,possible,,P,SpontaneousAbortion,PrA
Spontaneous abortion,SNOMEDCT_US,198657009,Complete miscarriage with damage to pelvic organs or tissues,C0404906,Complete miscarriage with damage to pelvic organs or tissues,narrow,,P,SpontaneousAbortion,PrA
Spontaneous abortion,SNOMEDCT_US,198655001,Complete miscarriage with genital tract or pelvic infection,C0404907,Complete miscarriage with genital tract or pelvic infection,narrow,,P,SpontaneousAbortion,PrA
Spontaneous abortion,SNOMEDCT_US,43306002,Miscarriage complicated by embolism,C0156447,Miscarriage complicated by embolism,narrow,,P,SpontaneousAbortion,PrA
Spontaneous abortion,SNOMEDCT_US,17369002,Miscarriage,C4552766,Miscarriage,narrow,,P,SpontaneousAbortion,PrA
Spontaneous abortion,SNOMEDCT_US,198781008,Unspecified abortion incomplete,C0812470,Unspecified abortion incomplete,possible,,P,SpontaneousAbortion,PrA
Spontaneous abortion,SNOMEDCT_US,198792009,Unspecified incomplete abortion NOS,C0812470,Unspecified abortion incomplete,possible,,P,SpontaneousAbortion,PrA
Spontaneous abortion,SNOMEDCT_US,34270000,Miscarriage complicated by shock,C0156443,Miscarriage complicated by shock,narrow,,P,SpontaneousAbortion,PrA
Spontaneous abortion,SNOMEDCT_US,1148484005,Retained uterine membrane,C5546482,Retained uterine membrane,possible,,P,SpontaneousAbortion,PrA
Spontaneous abortion,SNOMEDCT_US,21737000,Retained fetal tissue,C0269282,Retained fetal tissue,narrow,,P,SpontaneousAbortion,PrA
Spontaneous abortion,SNOMEDCT_US,198650006,Embolism due to incomplete miscarriage,C0404919,Embolism due to incomplete miscarriage,narrow,,P,SpontaneousAbortion,PrA
Spontaneous abortion,SNOMEDCT_US,10697004,Miscarriage complicated by renal failure,C0156435,Miscarriage complicated by renal failure,narrow,,P,SpontaneousAbortion,PrA
Spontaneous abortion,SNOMEDCT_US,13384007,Miscarriage complicated by metabolic disorder,C0156439,Miscarriage complicated by metabolic disorder,narrow,,P,SpontaneousAbortion,PrA
Spontaneous abortion,SNOMEDCT_US,23793007,Miscarriage without complication,C0269391,Spontaneous abortion without complication,narrow,,P,SpontaneousAbortion,PrA
Spontaneous abortion,MTHICD9,646.33,"Habitual aborter, antepartum condition or complication",C0156743,"Recurrent pregnancy loss, antepartum condition or complication",exclude,,P,SpontaneousAbortion,PrA
Spontaneous abortion,MTHICD9,646.31,"Habitual aborter, delivered, with or without mention of antepartum condition",C0156742,"Recurrent pregnancy loss, delivered, with or without mention of antepartum condition",exclude,,P,SpontaneousAbortion,PrA
Spontaneous abortion,MTHICD9,631,Chemical pregnancy,C0000000,Unassociated custom codes,narrow,,P,SpontaneousAbortion,PrA
Spontaneous abortion,MTHICD9,637,Unspecified type of abortion- unspecified- complicated by genital tract and pelvic infection,C0000000,Unassociated custom codes,possible,,P,SpontaneousAbortion,PrA
Spontaneous abortion,MTHICD9,631.8,Blighted ovum,C0266648,Blighted ovum,narrow,,P,SpontaneousAbortion,PrA
Spontaneous abortion,MTHICD9,761.8,"Spontaneous abortion, fetus",C0000786,Spontaneous abortion,exclude,,P,SpontaneousAbortion,PrA
Spontaneous abortion,MTHICD9,637.00,"Unspecified type of abortion, unspecified, complicated by genital tract and pelvic infection",C0156545,"Unspecified abortion, complicated by genital tract and pelvic infection, unspecified",possible,,P,SpontaneousAbortion,PrA
Spontaneous abortion,MTHICD9,631.0,Chemical pregnancy,C2919902,Chemical pregnancy,narrow,,P,SpontaneousAbortion,PrA
